InvoiceID,Year,Month,Quarter,MonthName,ProductCategory,Quantity,IsSeasonal,MonthlyRevenue
INV-00005,2019,1,Q1,Jan,Tables and Benches,1,0,337921
INV-00005,2019,1,Q1,Jan,Flower Pots,1,0,337921
INV-00016,2019,1,Q1,Jan,Temple Items,1,1,337921
INV-00016,2019,1,Q1,Jan,Flower Pots,2,0,337921
INV-00016,2019,1,Q1,Jan,Garden Animal Moulds,1,0,337921
INV-00021,2019,1,Q1,Jan,Chemical Proof Tanks,1,1,337921
INV-00001,2019,1,Q1,Jan,Slab Moulds,1,1,337921
INV-00001,2019,1,Q1,Jan,Kanu Moulds,2,0,337921
INV-00001,2019,1,Q1,Jan,Beeralu Moulds,1,0,337921
INV-00003,2019,1,Q1,Jan,Molding Pati,1,1,337921
INV-00003,2019,1,Q1,Jan,Kalugal Moulds,1,1,337921
INV-00003,2019,1,Q1,Jan,Silparan Kota,1,1,337921
INV-00003,2019,1,Q1,Jan,Beeralu Moulds,1,0,337921
INV-00017,2019,1,Q1,Jan,Molding Pati,1,1,337921
INV-00017,2019,1,Q1,Jan,Silparan Kota,1,1,337921
INV-00017,2019,1,Q1,Jan,Slab Moulds,1,1,337921
INV-00043,2019,1,Q1,Jan,Loover,1,1,337921
INV-00043,2019,1,Q1,Jan,Roofing Sheets,1,1,337921
INV-00011,2019,1,Q1,Jan,Molding Pati,1,1,337921
INV-00025,2019,1,Q1,Jan,Bathik Tanks,1,1,337921
INV-00025,2019,1,Q1,Jan,Water Proof Tanks,1,1,337921
INV-00035,2019,1,Q1,Jan,Flower Pots,6,0,337921
INV-00035,2019,1,Q1,Jan,Tables and Benches,1,0,337921
INV-00035,2019,1,Q1,Jan,Garden Animal Moulds,3,0,337921
INV-00002,2019,1,Q1,Jan,Molding Pati,1,1,337921
INV-00006,2019,1,Q1,Jan,Water Proof Tanks,1,1,337921
INV-00029,2019,1,Q1,Jan,Bathik Tanks,1,1,337921
INV-00029,2019,1,Q1,Jan,Chemical Proof Tanks,1,1,337921
INV-00029,2019,1,Q1,Jan,Water Proof Tanks,1,1,337921
INV-00033,2019,1,Q1,Jan,Garden Animal Moulds,1,0,337921
INV-00012,2019,1,Q1,Jan,Temple Items,1,1,337921
INV-00030,2019,1,Q1,Jan,Roofing Sheets,1,1,337921
INV-00030,2019,1,Q1,Jan,Interlock,3,0,337921
INV-00039,2019,1,Q1,Jan,Kalugal Moulds,1,1,337921
INV-00022,2019,1,Q1,Jan,Loover,1,1,337921
INV-00022,2019,1,Q1,Jan,Doors,1,1,337921
INV-00034,2019,1,Q1,Jan,Doors,1,1,337921
INV-00015,2019,1,Q1,Jan,Interlock,1,0,337921
INV-00014,2019,1,Q1,Jan,Kanu Moulds,4,0,337921
INV-00042,2019,1,Q1,Jan,Chemical Proof Tanks,1,1,337921
INV-00009,2019,1,Q1,Jan,Kanu Moulds,1,0,337921
INV-00009,2019,1,Q1,Jan,Kalugal Moulds,1,1,337921
INV-00024,2019,1,Q1,Jan,Chemical Proof Tanks,1,1,337921
INV-00024,2019,1,Q1,Jan,Bathik Tanks,1,1,337921
INV-00024,2019,1,Q1,Jan,Water Proof Tanks,1,1,337921
INV-00004,2019,1,Q1,Jan,Molding Pati,1,1,337921
INV-00004,2019,1,Q1,Jan,Kalugal Moulds,1,1,337921
INV-00007,2019,1,Q1,Jan,Molding Pati,2,1,337921
INV-00007,2019,1,Q1,Jan,Kanu Moulds,5,0,337921
INV-00018,2019,1,Q1,Jan,Garden Animal Moulds,1,0,337921
INV-00018,2019,1,Q1,Jan,Flower Pots,3,0,337921
INV-00018,2019,1,Q1,Jan,Tables and Benches,1,0,337921
INV-00031,2019,1,Q1,Jan,Temple Items,1,1,337921
INV-00031,2019,1,Q1,Jan,Garden Animal Moulds,1,0,337921
INV-00031,2019,1,Q1,Jan,Flower Pots,3,0,337921
INV-00040,2019,1,Q1,Jan,Flower Pots,6,0,337921
INV-00020,2019,1,Q1,Jan,Roofing Sheets,1,1,337921
INV-00020,2019,1,Q1,Jan,Doors,1,1,337921
INV-00020,2019,1,Q1,Jan,Interlock,1,0,337921
INV-00020,2019,1,Q1,Jan,Loover,1,1,337921
INV-00041,2019,1,Q1,Jan,Interlock,1,0,337921
INV-00041,2019,1,Q1,Jan,Tables and Benches,1,0,337921
INV-00041,2019,1,Q1,Jan,Garden Animal Moulds,1,0,337921
INV-00019,2019,1,Q1,Jan,Tables and Benches,1,0,337921
INV-00019,2019,1,Q1,Jan,Flower Pots,8,0,337921
INV-00028,2019,1,Q1,Jan,Flower Pots,2,0,337921
INV-00028,2019,1,Q1,Jan,Tables and Benches,1,0,337921
INV-00037,2019,1,Q1,Jan,Interlock,1,0,337921
INV-00037,2019,1,Q1,Jan,Doors,1,1,337921
INV-00026,2019,1,Q1,Jan,Kanu Moulds,3,0,337921
INV-00026,2019,1,Q1,Jan,Beeralu Moulds,2,0,337921
INV-00027,2019,1,Q1,Jan,Kalugal Moulds,1,1,337921
INV-00008,2019,1,Q1,Jan,Kalugal Moulds,1,1,337921
INV-00008,2019,1,Q1,Jan,Silparan Kota,1,1,337921
INV-00008,2019,1,Q1,Jan,Molding Pati,1,1,337921
INV-00013,2019,1,Q1,Jan,Flower Pots,1,0,337921
INV-00032,2019,1,Q1,Jan,Tables and Benches,1,0,337921
INV-00032,2019,1,Q1,Jan,Flower Pots,8,0,337921
INV-00032,2019,1,Q1,Jan,Garden Animal Moulds,1,0,337921
INV-00010,2019,1,Q1,Jan,Temple Items,1,1,337921
INV-00010,2019,1,Q1,Jan,Flower Pots,10,0,337921
INV-00010,2019,1,Q1,Jan,Garden Animal Moulds,1,0,337921
INV-00023,2019,1,Q1,Jan,Slab Moulds,2,1,337921
INV-00036,2019,1,Q1,Jan,Slab Moulds,1,1,337921
INV-00036,2019,1,Q1,Jan,Beeralu Moulds,1,0,337921
INV-00036,2019,1,Q1,Jan,Molding Pati,1,1,337921
INV-00038,2019,1,Q1,Jan,Bathik Tanks,1,1,337921
INV-00044,2019,2,Q1,Feb,Interlock,1,1,607515
INV-00079,2019,2,Q1,Feb,Flower Pots,1,0,607515
INV-00079,2019,2,Q1,Feb,Garden Animal Moulds,1,0,607515
INV-00079,2019,2,Q1,Feb,Temple Items,1,0,607515
INV-00065,2019,2,Q1,Feb,Temple Items,1,0,607515
INV-00065,2019,2,Q1,Feb,Garden Animal Moulds,1,0,607515
INV-00056,2019,2,Q1,Feb,Beeralu Moulds,1,1,607515
INV-00056,2019,2,Q1,Feb,Kalugal Moulds,1,1,607515
INV-00085,2019,2,Q1,Feb,Interlock,1,1,607515
INV-00085,2019,2,Q1,Feb,Garden Animal Moulds,3,0,607515
INV-00059,2019,2,Q1,Feb,Beeralu Moulds,2,1,607515
INV-00059,2019,2,Q1,Feb,Slab Moulds,2,1,607515
INV-00059,2019,2,Q1,Feb,Garden Animal Moulds,3,0,607515
INV-00069,2019,2,Q1,Feb,Interlock,1,1,607515
INV-00069,2019,2,Q1,Feb,Tables and Benches,1,0,607515
INV-00058,2019,2,Q1,Feb,Interlock,1,1,607515
INV-00058,2019,2,Q1,Feb,Roofing Sheets,1,1,607515
INV-00072,2019,2,Q1,Feb,Kalugal Moulds,1,1,607515
INV-00064,2019,2,Q1,Feb,Interlock,2,1,607515
INV-00075,2019,2,Q1,Feb,Garden Animal Moulds,2,0,607515
INV-00077,2019,2,Q1,Feb,Loover,1,1,607515
INV-00077,2019,2,Q1,Feb,Interlock,1,1,607515
INV-00061,2019,2,Q1,Feb,Kanu Moulds,1,1,607515
INV-00062,2019,2,Q1,Feb,Garden Animal Moulds,1,0,607515
INV-00062,2019,2,Q1,Feb,Flower Pots,20,0,607515
INV-00062,2019,2,Q1,Feb,Tables and Benches,1,0,607515
INV-00062,2019,2,Q1,Feb,Interlock,16,1,607515
INV-00047,2019,2,Q1,Feb,Bathik Tanks,2,1,607515
INV-00047,2019,2,Q1,Feb,Chemical Proof Tanks,1,1,607515
INV-00046,2019,2,Q1,Feb,Chemical Proof Tanks,1,1,607515
INV-00046,2019,2,Q1,Feb,Bathik Tanks,1,1,607515
INV-00053,2019,2,Q1,Feb,Chemical Proof Tanks,1,1,607515
INV-00081,2019,2,Q1,Feb,Roofing Sheets,1,1,607515
INV-00081,2019,2,Q1,Feb,Loover,1,1,607515
INV-00084,2019,2,Q1,Feb,Interlock,1,1,607515
INV-00084,2019,2,Q1,Feb,Doors,1,1,607515
INV-00048,2019,2,Q1,Feb,Silparan Kota,25,1,607515
INV-00048,2019,2,Q1,Feb,Kalugal Moulds,4,1,607515
INV-00055,2019,2,Q1,Feb,Garden Animal Moulds,1,0,607515
INV-00055,2019,2,Q1,Feb,Interlock,1,1,607515
INV-00060,2019,2,Q1,Feb,Tables and Benches,1,0,607515
INV-00060,2019,2,Q1,Feb,Garden Animal Moulds,1,0,607515
INV-00074,2019,2,Q1,Feb,Slab Moulds,1,1,607515
INV-00080,2019,2,Q1,Feb,Kanu Moulds,1,1,607515
INV-00051,2019,2,Q1,Feb,Molding Pati,1,1,607515
INV-00067,2019,2,Q1,Feb,Slab Moulds,1,1,607515
INV-00071,2019,2,Q1,Feb,Flower Pots,10,0,607515
INV-00071,2019,2,Q1,Feb,Interlock,1,1,607515
INV-00071,2019,2,Q1,Feb,Garden Animal Moulds,1,0,607515
INV-00076,2019,2,Q1,Feb,Silparan Kota,2,1,607515
INV-00083,2019,2,Q1,Feb,Doors,1,1,607515
INV-00070,2019,2,Q1,Feb,Chemical Proof Tanks,1,1,607515
INV-00070,2019,2,Q1,Feb,Bathik Tanks,1,1,607515
INV-00070,2019,2,Q1,Feb,Water Proof Tanks,1,1,607515
INV-00045,2019,2,Q1,Feb,Kalugal Moulds,1,1,607515
INV-00045,2019,2,Q1,Feb,Beeralu Moulds,2,1,607515
INV-00045,2019,2,Q1,Feb,Silparan Kota,1,1,607515
INV-00045,2019,2,Q1,Feb,Slab Moulds,1,1,607515
INV-00052,2019,2,Q1,Feb,Interlock,1,1,607515
INV-00078,2019,2,Q1,Feb,Slab Moulds,1,1,607515
INV-00068,2019,2,Q1,Feb,Kanu Moulds,5,1,607515
INV-00068,2019,2,Q1,Feb,Slab Moulds,2,1,607515
INV-00073,2019,2,Q1,Feb,Interlock,1,1,607515
INV-00073,2019,2,Q1,Feb,Garden Animal Moulds,1,0,607515
INV-00073,2019,2,Q1,Feb,Flower Pots,1,0,607515
INV-00050,2019,2,Q1,Feb,Bathik Tanks,1,1,607515
INV-00050,2019,2,Q1,Feb,Chemical Proof Tanks,1,1,607515
INV-00054,2019,2,Q1,Feb,Slab Moulds,1,1,607515
INV-00054,2019,2,Q1,Feb,Silparan Kota,2,1,607515
INV-00054,2019,2,Q1,Feb,Kalugal Moulds,1,1,607515
INV-00082,2019,2,Q1,Feb,Chemical Proof Tanks,1,1,607515
INV-00082,2019,2,Q1,Feb,Water Proof Tanks,1,1,607515
INV-00082,2019,2,Q1,Feb,Bathik Tanks,1,1,607515
INV-00082,2019,2,Q1,Feb,Slab Moulds,1,1,607515
INV-00063,2019,2,Q1,Feb,Molding Pati,1,1,607515
INV-00063,2019,2,Q1,Feb,Slab Moulds,1,1,607515
INV-00057,2019,2,Q1,Feb,Garden Animal Moulds,1,0,607515
INV-00057,2019,2,Q1,Feb,Interlock,1,1,607515
INV-00057,2019,2,Q1,Feb,Tables and Benches,1,0,607515
INV-00066,2019,2,Q1,Feb,Silparan Kota,5,1,607515
INV-00066,2019,2,Q1,Feb,Kalugal Moulds,4,1,607515
INV-00066,2019,2,Q1,Feb,Kanu Moulds,10,1,607515
INV-00066,2019,2,Q1,Feb,Slab Moulds,2,1,607515
INV-00049,2019,2,Q1,Feb,Bathik Tanks,1,1,607515
INV-00101,2019,3,Q1,Mar,Interlock,1,1,273158
INV-00101,2019,3,Q1,Mar,Doors,1,1,273158
INV-00108,2019,3,Q1,Mar,Beeralu Moulds,1,1,273158
INV-00097,2019,3,Q1,Mar,Loover,1,1,273158
INV-00097,2019,3,Q1,Mar,Doors,1,1,273158
INV-00097,2019,3,Q1,Mar,Roofing Sheets,1,1,273158
INV-00111,2019,3,Q1,Mar,Kanu Moulds,1,1,273158
INV-00111,2019,3,Q1,Mar,Kalugal Moulds,1,1,273158
INV-00090,2019,3,Q1,Mar,Doors,1,1,273158
INV-00095,2019,3,Q1,Mar,Flower Pots,2,1,273158
INV-00095,2019,3,Q1,Mar,Temple Items,1,0,273158
INV-00095,2019,3,Q1,Mar,Garden Animal Moulds,1,1,273158
INV-00092,2019,3,Q1,Mar,Kalugal Moulds,1,1,273158
INV-00092,2019,3,Q1,Mar,Kanu Moulds,3,1,273158
INV-00110,2019,3,Q1,Mar,Slab Moulds,1,1,273158
INV-00110,2019,3,Q1,Mar,Molding Pati,2,1,273158
INV-00110,2019,3,Q1,Mar,Silparan Kota,13,1,273158
INV-00110,2019,3,Q1,Mar,Flower Pots,8,1,273158
INV-00106,2019,3,Q1,Mar,Flower Pots,5,1,273158
INV-00106,2019,3,Q1,Mar,Temple Items,1,0,273158
INV-00098,2019,3,Q1,Mar,Silparan Kota,1,1,273158
INV-00113,2019,3,Q1,Mar,Silparan Kota,1,1,273158
INV-00113,2019,3,Q1,Mar,Kalugal Moulds,1,1,273158
INV-00086,2019,3,Q1,Mar,Kanu Moulds,1,1,273158
INV-00086,2019,3,Q1,Mar,Silparan Kota,4,1,273158
INV-00086,2019,3,Q1,Mar,Molding Pati,2,1,273158
INV-00103,2019,3,Q1,Mar,Beeralu Moulds,20,1,273158
INV-00103,2019,3,Q1,Mar,Slab Moulds,1,1,273158
INV-00103,2019,3,Q1,Mar,Kanu Moulds,10,1,273158
INV-00099,2019,3,Q1,Mar,Interlock,2,1,273158
INV-00099,2019,3,Q1,Mar,Doors,1,1,273158
INV-00099,2019,3,Q1,Mar,Loover,1,1,273158
INV-00099,2019,3,Q1,Mar,Roofing Sheets,1,1,273158
INV-00105,2019,3,Q1,Mar,Bathik Tanks,1,1,273158
INV-00109,2019,3,Q1,Mar,Loover,1,1,273158
INV-00109,2019,3,Q1,Mar,Doors,1,1,273158
INV-00109,2019,3,Q1,Mar,Interlock,2,1,273158
INV-00091,2019,3,Q1,Mar,Kalugal Moulds,1,1,273158
INV-00096,2019,3,Q1,Mar,Chemical Proof Tanks,1,1,273158
INV-00096,2019,3,Q1,Mar,Bathik Tanks,1,1,273158
INV-00107,2019,3,Q1,Mar,Interlock,1,1,273158
INV-00107,2019,3,Q1,Mar,Roofing Sheets,1,1,273158
INV-00107,2019,3,Q1,Mar,Doors,1,1,273158
INV-00112,2019,3,Q1,Mar,Silparan Kota,1,1,273158
INV-00112,2019,3,Q1,Mar,Kalugal Moulds,1,1,273158
INV-00112,2019,3,Q1,Mar,Slab Moulds,1,1,273158
INV-00112,2019,3,Q1,Mar,Molding Pati,1,1,273158
INV-00088,2019,3,Q1,Mar,Silparan Kota,1,1,273158
INV-00087,2019,3,Q1,Mar,Molding Pati,8,1,273158
INV-00089,2019,3,Q1,Mar,Kalugal Moulds,1,1,273158
INV-00089,2019,3,Q1,Mar,Silparan Kota,11,1,273158
INV-00089,2019,3,Q1,Mar,Beeralu Moulds,1,1,273158
INV-00094,2019,3,Q1,Mar,Loover,2,1,273158
INV-00094,2019,3,Q1,Mar,Doors,1,1,273158
INV-00102,2019,3,Q1,Mar,Tables and Benches,1,1,273158
INV-00102,2019,3,Q1,Mar,Interlock,1,1,273158
INV-00102,2019,3,Q1,Mar,Garden Animal Moulds,1,1,273158
INV-00104,2019,3,Q1,Mar,Roofing Sheets,1,1,273158
INV-00104,2019,3,Q1,Mar,Loover,1,1,273158
INV-00104,2019,3,Q1,Mar,Doors,1,1,273158
INV-00093,2019,3,Q1,Mar,Chemical Proof Tanks,1,1,273158
INV-00100,2019,3,Q1,Mar,Loover,1,1,273158
INV-00114,2019,3,Q1,Mar,Beeralu Moulds,1,1,273158
INV-00122,2019,4,Q2,Apr,Roofing Sheets,1,1,392600
INV-00115,2019,4,Q2,Apr,Kalugal Moulds,1,1,392600
INV-00115,2019,4,Q2,Apr,Kanu Moulds,1,1,392600
INV-00140,2019,4,Q2,Apr,Interlock,1,1,392600
INV-00140,2019,4,Q2,Apr,Doors,1,1,392600
INV-00140,2019,4,Q2,Apr,Roofing Sheets,1,1,392600
INV-00146,2019,4,Q2,Apr,Kanu Moulds,1,1,392600
INV-00148,2019,4,Q2,Apr,Flower Pots,8,1,392600
INV-00148,2019,4,Q2,Apr,Interlock,1,1,392600
INV-00150,2019,4,Q2,Apr,Interlock,1,1,392600
INV-00144,2019,4,Q2,Apr,Molding Pati,9,1,392600
INV-00144,2019,4,Q2,Apr,Kanu Moulds,8,1,392600
INV-00134,2019,4,Q2,Apr,Molding Pati,1,1,392600
INV-00134,2019,4,Q2,Apr,Kalugal Moulds,1,1,392600
INV-00134,2019,4,Q2,Apr,Beeralu Moulds,1,1,392600
INV-00141,2019,4,Q2,Apr,Water Proof Tanks,1,1,392600
INV-00141,2019,4,Q2,Apr,Chemical Proof Tanks,1,1,392600
INV-00141,2019,4,Q2,Apr,Bathik Tanks,2,0,392600
INV-00127,2019,4,Q2,Apr,Interlock,1,1,392600
INV-00127,2019,4,Q2,Apr,Doors,1,1,392600
INV-00142,2019,4,Q2,Apr,Roofing Sheets,1,1,392600
INV-00142,2019,4,Q2,Apr,Interlock,1,1,392600
INV-00124,2019,4,Q2,Apr,Loover,1,0,392600
INV-00124,2019,4,Q2,Apr,Doors,1,1,392600
INV-00135,2019,4,Q2,Apr,Interlock,2,1,392600
INV-00119,2019,4,Q2,Apr,Garden Animal Moulds,1,1,392600
INV-00117,2019,4,Q2,Apr,Kalugal Moulds,1,1,392600
INV-00137,2019,4,Q2,Apr,Kalugal Moulds,1,1,392600
INV-00137,2019,4,Q2,Apr,Kanu Moulds,1,1,392600
INV-00147,2019,4,Q2,Apr,Temple Items,1,1,392600
INV-00147,2019,4,Q2,Apr,Garden Animal Moulds,1,1,392600
INV-00123,2019,4,Q2,Apr,Kanu Moulds,1,1,392600
INV-00123,2019,4,Q2,Apr,Kalugal Moulds,1,1,392600
INV-00120,2019,4,Q2,Apr,Beeralu Moulds,2,1,392600
INV-00120,2019,4,Q2,Apr,Silparan Kota,4,0,392600
INV-00139,2019,4,Q2,Apr,Roofing Sheets,1,1,392600
INV-00139,2019,4,Q2,Apr,Interlock,1,1,392600
INV-00139,2019,4,Q2,Apr,Doors,1,1,392600
INV-00116,2019,4,Q2,Apr,Garden Animal Moulds,1,1,392600
INV-00116,2019,4,Q2,Apr,Temple Items,2,1,392600
INV-00118,2019,4,Q2,Apr,Garden Animal Moulds,1,1,392600
INV-00130,2019,4,Q2,Apr,Bathik Tanks,1,0,392600
INV-00130,2019,4,Q2,Apr,Water Proof Tanks,1,1,392600
INV-00136,2019,4,Q2,Apr,Silparan Kota,13,0,392600
INV-00136,2019,4,Q2,Apr,Molding Pati,1,1,392600
INV-00136,2019,4,Q2,Apr,Kalugal Moulds,1,1,392600
INV-00136,2019,4,Q2,Apr,Roofing Sheets,1,1,392600
INV-00151,2019,4,Q2,Apr,Tables and Benches,1,1,392600
INV-00151,2019,4,Q2,Apr,Garden Animal Moulds,2,1,392600
INV-00128,2019,4,Q2,Apr,Flower Pots,18,1,392600
INV-00143,2019,4,Q2,Apr,Kalugal Moulds,1,1,392600
INV-00143,2019,4,Q2,Apr,Beeralu Moulds,1,1,392600
INV-00145,2019,4,Q2,Apr,Slab Moulds,1,1,392600
INV-00129,2019,4,Q2,Apr,Interlock,1,1,392600
INV-00129,2019,4,Q2,Apr,Roofing Sheets,1,1,392600
INV-00126,2019,4,Q2,Apr,Slab Moulds,1,1,392600
INV-00126,2019,4,Q2,Apr,Kalugal Moulds,1,1,392600
INV-00126,2019,4,Q2,Apr,Beeralu Moulds,1,1,392600
INV-00132,2019,4,Q2,Apr,Kalugal Moulds,1,1,392600
INV-00132,2019,4,Q2,Apr,Beeralu Moulds,1,1,392600
INV-00133,2019,4,Q2,Apr,Molding Pati,1,1,392600
INV-00133,2019,4,Q2,Apr,Slab Moulds,1,1,392600
INV-00121,2019,4,Q2,Apr,Beeralu Moulds,4,1,392600
INV-00121,2019,4,Q2,Apr,Kalugal Moulds,1,1,392600
INV-00121,2019,4,Q2,Apr,Slab Moulds,1,1,392600
INV-00121,2019,4,Q2,Apr,Kanu Moulds,1,1,392600
INV-00125,2019,4,Q2,Apr,Doors,1,1,392600
INV-00125,2019,4,Q2,Apr,Interlock,2,1,392600
INV-00125,2019,4,Q2,Apr,Roofing Sheets,2,1,392600
INV-00131,2019,4,Q2,Apr,Tables and Benches,1,1,392600
INV-00138,2019,4,Q2,Apr,Kalugal Moulds,1,1,392600
INV-00149,2019,4,Q2,Apr,Temple Items,4,1,392600
INV-00149,2019,4,Q2,Apr,Garden Animal Moulds,5,1,392600
INV-00161,2019,5,Q2,May,Water Proof Tanks,1,1,452002
INV-00161,2019,5,Q2,May,Chemical Proof Tanks,1,0,452002
INV-00161,2019,5,Q2,May,Bathik Tanks,1,0,452002
INV-00171,2019,5,Q2,May,Flower Pots,9,1,452002
INV-00171,2019,5,Q2,May,Temple Items,1,0,452002
INV-00171,2019,5,Q2,May,Garden Animal Moulds,4,1,452002
INV-00155,2019,5,Q2,May,Beeralu Moulds,2,0,452002
INV-00155,2019,5,Q2,May,Kalugal Moulds,4,1,452002
INV-00172,2019,5,Q2,May,Bathik Tanks,1,0,452002
INV-00172,2019,5,Q2,May,Chemical Proof Tanks,1,0,452002
INV-00172,2019,5,Q2,May,Water Proof Tanks,1,1,452002
INV-00166,2019,5,Q2,May,Kanu Moulds,1,1,452002
INV-00165,2019,5,Q2,May,Garden Animal Moulds,1,1,452002
INV-00160,2019,5,Q2,May,Molding Pati,6,0,452002
INV-00160,2019,5,Q2,May,Beeralu Moulds,1,0,452002
INV-00168,2019,5,Q2,May,Interlock,3,1,452002
INV-00168,2019,5,Q2,May,Roofing Sheets,1,0,452002
INV-00173,2019,5,Q2,May,Interlock,1,1,452002
INV-00164,2019,5,Q2,May,Doors,1,0,452002
INV-00164,2019,5,Q2,May,Interlock,2,1,452002
INV-00164,2019,5,Q2,May,Loover,1,0,452002
INV-00175,2019,5,Q2,May,Loover,1,0,452002
INV-00175,2019,5,Q2,May,Doors,1,0,452002
INV-00175,2019,5,Q2,May,Interlock,1,1,452002
INV-00169,2019,5,Q2,May,Silparan Kota,12,0,452002
INV-00169,2019,5,Q2,May,Beeralu Moulds,8,0,452002
INV-00169,2019,5,Q2,May,Molding Pati,2,0,452002
INV-00153,2019,5,Q2,May,Interlock,1,1,452002
INV-00153,2019,5,Q2,May,Loover,1,0,452002
INV-00153,2019,5,Q2,May,Doors,1,0,452002
INV-00174,2019,5,Q2,May,Interlock,1,1,452002
INV-00174,2019,5,Q2,May,Loover,1,0,452002
INV-00174,2019,5,Q2,May,Roofing Sheets,1,0,452002
INV-00176,2019,5,Q2,May,Temple Items,1,0,452002
INV-00176,2019,5,Q2,May,Flower Pots,4,1,452002
INV-00170,2019,5,Q2,May,Tables and Benches,1,1,452002
INV-00170,2019,5,Q2,May,Garden Animal Moulds,1,1,452002
INV-00170,2019,5,Q2,May,Flower Pots,13,1,452002
INV-00170,2019,5,Q2,May,Chemical Proof Tanks,1,0,452002
INV-00177,2019,5,Q2,May,Kalugal Moulds,1,1,452002
INV-00177,2019,5,Q2,May,Kanu Moulds,1,1,452002
INV-00178,2019,5,Q2,May,Interlock,1,1,452002
INV-00178,2019,5,Q2,May,Doors,1,0,452002
INV-00157,2019,5,Q2,May,Flower Pots,8,1,452002
INV-00157,2019,5,Q2,May,Garden Animal Moulds,1,1,452002
INV-00180,2019,5,Q2,May,Kalugal Moulds,1,1,452002
INV-00180,2019,5,Q2,May,Slab Moulds,1,1,452002
INV-00180,2019,5,Q2,May,Kanu Moulds,6,1,452002
INV-00152,2019,5,Q2,May,Kalugal Moulds,3,1,452002
INV-00152,2019,5,Q2,May,Kanu Moulds,1,1,452002
INV-00163,2019,5,Q2,May,Interlock,1,1,452002
INV-00163,2019,5,Q2,May,Roofing Sheets,1,0,452002
INV-00159,2019,5,Q2,May,Kanu Moulds,19,1,452002
INV-00159,2019,5,Q2,May,Slab Moulds,1,1,452002
INV-00162,2019,5,Q2,May,Interlock,1,1,452002
INV-00167,2019,5,Q2,May,Tables and Benches,5,1,452002
INV-00167,2019,5,Q2,May,Garden Animal Moulds,2,1,452002
INV-00167,2019,5,Q2,May,Interlock,4,1,452002
INV-00167,2019,5,Q2,May,Flower Pots,5,1,452002
INV-00156,2019,5,Q2,May,Slab Moulds,1,1,452002
INV-00154,2019,5,Q2,May,Interlock,1,1,452002
INV-00154,2019,5,Q2,May,Doors,1,0,452002
INV-00158,2019,5,Q2,May,Flower Pots,5,1,452002
INV-00158,2019,5,Q2,May,Interlock,1,1,452002
INV-00158,2019,5,Q2,May,Tables and Benches,1,1,452002
INV-00179,2019,5,Q2,May,Flower Pots,1,1,452002
INV-00179,2019,5,Q2,May,Garden Animal Moulds,2,1,452002
INV-00201,2019,6,Q2,Jun,Temple Items,1,0,339387
INV-00201,2019,6,Q2,Jun,Garden Animal Moulds,1,1,339387
INV-00207,2019,6,Q2,Jun,Water Proof Tanks,1,0,339387
INV-00207,2019,6,Q2,Jun,Bathik Tanks,1,0,339387
INV-00207,2019,6,Q2,Jun,Chemical Proof Tanks,1,0,339387
INV-00203,2019,6,Q2,Jun,Chemical Proof Tanks,1,0,339387
INV-00203,2019,6,Q2,Jun,Water Proof Tanks,1,0,339387
INV-00203,2019,6,Q2,Jun,Bathik Tanks,1,0,339387
INV-00212,2019,6,Q2,Jun,Kanu Moulds,1,0,339387
INV-00187,2019,6,Q2,Jun,Silparan Kota,1,0,339387
INV-00187,2019,6,Q2,Jun,Slab Moulds,1,0,339387
INV-00189,2019,6,Q2,Jun,Beeralu Moulds,3,0,339387
INV-00181,2019,6,Q2,Jun,Slab Moulds,1,0,339387
INV-00181,2019,6,Q2,Jun,Beeralu Moulds,1,0,339387
INV-00181,2019,6,Q2,Jun,Kanu Moulds,1,0,339387
INV-00200,2019,6,Q2,Jun,Interlock,1,1,339387
INV-00200,2019,6,Q2,Jun,Tables and Benches,1,0,339387
INV-00206,2019,6,Q2,Jun,Silparan Kota,4,0,339387
INV-00206,2019,6,Q2,Jun,Molding Pati,1,0,339387
INV-00206,2019,6,Q2,Jun,Kalugal Moulds,1,0,339387
INV-00185,2019,6,Q2,Jun,Garden Animal Moulds,1,1,339387
INV-00191,2019,6,Q2,Jun,Molding Pati,1,0,339387
INV-00197,2019,6,Q2,Jun,Chemical Proof Tanks,1,0,339387
INV-00197,2019,6,Q2,Jun,Bathik Tanks,1,0,339387
INV-00197,2019,6,Q2,Jun,Water Proof Tanks,1,0,339387
INV-00183,2019,6,Q2,Jun,Interlock,1,1,339387
INV-00183,2019,6,Q2,Jun,Garden Animal Moulds,1,1,339387
INV-00183,2019,6,Q2,Jun,Flower Pots,7,0,339387
INV-00193,2019,6,Q2,Jun,Chemical Proof Tanks,1,0,339387
INV-00193,2019,6,Q2,Jun,Bathik Tanks,1,0,339387
INV-00186,2019,6,Q2,Jun,Roofing Sheets,1,0,339387
INV-00188,2019,6,Q2,Jun,Beeralu Moulds,1,0,339387
INV-00188,2019,6,Q2,Jun,Silparan Kota,1,0,339387
INV-00188,2019,6,Q2,Jun,Molding Pati,1,0,339387
INV-00188,2019,6,Q2,Jun,Kanu Moulds,1,0,339387
INV-00190,2019,6,Q2,Jun,Molding Pati,1,0,339387
INV-00190,2019,6,Q2,Jun,Beeralu Moulds,2,0,339387
INV-00190,2019,6,Q2,Jun,Kalugal Moulds,1,0,339387
INV-00190,2019,6,Q2,Jun,Silparan Kota,3,0,339387
INV-00209,2019,6,Q2,Jun,Water Proof Tanks,1,0,339387
INV-00217,2019,6,Q2,Jun,Interlock,3,1,339387
INV-00217,2019,6,Q2,Jun,Roofing Sheets,1,0,339387
INV-00217,2019,6,Q2,Jun,Doors,2,0,339387
INV-00213,2019,6,Q2,Jun,Interlock,3,1,339387
INV-00218,2019,6,Q2,Jun,Bathik Tanks,1,0,339387
INV-00218,2019,6,Q2,Jun,Water Proof Tanks,1,0,339387
INV-00202,2019,6,Q2,Jun,Loover,1,0,339387
INV-00202,2019,6,Q2,Jun,Interlock,2,1,339387
INV-00211,2019,6,Q2,Jun,Kanu Moulds,2,0,339387
INV-00211,2019,6,Q2,Jun,Beeralu Moulds,12,0,339387
INV-00211,2019,6,Q2,Jun,Kalugal Moulds,1,0,339387
INV-00214,2019,6,Q2,Jun,Chemical Proof Tanks,1,0,339387
INV-00198,2019,6,Q2,Jun,Kanu Moulds,1,0,339387
INV-00204,2019,6,Q2,Jun,Beeralu Moulds,3,0,339387
INV-00182,2019,6,Q2,Jun,Beeralu Moulds,1,0,339387
INV-00182,2019,6,Q2,Jun,Kalugal Moulds,1,0,339387
INV-00194,2019,6,Q2,Jun,Chemical Proof Tanks,1,0,339387
INV-00194,2019,6,Q2,Jun,Water Proof Tanks,1,0,339387
INV-00194,2019,6,Q2,Jun,Bathik Tanks,1,0,339387
INV-00205,2019,6,Q2,Jun,Interlock,1,1,339387
INV-00205,2019,6,Q2,Jun,Roofing Sheets,1,0,339387
INV-00210,2019,6,Q2,Jun,Doors,1,0,339387
INV-00210,2019,6,Q2,Jun,Interlock,1,1,339387
INV-00210,2019,6,Q2,Jun,Loover,1,0,339387
INV-00184,2019,6,Q2,Jun,Chemical Proof Tanks,1,0,339387
INV-00184,2019,6,Q2,Jun,Bathik Tanks,1,0,339387
INV-00196,2019,6,Q2,Jun,Interlock,2,1,339387
INV-00196,2019,6,Q2,Jun,Doors,1,0,339387
INV-00199,2019,6,Q2,Jun,Garden Animal Moulds,1,1,339387
INV-00199,2019,6,Q2,Jun,Tables and Benches,1,0,339387
INV-00199,2019,6,Q2,Jun,Flower Pots,2,0,339387
INV-00208,2019,6,Q2,Jun,Molding Pati,1,0,339387
INV-00208,2019,6,Q2,Jun,Silparan Kota,1,0,339387
INV-00215,2019,6,Q2,Jun,Flower Pots,1,0,339387
INV-00215,2019,6,Q2,Jun,Interlock,1,1,339387
INV-00192,2019,6,Q2,Jun,Slab Moulds,1,0,339387
INV-00192,2019,6,Q2,Jun,Beeralu Moulds,2,0,339387
INV-00195,2019,6,Q2,Jun,Molding Pati,4,0,339387
INV-00195,2019,6,Q2,Jun,Beeralu Moulds,2,0,339387
INV-00195,2019,6,Q2,Jun,Silparan Kota,4,0,339387
INV-00195,2019,6,Q2,Jun,Kanu Moulds,6,0,339387
INV-00216,2019,6,Q2,Jun,Slab Moulds,1,0,339387
INV-00216,2019,6,Q2,Jun,Kalugal Moulds,1,0,339387
INV-00216,2019,6,Q2,Jun,Kanu Moulds,2,0,339387
INV-00216,2019,6,Q2,Jun,Beeralu Moulds,3,0,339387
INV-00219,2019,6,Q2,Jun,Interlock,1,1,339387
INV-00219,2019,6,Q2,Jun,Doors,1,0,339387
INV-00245,2019,7,Q3,Jul,Chemical Proof Tanks,1,0,358251
INV-00245,2019,7,Q3,Jul,Bathik Tanks,1,0,358251
INV-00252,2019,7,Q3,Jul,Garden Animal Moulds,2,0,358251
INV-00247,2019,7,Q3,Jul,Kanu Moulds,1,0,358251
INV-00247,2019,7,Q3,Jul,Beeralu Moulds,1,0,358251
INV-00247,2019,7,Q3,Jul,Silparan Kota,1,0,358251
INV-00255,2019,7,Q3,Jul,Molding Pati,1,0,358251
INV-00255,2019,7,Q3,Jul,Slab Moulds,1,0,358251
INV-00223,2019,7,Q3,Jul,Water Proof Tanks,1,0,358251
INV-00223,2019,7,Q3,Jul,Bathik Tanks,1,0,358251
INV-00223,2019,7,Q3,Jul,Chemical Proof Tanks,1,0,358251
INV-00254,2019,7,Q3,Jul,Water Proof Tanks,1,0,358251
INV-00254,2019,7,Q3,Jul,Bathik Tanks,1,0,358251
INV-00254,2019,7,Q3,Jul,Chemical Proof Tanks,1,0,358251
INV-00246,2019,7,Q3,Jul,Tables and Benches,1,0,358251
INV-00246,2019,7,Q3,Jul,Flower Pots,2,0,358251
INV-00246,2019,7,Q3,Jul,Interlock,1,0,358251
INV-00248,2019,7,Q3,Jul,Doors,1,0,358251
INV-00220,2019,7,Q3,Jul,Beeralu Moulds,1,0,358251
INV-00220,2019,7,Q3,Jul,Kalugal Moulds,1,0,358251
INV-00220,2019,7,Q3,Jul,Kanu Moulds,1,0,358251
INV-00226,2019,7,Q3,Jul,Loover,1,0,358251
INV-00226,2019,7,Q3,Jul,Interlock,1,0,358251
INV-00226,2019,7,Q3,Jul,Roofing Sheets,1,0,358251
INV-00238,2019,7,Q3,Jul,Doors,1,0,358251
INV-00256,2019,7,Q3,Jul,Garden Animal Moulds,3,0,358251
INV-00256,2019,7,Q3,Jul,Flower Pots,5,0,358251
INV-00256,2019,7,Q3,Jul,Tables and Benches,1,0,358251
INV-00256,2019,7,Q3,Jul,Interlock,2,0,358251
INV-00224,2019,7,Q3,Jul,Garden Animal Moulds,1,0,358251
INV-00224,2019,7,Q3,Jul,Interlock,1,0,358251
INV-00224,2019,7,Q3,Jul,Tables and Benches,1,0,358251
INV-00251,2019,7,Q3,Jul,Molding Pati,1,0,358251
INV-00251,2019,7,Q3,Jul,Kanu Moulds,1,0,358251
INV-00260,2019,7,Q3,Jul,Slab Moulds,1,0,358251
INV-00240,2019,7,Q3,Jul,Water Proof Tanks,1,0,358251
INV-00240,2019,7,Q3,Jul,Chemical Proof Tanks,1,0,358251
INV-00240,2019,7,Q3,Jul,Bathik Tanks,1,0,358251
INV-00234,2019,7,Q3,Jul,Tables and Benches,1,0,358251
INV-00234,2019,7,Q3,Jul,Garden Animal Moulds,1,0,358251
INV-00234,2019,7,Q3,Jul,Interlock,1,0,358251
INV-00234,2019,7,Q3,Jul,Flower Pots,2,0,358251
INV-00233,2019,7,Q3,Jul,Bathik Tanks,1,0,358251
INV-00233,2019,7,Q3,Jul,Water Proof Tanks,1,0,358251
INV-00241,2019,7,Q3,Jul,Water Proof Tanks,1,0,358251
INV-00244,2019,7,Q3,Jul,Molding Pati,3,0,358251
INV-00244,2019,7,Q3,Jul,Kalugal Moulds,1,0,358251
INV-00228,2019,7,Q3,Jul,Flower Pots,1,0,358251
INV-00228,2019,7,Q3,Jul,Garden Animal Moulds,1,0,358251
INV-00228,2019,7,Q3,Jul,Temple Items,1,1,358251
INV-00229,2019,7,Q3,Jul,Flower Pots,1,0,358251
INV-00229,2019,7,Q3,Jul,Temple Items,1,1,358251
INV-00230,2019,7,Q3,Jul,Garden Animal Moulds,1,0,358251
INV-00230,2019,7,Q3,Jul,Flower Pots,5,0,358251
INV-00230,2019,7,Q3,Jul,Temple Items,1,1,358251
INV-00230,2019,7,Q3,Jul,Interlock,4,0,358251
INV-00236,2019,7,Q3,Jul,Loover,1,0,358251
INV-00236,2019,7,Q3,Jul,Roofing Sheets,1,0,358251
INV-00236,2019,7,Q3,Jul,Doors,1,0,358251
INV-00239,2019,7,Q3,Jul,Silparan Kota,1,0,358251
INV-00242,2019,7,Q3,Jul,Molding Pati,1,0,358251
INV-00242,2019,7,Q3,Jul,Silparan Kota,1,0,358251
INV-00258,2019,7,Q3,Jul,Flower Pots,1,0,358251
INV-00225,2019,7,Q3,Jul,Silparan Kota,1,0,358251
INV-00237,2019,7,Q3,Jul,Silparan Kota,1,0,358251
INV-00237,2019,7,Q3,Jul,Slab Moulds,1,0,358251
INV-00237,2019,7,Q3,Jul,Kalugal Moulds,1,0,358251
INV-00231,2019,7,Q3,Jul,Roofing Sheets,1,0,358251
INV-00231,2019,7,Q3,Jul,Doors,1,0,358251
INV-00231,2019,7,Q3,Jul,Loover,1,0,358251
INV-00231,2019,7,Q3,Jul,Interlock,1,0,358251
INV-00243,2019,7,Q3,Jul,Garden Animal Moulds,1,0,358251
INV-00257,2019,7,Q3,Jul,Silparan Kota,2,0,358251
INV-00261,2019,7,Q3,Jul,Doors,1,0,358251
INV-00261,2019,7,Q3,Jul,Loover,1,0,358251
INV-00261,2019,7,Q3,Jul,Roofing Sheets,1,0,358251
INV-00261,2019,7,Q3,Jul,Interlock,2,0,358251
INV-00222,2019,7,Q3,Jul,Kalugal Moulds,1,0,358251
INV-00227,2019,7,Q3,Jul,Loover,1,0,358251
INV-00227,2019,7,Q3,Jul,Doors,1,0,358251
INV-00221,2019,7,Q3,Jul,Interlock,1,0,358251
INV-00221,2019,7,Q3,Jul,Tables and Benches,1,0,358251
INV-00249,2019,7,Q3,Jul,Loover,1,0,358251
INV-00249,2019,7,Q3,Jul,Doors,1,0,358251
INV-00250,2019,7,Q3,Jul,Slab Moulds,1,0,358251
INV-00250,2019,7,Q3,Jul,Kalugal Moulds,3,0,358251
INV-00232,2019,7,Q3,Jul,Kalugal Moulds,1,0,358251
INV-00232,2019,7,Q3,Jul,Silparan Kota,8,0,358251
INV-00232,2019,7,Q3,Jul,Molding Pati,1,0,358251
INV-00235,2019,7,Q3,Jul,Kanu Moulds,13,0,358251
INV-00235,2019,7,Q3,Jul,Silparan Kota,3,0,358251
INV-00235,2019,7,Q3,Jul,Slab Moulds,2,0,358251
INV-00253,2019,7,Q3,Jul,Garden Animal Moulds,2,0,358251
INV-00259,2019,7,Q3,Jul,Water Proof Tanks,1,0,358251
INV-00259,2019,7,Q3,Jul,Bathik Tanks,1,0,358251
INV-00264,2019,8,Q3,Aug,Tables and Benches,1,0,333925
INV-00274,2019,8,Q3,Aug,Garden Animal Moulds,1,0,333925
INV-00274,2019,8,Q3,Aug,Flower Pots,1,0,333925
INV-00296,2019,8,Q3,Aug,Loover,1,0,333925
INV-00296,2019,8,Q3,Aug,Roofing Sheets,1,0,333925
INV-00267,2019,8,Q3,Aug,Flower Pots,6,0,333925
INV-00267,2019,8,Q3,Aug,Temple Items,1,0,333925
INV-00267,2019,8,Q3,Aug,Garden Animal Moulds,1,0,333925
INV-00273,2019,8,Q3,Aug,Slab Moulds,1,0,333925
INV-00273,2019,8,Q3,Aug,Beeralu Moulds,3,0,333925
INV-00262,2019,8,Q3,Aug,Tables and Benches,1,0,333925
INV-00262,2019,8,Q3,Aug,Garden Animal Moulds,1,0,333925
INV-00262,2019,8,Q3,Aug,Flower Pots,3,0,333925
INV-00262,2019,8,Q3,Aug,Interlock,7,0,333925
INV-00278,2019,8,Q3,Aug,Roofing Sheets,1,0,333925
INV-00278,2019,8,Q3,Aug,Interlock,1,0,333925
INV-00278,2019,8,Q3,Aug,Doors,1,0,333925
INV-00292,2019,8,Q3,Aug,Doors,1,0,333925
INV-00283,2019,8,Q3,Aug,Slab Moulds,1,0,333925
INV-00283,2019,8,Q3,Aug,Kanu Moulds,4,0,333925
INV-00283,2019,8,Q3,Aug,Beeralu Moulds,4,0,333925
INV-00283,2019,8,Q3,Aug,Molding Pati,2,0,333925
INV-00294,2019,8,Q3,Aug,Chemical Proof Tanks,1,0,333925
INV-00294,2019,8,Q3,Aug,Bathik Tanks,1,0,333925
INV-00294,2019,8,Q3,Aug,Water Proof Tanks,1,0,333925
INV-00284,2019,8,Q3,Aug,Bathik Tanks,1,0,333925
INV-00284,2019,8,Q3,Aug,Water Proof Tanks,1,0,333925
INV-00284,2019,8,Q3,Aug,Chemical Proof Tanks,1,0,333925
INV-00289,2019,8,Q3,Aug,Flower Pots,2,0,333925
INV-00276,2019,8,Q3,Aug,Chemical Proof Tanks,1,0,333925
INV-00276,2019,8,Q3,Aug,Water Proof Tanks,1,0,333925
INV-00276,2019,8,Q3,Aug,Bathik Tanks,1,0,333925
INV-00266,2019,8,Q3,Aug,Kalugal Moulds,1,0,333925
INV-00266,2019,8,Q3,Aug,Silparan Kota,3,0,333925
INV-00266,2019,8,Q3,Aug,Slab Moulds,1,0,333925
INV-00266,2019,8,Q3,Aug,Beeralu Moulds,1,0,333925
INV-00297,2019,8,Q3,Aug,Molding Pati,3,0,333925
INV-00293,2019,8,Q3,Aug,Loover,1,0,333925
INV-00277,2019,8,Q3,Aug,Interlock,1,0,333925
INV-00281,2019,8,Q3,Aug,Molding Pati,9,0,333925
INV-00281,2019,8,Q3,Aug,Slab Moulds,1,0,333925
INV-00281,2019,8,Q3,Aug,Silparan Kota,1,0,333925
INV-00275,2019,8,Q3,Aug,Flower Pots,1,0,333925
INV-00275,2019,8,Q3,Aug,Tables and Benches,1,0,333925
INV-00275,2019,8,Q3,Aug,Garden Animal Moulds,1,0,333925
INV-00287,2019,8,Q3,Aug,Interlock,1,0,333925
INV-00287,2019,8,Q3,Aug,Loover,1,0,333925
INV-00288,2019,8,Q3,Aug,Doors,1,0,333925
INV-00272,2019,8,Q3,Aug,Garden Animal Moulds,2,0,333925
INV-00291,2019,8,Q3,Aug,Silparan Kota,1,0,333925
INV-00291,2019,8,Q3,Aug,Beeralu Moulds,2,0,333925
INV-00299,2019,8,Q3,Aug,Water Proof Tanks,1,0,333925
INV-00271,2019,8,Q3,Aug,Doors,1,0,333925
INV-00282,2019,8,Q3,Aug,Flower Pots,1,0,333925
INV-00282,2019,8,Q3,Aug,Interlock,1,0,333925
INV-00270,2019,8,Q3,Aug,Interlock,1,0,333925
INV-00290,2019,8,Q3,Aug,Tables and Benches,1,0,333925
INV-00290,2019,8,Q3,Aug,Flower Pots,12,0,333925
INV-00290,2019,8,Q3,Aug,Garden Animal Moulds,1,0,333925
INV-00268,2019,8,Q3,Aug,Water Proof Tanks,1,0,333925
INV-00279,2019,8,Q3,Aug,Molding Pati,2,0,333925
INV-00265,2019,8,Q3,Aug,Garden Animal Moulds,9,0,333925
INV-00265,2019,8,Q3,Aug,Flower Pots,8,0,333925
INV-00265,2019,8,Q3,Aug,Interlock,2,0,333925
INV-00265,2019,8,Q3,Aug,Kanu Moulds,2,0,333925
INV-00286,2019,8,Q3,Aug,Garden Animal Moulds,1,0,333925
INV-00286,2019,8,Q3,Aug,Flower Pots,3,0,333925
INV-00298,2019,8,Q3,Aug,Slab Moulds,1,0,333925
INV-00295,2019,8,Q3,Aug,Kalugal Moulds,1,0,333925
INV-00295,2019,8,Q3,Aug,Silparan Kota,1,0,333925
INV-00295,2019,8,Q3,Aug,Beeralu Moulds,1,0,333925
INV-00301,2019,8,Q3,Aug,Bathik Tanks,1,0,333925
INV-00300,2019,8,Q3,Aug,Temple Items,1,0,333925
INV-00300,2019,8,Q3,Aug,Flower Pots,1,0,333925
INV-00269,2019,8,Q3,Aug,Garden Animal Moulds,2,0,333925
INV-00269,2019,8,Q3,Aug,Flower Pots,4,0,333925
INV-00269,2019,8,Q3,Aug,Tables and Benches,1,0,333925
INV-00269,2019,8,Q3,Aug,Doors,1,0,333925
INV-00285,2019,8,Q3,Aug,Loover,1,0,333925
INV-00280,2019,8,Q3,Aug,Kanu Moulds,2,0,333925
INV-00280,2019,8,Q3,Aug,Silparan Kota,2,0,333925
INV-00280,2019,8,Q3,Aug,Beeralu Moulds,4,0,333925
INV-00263,2019,8,Q3,Aug,Beeralu Moulds,1,0,333925
INV-00310,2019,9,Q3,Sep,Silparan Kota,3,0,500486
INV-00317,2019,9,Q3,Sep,Bathik Tanks,1,0,500486
INV-00317,2019,9,Q3,Sep,Chemical Proof Tanks,1,0,500486
INV-00317,2019,9,Q3,Sep,Water Proof Tanks,1,0,500486
INV-00317,2019,9,Q3,Sep,Flower Pots,5,0,500486
INV-00308,2019,9,Q3,Sep,Water Proof Tanks,1,0,500486
INV-00308,2019,9,Q3,Sep,Chemical Proof Tanks,1,0,500486
INV-00323,2019,9,Q3,Sep,Flower Pots,8,0,500486
INV-00323,2019,9,Q3,Sep,Interlock,1,0,500486
INV-00323,2019,9,Q3,Sep,Garden Animal Moulds,1,0,500486
INV-00313,2019,9,Q3,Sep,Tables and Benches,1,0,500486
INV-00313,2019,9,Q3,Sep,Interlock,1,0,500486
INV-00313,2019,9,Q3,Sep,Garden Animal Moulds,5,0,500486
INV-00321,2019,9,Q3,Sep,Tables and Benches,1,0,500486
INV-00305,2019,9,Q3,Sep,Molding Pati,1,0,500486
INV-00305,2019,9,Q3,Sep,Slab Moulds,1,0,500486
INV-00305,2019,9,Q3,Sep,Kanu Moulds,1,0,500486
INV-00302,2019,9,Q3,Sep,Kalugal Moulds,1,0,500486
INV-00302,2019,9,Q3,Sep,Molding Pati,1,0,500486
INV-00302,2019,9,Q3,Sep,Silparan Kota,2,0,500486
INV-00302,2019,9,Q3,Sep,Slab Moulds,1,0,500486
INV-00309,2019,9,Q3,Sep,Molding Pati,1,0,500486
INV-00325,2019,9,Q3,Sep,Garden Animal Moulds,4,0,500486
INV-00325,2019,9,Q3,Sep,Tables and Benches,1,0,500486
INV-00311,2019,9,Q3,Sep,Water Proof Tanks,1,0,500486
INV-00311,2019,9,Q3,Sep,Chemical Proof Tanks,1,0,500486
INV-00311,2019,9,Q3,Sep,Bathik Tanks,1,0,500486
INV-00322,2019,9,Q3,Sep,Roofing Sheets,1,0,500486
INV-00322,2019,9,Q3,Sep,Doors,2,0,500486
INV-00322,2019,9,Q3,Sep,Loover,4,0,500486
INV-00322,2019,9,Q3,Sep,Interlock,8,0,500486
INV-00303,2019,9,Q3,Sep,Interlock,1,0,500486
INV-00303,2019,9,Q3,Sep,Loover,1,0,500486
INV-00303,2019,9,Q3,Sep,Doors,1,0,500486
INV-00319,2019,9,Q3,Sep,Doors,1,0,500486
INV-00319,2019,9,Q3,Sep,Roofing Sheets,1,0,500486
INV-00316,2019,9,Q3,Sep,Water Proof Tanks,1,0,500486
INV-00326,2019,9,Q3,Sep,Tables and Benches,1,0,500486
INV-00314,2019,9,Q3,Sep,Beeralu Moulds,4,0,500486
INV-00314,2019,9,Q3,Sep,Kanu Moulds,1,0,500486
INV-00314,2019,9,Q3,Sep,Molding Pati,6,0,500486
INV-00318,2019,9,Q3,Sep,Molding Pati,2,0,500486
INV-00318,2019,9,Q3,Sep,Kanu Moulds,5,0,500486
INV-00307,2019,9,Q3,Sep,Interlock,1,0,500486
INV-00307,2019,9,Q3,Sep,Roofing Sheets,1,0,500486
INV-00307,2019,9,Q3,Sep,Loover,1,0,500486
INV-00312,2019,9,Q3,Sep,Roofing Sheets,1,0,500486
INV-00312,2019,9,Q3,Sep,Interlock,1,0,500486
INV-00312,2019,9,Q3,Sep,Doors,1,0,500486
INV-00315,2019,9,Q3,Sep,Garden Animal Moulds,1,0,500486
INV-00315,2019,9,Q3,Sep,Flower Pots,1,0,500486
INV-00324,2019,9,Q3,Sep,Silparan Kota,8,0,500486
INV-00324,2019,9,Q3,Sep,Kanu Moulds,2,0,500486
INV-00320,2019,9,Q3,Sep,Beeralu Moulds,1,0,500486
INV-00306,2019,9,Q3,Sep,Flower Pots,24,0,500486
INV-00306,2019,9,Q3,Sep,Garden Animal Moulds,3,0,500486
INV-00306,2019,9,Q3,Sep,Tables and Benches,1,0,500486
INV-00304,2019,9,Q3,Sep,Temple Items,1,0,500486
INV-00327,2019,9,Q3,Sep,Kanu Moulds,21,0,500486
INV-00327,2019,9,Q3,Sep,Molding Pati,17,0,500486
INV-00351,2019,10,Q4,Oct,Kanu Moulds,3,0,206494
INV-00335,2019,10,Q4,Oct,Kanu Moulds,2,0,206494
INV-00343,2019,10,Q4,Oct,Loover,1,0,206494
INV-00343,2019,10,Q4,Oct,Doors,1,0,206494
INV-00343,2019,10,Q4,Oct,Roofing Sheets,1,0,206494
INV-00337,2019,10,Q4,Oct,Water Proof Tanks,1,0,206494
INV-00333,2019,10,Q4,Oct,Doors,1,0,206494
INV-00333,2019,10,Q4,Oct,Interlock,1,0,206494
INV-00333,2019,10,Q4,Oct,Roofing Sheets,1,0,206494
INV-00340,2019,10,Q4,Oct,Kanu Moulds,1,0,206494
INV-00332,2019,10,Q4,Oct,Silparan Kota,2,1,206494
INV-00341,2019,10,Q4,Oct,Roofing Sheets,1,0,206494
INV-00331,2019,10,Q4,Oct,Tables and Benches,1,0,206494
INV-00338,2019,10,Q4,Oct,Roofing Sheets,1,0,206494
INV-00338,2019,10,Q4,Oct,Doors,1,0,206494
INV-00338,2019,10,Q4,Oct,Interlock,1,0,206494
INV-00342,2019,10,Q4,Oct,Flower Pots,1,0,206494
INV-00336,2019,10,Q4,Oct,Tables and Benches,1,0,206494
INV-00336,2019,10,Q4,Oct,Interlock,3,0,206494
INV-00336,2019,10,Q4,Oct,Flower Pots,3,0,206494
INV-00347,2019,10,Q4,Oct,Flower Pots,1,0,206494
INV-00347,2019,10,Q4,Oct,Interlock,1,0,206494
INV-00346,2019,10,Q4,Oct,Molding Pati,1,0,206494
INV-00348,2019,10,Q4,Oct,Water Proof Tanks,1,0,206494
INV-00348,2019,10,Q4,Oct,Bathik Tanks,1,0,206494
INV-00348,2019,10,Q4,Oct,Chemical Proof Tanks,1,0,206494
INV-00328,2019,10,Q4,Oct,Kanu Moulds,1,0,206494
INV-00328,2019,10,Q4,Oct,Silparan Kota,1,1,206494
INV-00339,2019,10,Q4,Oct,Silparan Kota,3,1,206494
INV-00339,2019,10,Q4,Oct,Slab Moulds,2,0,206494
INV-00353,2019,10,Q4,Oct,Loover,1,0,206494
INV-00344,2019,10,Q4,Oct,Loover,1,0,206494
INV-00344,2019,10,Q4,Oct,Roofing Sheets,2,0,206494
INV-00344,2019,10,Q4,Oct,Slab Moulds,1,0,206494
INV-00349,2019,10,Q4,Oct,Silparan Kota,4,1,206494
INV-00349,2019,10,Q4,Oct,Kalugal Moulds,2,0,206494
INV-00352,2019,10,Q4,Oct,Kalugal Moulds,1,0,206494
INV-00352,2019,10,Q4,Oct,Silparan Kota,4,1,206494
INV-00352,2019,10,Q4,Oct,Beeralu Moulds,1,0,206494
INV-00352,2019,10,Q4,Oct,Kanu Moulds,2,0,206494
INV-00334,2019,10,Q4,Oct,Kalugal Moulds,1,0,206494
INV-00350,2019,10,Q4,Oct,Silparan Kota,2,1,206494
INV-00350,2019,10,Q4,Oct,Slab Moulds,1,0,206494
INV-00330,2019,10,Q4,Oct,Doors,1,0,206494
INV-00330,2019,10,Q4,Oct,Roofing Sheets,1,0,206494
INV-00354,2019,10,Q4,Oct,Chemical Proof Tanks,1,0,206494
INV-00354,2019,10,Q4,Oct,Water Proof Tanks,1,0,206494
INV-00354,2019,10,Q4,Oct,Bathik Tanks,1,0,206494
INV-00345,2019,10,Q4,Oct,Bathik Tanks,1,0,206494
INV-00345,2019,10,Q4,Oct,Water Proof Tanks,1,0,206494
INV-00345,2019,10,Q4,Oct,Chemical Proof Tanks,1,0,206494
INV-00329,2019,10,Q4,Oct,Tables and Benches,1,0,206494
INV-00329,2019,10,Q4,Oct,Garden Animal Moulds,1,0,206494
INV-00377,2019,11,Q4,Nov,Tables and Benches,1,0,374579
INV-00377,2019,11,Q4,Nov,Interlock,1,0,374579
INV-00355,2019,11,Q4,Nov,Beeralu Moulds,1,0,374579
INV-00355,2019,11,Q4,Nov,Silparan Kota,1,1,374579
INV-00355,2019,11,Q4,Nov,Slab Moulds,1,0,374579
INV-00355,2019,11,Q4,Nov,Kalugal Moulds,1,0,374579
INV-00365,2019,11,Q4,Nov,Kanu Moulds,3,0,374579
INV-00361,2019,11,Q4,Nov,Flower Pots,3,0,374579
INV-00361,2019,11,Q4,Nov,Garden Animal Moulds,1,0,374579
INV-00366,2019,11,Q4,Nov,Doors,1,0,374579
INV-00384,2019,11,Q4,Nov,Tables and Benches,1,0,374579
INV-00384,2019,11,Q4,Nov,Flower Pots,1,0,374579
INV-00386,2019,11,Q4,Nov,Doors,1,0,374579
INV-00386,2019,11,Q4,Nov,Loover,1,1,374579
INV-00392,2019,11,Q4,Nov,Kalugal Moulds,1,0,374579
INV-00372,2019,11,Q4,Nov,Loover,3,1,374579
INV-00378,2019,11,Q4,Nov,Kalugal Moulds,2,0,374579
INV-00378,2019,11,Q4,Nov,Silparan Kota,13,1,374579
INV-00382,2019,11,Q4,Nov,Interlock,1,0,374579
INV-00382,2019,11,Q4,Nov,Doors,1,0,374579
INV-00389,2019,11,Q4,Nov,Kanu Moulds,1,0,374579
INV-00388,2019,11,Q4,Nov,Interlock,1,0,374579
INV-00388,2019,11,Q4,Nov,Doors,1,0,374579
INV-00388,2019,11,Q4,Nov,Roofing Sheets,1,0,374579
INV-00388,2019,11,Q4,Nov,Loover,1,1,374579
INV-00395,2019,11,Q4,Nov,Roofing Sheets,1,0,374579
INV-00395,2019,11,Q4,Nov,Interlock,1,0,374579
INV-00370,2019,11,Q4,Nov,Interlock,1,0,374579
INV-00370,2019,11,Q4,Nov,Loover,1,1,374579
INV-00370,2019,11,Q4,Nov,Doors,1,0,374579
INV-00393,2019,11,Q4,Nov,Kanu Moulds,1,0,374579
INV-00393,2019,11,Q4,Nov,Kalugal Moulds,1,0,374579
INV-00393,2019,11,Q4,Nov,Beeralu Moulds,1,0,374579
INV-00360,2019,11,Q4,Nov,Interlock,1,0,374579
INV-00360,2019,11,Q4,Nov,Roofing Sheets,1,0,374579
INV-00362,2019,11,Q4,Nov,Kalugal Moulds,1,0,374579
INV-00369,2019,11,Q4,Nov,Interlock,1,0,374579
INV-00379,2019,11,Q4,Nov,Kalugal Moulds,1,0,374579
INV-00379,2019,11,Q4,Nov,Kanu Moulds,1,0,374579
INV-00356,2019,11,Q4,Nov,Interlock,2,0,374579
INV-00359,2019,11,Q4,Nov,Silparan Kota,2,1,374579
INV-00383,2019,11,Q4,Nov,Interlock,2,0,374579
INV-00383,2019,11,Q4,Nov,Loover,1,1,374579
INV-00383,2019,11,Q4,Nov,Doors,1,0,374579
INV-00367,2019,11,Q4,Nov,Flower Pots,41,0,374579
INV-00367,2019,11,Q4,Nov,Garden Animal Moulds,2,0,374579
INV-00367,2019,11,Q4,Nov,Interlock,8,0,374579
INV-00367,2019,11,Q4,Nov,Tables and Benches,1,0,374579
INV-00394,2019,11,Q4,Nov,Kanu Moulds,2,0,374579
INV-00358,2019,11,Q4,Nov,Temple Items,1,0,374579
INV-00358,2019,11,Q4,Nov,Garden Animal Moulds,2,0,374579
INV-00391,2019,11,Q4,Nov,Kalugal Moulds,1,0,374579
INV-00391,2019,11,Q4,Nov,Slab Moulds,1,0,374579
INV-00385,2019,11,Q4,Nov,Bathik Tanks,1,0,374579
INV-00385,2019,11,Q4,Nov,Chemical Proof Tanks,1,0,374579
INV-00371,2019,11,Q4,Nov,Roofing Sheets,1,0,374579
INV-00371,2019,11,Q4,Nov,Loover,5,1,374579
INV-00371,2019,11,Q4,Nov,Doors,1,0,374579
INV-00375,2019,11,Q4,Nov,Loover,1,1,374579
INV-00375,2019,11,Q4,Nov,Interlock,1,0,374579
INV-00375,2019,11,Q4,Nov,Doors,1,0,374579
INV-00363,2019,11,Q4,Nov,Loover,2,1,374579
INV-00363,2019,11,Q4,Nov,Interlock,1,0,374579
INV-00368,2019,11,Q4,Nov,Flower Pots,3,0,374579
INV-00368,2019,11,Q4,Nov,Interlock,1,0,374579
INV-00374,2019,11,Q4,Nov,Loover,1,1,374579
INV-00376,2019,11,Q4,Nov,Doors,1,0,374579
INV-00381,2019,11,Q4,Nov,Molding Pati,1,0,374579
INV-00381,2019,11,Q4,Nov,Kanu Moulds,1,0,374579
INV-00381,2019,11,Q4,Nov,Silparan Kota,2,1,374579
INV-00390,2019,11,Q4,Nov,Water Proof Tanks,1,0,374579
INV-00390,2019,11,Q4,Nov,Bathik Tanks,1,0,374579
INV-00364,2019,11,Q4,Nov,Beeralu Moulds,1,0,374579
INV-00364,2019,11,Q4,Nov,Kalugal Moulds,1,0,374579
INV-00387,2019,11,Q4,Nov,Kanu Moulds,1,0,374579
INV-00387,2019,11,Q4,Nov,Slab Moulds,2,0,374579
INV-00387,2019,11,Q4,Nov,Silparan Kota,3,1,374579
INV-00387,2019,11,Q4,Nov,Loover,1,1,374579
INV-00380,2019,11,Q4,Nov,Interlock,2,0,374579
INV-00380,2019,11,Q4,Nov,Garden Animal Moulds,1,0,374579
INV-00357,2019,11,Q4,Nov,Loover,1,1,374579
INV-00357,2019,11,Q4,Nov,Roofing Sheets,1,0,374579
INV-00373,2019,11,Q4,Nov,Molding Pati,1,0,374579
INV-00373,2019,11,Q4,Nov,Slab Moulds,1,0,374579
INV-00429,2019,12,Q4,Dec,Beeralu Moulds,2,0,639220
INV-00429,2019,12,Q4,Dec,Silparan Kota,5,0,639220
INV-00420,2019,12,Q4,Dec,Interlock,4,0,639220
INV-00420,2019,12,Q4,Dec,Doors,1,0,639220
INV-00420,2019,12,Q4,Dec,Roofing Sheets,1,1,639220
INV-00417,2019,12,Q4,Dec,Roofing Sheets,1,1,639220
INV-00417,2019,12,Q4,Dec,Interlock,1,0,639220
INV-00401,2019,12,Q4,Dec,Slab Moulds,1,0,639220
INV-00401,2019,12,Q4,Dec,Beeralu Moulds,1,0,639220
INV-00401,2019,12,Q4,Dec,Kalugal Moulds,3,0,639220
INV-00401,2019,12,Q4,Dec,Kanu Moulds,6,0,639220
INV-00402,2019,12,Q4,Dec,Kanu Moulds,2,0,639220
INV-00402,2019,12,Q4,Dec,Slab Moulds,1,0,639220
INV-00402,2019,12,Q4,Dec,Molding Pati,3,0,639220
INV-00402,2019,12,Q4,Dec,Tables and Benches,1,1,639220
INV-00406,2019,12,Q4,Dec,Flower Pots,4,1,639220
INV-00406,2019,12,Q4,Dec,Temple Items,1,1,639220
INV-00406,2019,12,Q4,Dec,Garden Animal Moulds,1,0,639220
INV-00406,2019,12,Q4,Dec,Interlock,1,0,639220
INV-00407,2019,12,Q4,Dec,Silparan Kota,1,0,639220
INV-00407,2019,12,Q4,Dec,Beeralu Moulds,1,0,639220
INV-00422,2019,12,Q4,Dec,Tables and Benches,1,1,639220
INV-00427,2019,12,Q4,Dec,Garden Animal Moulds,1,0,639220
INV-00427,2019,12,Q4,Dec,Tables and Benches,1,1,639220
INV-00427,2019,12,Q4,Dec,Interlock,1,0,639220
INV-00424,2019,12,Q4,Dec,Beeralu Moulds,1,0,639220
INV-00431,2019,12,Q4,Dec,Interlock,2,0,639220
INV-00396,2019,12,Q4,Dec,Beeralu Moulds,1,0,639220
INV-00396,2019,12,Q4,Dec,Slab Moulds,1,0,639220
INV-00416,2019,12,Q4,Dec,Interlock,1,0,639220
INV-00426,2019,12,Q4,Dec,Silparan Kota,6,0,639220
INV-00426,2019,12,Q4,Dec,Molding Pati,1,0,639220
INV-00426,2019,12,Q4,Dec,Kalugal Moulds,3,0,639220
INV-00436,2019,12,Q4,Dec,Garden Animal Moulds,1,0,639220
INV-00436,2019,12,Q4,Dec,Tables and Benches,1,1,639220
INV-00408,2019,12,Q4,Dec,Flower Pots,1,1,639220
INV-00408,2019,12,Q4,Dec,Garden Animal Moulds,1,0,639220
INV-00408,2019,12,Q4,Dec,Tables and Benches,1,1,639220
INV-00428,2019,12,Q4,Dec,Silparan Kota,2,0,639220
INV-00421,2019,12,Q4,Dec,Loover,1,1,639220
INV-00421,2019,12,Q4,Dec,Roofing Sheets,1,1,639220
INV-00421,2019,12,Q4,Dec,Doors,1,0,639220
INV-00438,2019,12,Q4,Dec,Tables and Benches,1,1,639220
INV-00438,2019,12,Q4,Dec,Garden Animal Moulds,6,0,639220
INV-00438,2019,12,Q4,Dec,Flower Pots,17,1,639220
INV-00438,2019,12,Q4,Dec,Interlock,1,0,639220
INV-00398,2019,12,Q4,Dec,Chemical Proof Tanks,1,0,639220
INV-00403,2019,12,Q4,Dec,Bathik Tanks,1,0,639220
INV-00410,2019,12,Q4,Dec,Kanu Moulds,1,0,639220
INV-00410,2019,12,Q4,Dec,Kalugal Moulds,1,0,639220
INV-00410,2019,12,Q4,Dec,Molding Pati,3,0,639220
INV-00410,2019,12,Q4,Dec,Beeralu Moulds,1,0,639220
INV-00432,2019,12,Q4,Dec,Chemical Proof Tanks,1,0,639220
INV-00432,2019,12,Q4,Dec,Water Proof Tanks,1,0,639220
INV-00409,2019,12,Q4,Dec,Molding Pati,1,0,639220
INV-00435,2019,12,Q4,Dec,Kanu Moulds,2,0,639220
INV-00434,2019,12,Q4,Dec,Beeralu Moulds,1,0,639220
INV-00434,2019,12,Q4,Dec,Kanu Moulds,1,0,639220
INV-00413,2019,12,Q4,Dec,Kalugal Moulds,1,0,639220
INV-00413,2019,12,Q4,Dec,Beeralu Moulds,1,0,639220
INV-00411,2019,12,Q4,Dec,Flower Pots,5,1,639220
INV-00411,2019,12,Q4,Dec,Garden Animal Moulds,1,0,639220
INV-00411,2019,12,Q4,Dec,Interlock,1,0,639220
INV-00411,2019,12,Q4,Dec,Kalugal Moulds,7,0,639220
INV-00423,2019,12,Q4,Dec,Kanu Moulds,9,0,639220
INV-00423,2019,12,Q4,Dec,Slab Moulds,1,0,639220
INV-00437,2019,12,Q4,Dec,Roofing Sheets,3,1,639220
INV-00437,2019,12,Q4,Dec,Loover,4,1,639220
INV-00437,2019,12,Q4,Dec,Interlock,4,0,639220
INV-00440,2019,12,Q4,Dec,Tables and Benches,1,1,639220
INV-00440,2019,12,Q4,Dec,Flower Pots,9,1,639220
INV-00414,2019,12,Q4,Dec,Tables and Benches,1,1,639220
INV-00414,2019,12,Q4,Dec,Flower Pots,1,1,639220
INV-00412,2019,12,Q4,Dec,Interlock,5,0,639220
INV-00412,2019,12,Q4,Dec,Flower Pots,16,1,639220
INV-00400,2019,12,Q4,Dec,Garden Animal Moulds,7,0,639220
INV-00400,2019,12,Q4,Dec,Tables and Benches,1,1,639220
INV-00415,2019,12,Q4,Dec,Molding Pati,2,0,639220
INV-00439,2019,12,Q4,Dec,Silparan Kota,1,0,639220
INV-00419,2019,12,Q4,Dec,Molding Pati,4,0,639220
INV-00419,2019,12,Q4,Dec,Kanu Moulds,1,0,639220
INV-00419,2019,12,Q4,Dec,Silparan Kota,5,0,639220
INV-00441,2019,12,Q4,Dec,Tables and Benches,2,1,639220
INV-00441,2019,12,Q4,Dec,Garden Animal Moulds,2,0,639220
INV-00397,2019,12,Q4,Dec,Kanu Moulds,1,0,639220
INV-00397,2019,12,Q4,Dec,Beeralu Moulds,1,0,639220
INV-00397,2019,12,Q4,Dec,Kalugal Moulds,1,0,639220
INV-00404,2019,12,Q4,Dec,Flower Pots,1,1,639220
INV-00418,2019,12,Q4,Dec,Garden Animal Moulds,1,0,639220
INV-00418,2019,12,Q4,Dec,Flower Pots,3,1,639220
INV-00425,2019,12,Q4,Dec,Bathik Tanks,1,0,639220
INV-00430,2019,12,Q4,Dec,Roofing Sheets,1,1,639220
INV-00430,2019,12,Q4,Dec,Loover,1,1,639220
INV-00430,2019,12,Q4,Dec,Interlock,1,0,639220
INV-00430,2019,12,Q4,Dec,Doors,1,0,639220
INV-00399,2019,12,Q4,Dec,Kalugal Moulds,2,0,639220
INV-00405,2019,12,Q4,Dec,Flower Pots,1,1,639220
INV-00433,2019,12,Q4,Dec,Slab Moulds,1,0,639220
INV-00433,2019,12,Q4,Dec,Kalugal Moulds,1,0,639220
INV-00465,2020,1,Q1,Jan,Roofing Sheets,1,1,782488
INV-00465,2020,1,Q1,Jan,Interlock,1,0,782488
INV-00465,2020,1,Q1,Jan,Loover,1,1,782488
INV-00470,2020,1,Q1,Jan,Tables and Benches,4,0,782488
INV-00470,2020,1,Q1,Jan,Garden Animal Moulds,3,0,782488
INV-00493,2020,1,Q1,Jan,Interlock,1,0,782488
INV-00493,2020,1,Q1,Jan,Doors,1,1,782488
INV-00491,2020,1,Q1,Jan,Roofing Sheets,1,1,782488
INV-00469,2020,1,Q1,Jan,Silparan Kota,2,1,782488
INV-00475,2020,1,Q1,Jan,Chemical Proof Tanks,1,1,782488
INV-00475,2020,1,Q1,Jan,Bathik Tanks,1,1,782488
INV-00475,2020,1,Q1,Jan,Water Proof Tanks,1,1,782488
INV-00453,2020,1,Q1,Jan,Interlock,1,0,782488
INV-00453,2020,1,Q1,Jan,Tables and Benches,1,0,782488
INV-00485,2020,1,Q1,Jan,Roofing Sheets,1,1,782488
INV-00485,2020,1,Q1,Jan,Doors,1,1,782488
INV-00472,2020,1,Q1,Jan,Garden Animal Moulds,1,0,782488
INV-00477,2020,1,Q1,Jan,Doors,1,1,782488
INV-00477,2020,1,Q1,Jan,Roofing Sheets,1,1,782488
INV-00486,2020,1,Q1,Jan,Interlock,1,0,782488
INV-00486,2020,1,Q1,Jan,Doors,1,1,782488
INV-00484,2020,1,Q1,Jan,Kalugal Moulds,1,1,782488
INV-00484,2020,1,Q1,Jan,Beeralu Moulds,2,0,782488
INV-00484,2020,1,Q1,Jan,Slab Moulds,1,1,782488
INV-00489,2020,1,Q1,Jan,Silparan Kota,12,1,782488
INV-00489,2020,1,Q1,Jan,Slab Moulds,1,1,782488
INV-00443,2020,1,Q1,Jan,Doors,1,1,782488
INV-00443,2020,1,Q1,Jan,Loover,1,1,782488
INV-00452,2020,1,Q1,Jan,Tables and Benches,1,0,782488
INV-00452,2020,1,Q1,Jan,Garden Animal Moulds,1,0,782488
INV-00474,2020,1,Q1,Jan,Molding Pati,1,1,782488
INV-00474,2020,1,Q1,Jan,Kalugal Moulds,1,1,782488
INV-00476,2020,1,Q1,Jan,Garden Animal Moulds,1,0,782488
INV-00459,2020,1,Q1,Jan,Kanu Moulds,1,0,782488
INV-00464,2020,1,Q1,Jan,Silparan Kota,1,1,782488
INV-00464,2020,1,Q1,Jan,Molding Pati,1,1,782488
INV-00464,2020,1,Q1,Jan,Kalugal Moulds,1,1,782488
INV-00464,2020,1,Q1,Jan,Beeralu Moulds,5,0,782488
INV-00478,2020,1,Q1,Jan,Molding Pati,1,1,782488
INV-00450,2020,1,Q1,Jan,Roofing Sheets,1,1,782488
INV-00466,2020,1,Q1,Jan,Loover,1,1,782488
INV-00466,2020,1,Q1,Jan,Doors,1,1,782488
INV-00442,2020,1,Q1,Jan,Slab Moulds,1,1,782488
INV-00442,2020,1,Q1,Jan,Silparan Kota,2,1,782488
INV-00442,2020,1,Q1,Jan,Interlock,6,0,782488
INV-00455,2020,1,Q1,Jan,Interlock,3,0,782488
INV-00455,2020,1,Q1,Jan,Garden Animal Moulds,2,0,782488
INV-00455,2020,1,Q1,Jan,Tables and Benches,1,0,782488
INV-00455,2020,1,Q1,Jan,Chemical Proof Tanks,1,1,782488
INV-00454,2020,1,Q1,Jan,Tables and Benches,1,0,782488
INV-00454,2020,1,Q1,Jan,Interlock,4,0,782488
INV-00471,2020,1,Q1,Jan,Chemical Proof Tanks,1,1,782488
INV-00471,2020,1,Q1,Jan,Water Proof Tanks,1,1,782488
INV-00471,2020,1,Q1,Jan,Bathik Tanks,1,1,782488
INV-00480,2020,1,Q1,Jan,Loover,1,1,782488
INV-00444,2020,1,Q1,Jan,Kalugal Moulds,1,1,782488
INV-00483,2020,1,Q1,Jan,Doors,4,1,782488
INV-00483,2020,1,Q1,Jan,Roofing Sheets,2,1,782488
INV-00445,2020,1,Q1,Jan,Garden Animal Moulds,1,0,782488
INV-00445,2020,1,Q1,Jan,Interlock,1,0,782488
INV-00448,2020,1,Q1,Jan,Interlock,1,0,782488
INV-00448,2020,1,Q1,Jan,Doors,1,1,782488
INV-00448,2020,1,Q1,Jan,Roofing Sheets,1,1,782488
INV-00449,2020,1,Q1,Jan,Bathik Tanks,1,1,782488
INV-00482,2020,1,Q1,Jan,Garden Animal Moulds,1,0,782488
INV-00482,2020,1,Q1,Jan,Interlock,2,0,782488
INV-00488,2020,1,Q1,Jan,Kalugal Moulds,1,1,782488
INV-00492,2020,1,Q1,Jan,Flower Pots,12,0,782488
INV-00492,2020,1,Q1,Jan,Garden Animal Moulds,20,0,782488
INV-00492,2020,1,Q1,Jan,Tables and Benches,1,0,782488
INV-00446,2020,1,Q1,Jan,Kalugal Moulds,1,1,782488
INV-00446,2020,1,Q1,Jan,Silparan Kota,1,1,782488
INV-00446,2020,1,Q1,Jan,Kanu Moulds,9,0,782488
INV-00447,2020,1,Q1,Jan,Silparan Kota,5,1,782488
INV-00447,2020,1,Q1,Jan,Kanu Moulds,3,0,782488
INV-00467,2020,1,Q1,Jan,Interlock,3,0,782488
INV-00467,2020,1,Q1,Jan,Tables and Benches,1,0,782488
INV-00487,2020,1,Q1,Jan,Tables and Benches,1,0,782488
INV-00487,2020,1,Q1,Jan,Interlock,1,0,782488
INV-00451,2020,1,Q1,Jan,Beeralu Moulds,1,0,782488
INV-00451,2020,1,Q1,Jan,Kanu Moulds,1,0,782488
INV-00462,2020,1,Q1,Jan,Tables and Benches,2,0,782488
INV-00462,2020,1,Q1,Jan,Flower Pots,19,0,782488
INV-00462,2020,1,Q1,Jan,Garden Animal Moulds,2,0,782488
INV-00462,2020,1,Q1,Jan,Roofing Sheets,1,1,782488
INV-00481,2020,1,Q1,Jan,Silparan Kota,1,1,782488
INV-00481,2020,1,Q1,Jan,Kalugal Moulds,1,1,782488
INV-00481,2020,1,Q1,Jan,Molding Pati,1,1,782488
INV-00481,2020,1,Q1,Jan,Doors,3,1,782488
INV-00458,2020,1,Q1,Jan,Tables and Benches,1,0,782488
INV-00458,2020,1,Q1,Jan,Flower Pots,3,0,782488
INV-00456,2020,1,Q1,Jan,Silparan Kota,1,1,782488
INV-00457,2020,1,Q1,Jan,Beeralu Moulds,1,0,782488
INV-00468,2020,1,Q1,Jan,Water Proof Tanks,1,1,782488
INV-00468,2020,1,Q1,Jan,Chemical Proof Tanks,1,1,782488
INV-00468,2020,1,Q1,Jan,Bathik Tanks,1,1,782488
INV-00468,2020,1,Q1,Jan,Kalugal Moulds,1,1,782488
INV-00473,2020,1,Q1,Jan,Flower Pots,2,0,782488
INV-00473,2020,1,Q1,Jan,Tables and Benches,1,0,782488
INV-00473,2020,1,Q1,Jan,Garden Animal Moulds,4,0,782488
INV-00460,2020,1,Q1,Jan,Temple Items,1,1,782488
INV-00461,2020,1,Q1,Jan,Tables and Benches,1,0,782488
INV-00461,2020,1,Q1,Jan,Interlock,5,0,782488
INV-00461,2020,1,Q1,Jan,Garden Animal Moulds,2,0,782488
INV-00461,2020,1,Q1,Jan,Kalugal Moulds,1,1,782488
INV-00463,2020,1,Q1,Jan,Silparan Kota,1,1,782488
INV-00463,2020,1,Q1,Jan,Kalugal Moulds,1,1,782488
INV-00463,2020,1,Q1,Jan,Molding Pati,1,1,782488
INV-00463,2020,1,Q1,Jan,Kanu Moulds,9,0,782488
INV-00479,2020,1,Q1,Jan,Tables and Benches,1,0,782488
INV-00479,2020,1,Q1,Jan,Garden Animal Moulds,1,0,782488
INV-00490,2020,1,Q1,Jan,Roofing Sheets,1,1,782488
INV-00490,2020,1,Q1,Jan,Doors,1,1,782488
INV-00490,2020,1,Q1,Jan,Loover,1,1,782488
INV-00502,2020,2,Q1,Feb,Water Proof Tanks,1,1,313080
INV-00505,2020,2,Q1,Feb,Garden Animal Moulds,1,0,313080
INV-00505,2020,2,Q1,Feb,Interlock,3,1,313080
INV-00510,2020,2,Q1,Feb,Water Proof Tanks,1,1,313080
INV-00510,2020,2,Q1,Feb,Chemical Proof Tanks,1,1,313080
INV-00513,2020,2,Q1,Feb,Beeralu Moulds,2,1,313080
INV-00513,2020,2,Q1,Feb,Kanu Moulds,2,1,313080
INV-00513,2020,2,Q1,Feb,Slab Moulds,1,1,313080
INV-00500,2020,2,Q1,Feb,Bathik Tanks,1,1,313080
INV-00500,2020,2,Q1,Feb,Water Proof Tanks,1,1,313080
INV-00517,2020,2,Q1,Feb,Molding Pati,1,1,313080
INV-00517,2020,2,Q1,Feb,Slab Moulds,1,1,313080
INV-00501,2020,2,Q1,Feb,Kalugal Moulds,2,1,313080
INV-00501,2020,2,Q1,Feb,Molding Pati,1,1,313080
INV-00501,2020,2,Q1,Feb,Beeralu Moulds,2,1,313080
INV-00497,2020,2,Q1,Feb,Water Proof Tanks,1,1,313080
INV-00497,2020,2,Q1,Feb,Chemical Proof Tanks,1,1,313080
INV-00497,2020,2,Q1,Feb,Bathik Tanks,1,1,313080
INV-00499,2020,2,Q1,Feb,Doors,1,1,313080
INV-00499,2020,2,Q1,Feb,Roofing Sheets,4,1,313080
INV-00499,2020,2,Q1,Feb,Interlock,7,1,313080
INV-00499,2020,2,Q1,Feb,Loover,4,1,313080
INV-00504,2020,2,Q1,Feb,Interlock,1,1,313080
INV-00514,2020,2,Q1,Feb,Temple Items,1,0,313080
INV-00512,2020,2,Q1,Feb,Doors,1,1,313080
INV-00512,2020,2,Q1,Feb,Interlock,3,1,313080
INV-00512,2020,2,Q1,Feb,Roofing Sheets,1,1,313080
INV-00512,2020,2,Q1,Feb,Molding Pati,1,1,313080
INV-00507,2020,2,Q1,Feb,Doors,1,1,313080
INV-00507,2020,2,Q1,Feb,Interlock,1,1,313080
INV-00507,2020,2,Q1,Feb,Roofing Sheets,1,1,313080
INV-00507,2020,2,Q1,Feb,Loover,1,1,313080
INV-00506,2020,2,Q1,Feb,Kanu Moulds,1,1,313080
INV-00506,2020,2,Q1,Feb,Silparan Kota,4,1,313080
INV-00506,2020,2,Q1,Feb,Slab Moulds,1,1,313080
INV-00508,2020,2,Q1,Feb,Temple Items,1,0,313080
INV-00509,2020,2,Q1,Feb,Beeralu Moulds,11,1,313080
INV-00509,2020,2,Q1,Feb,Silparan Kota,2,1,313080
INV-00509,2020,2,Q1,Feb,Kalugal Moulds,1,1,313080
INV-00496,2020,2,Q1,Feb,Interlock,1,1,313080
INV-00496,2020,2,Q1,Feb,Garden Animal Moulds,1,0,313080
INV-00496,2020,2,Q1,Feb,Tables and Benches,1,0,313080
INV-00496,2020,2,Q1,Feb,Flower Pots,2,0,313080
INV-00515,2020,2,Q1,Feb,Bathik Tanks,1,1,313080
INV-00494,2020,2,Q1,Feb,Molding Pati,1,1,313080
INV-00498,2020,2,Q1,Feb,Interlock,4,1,313080
INV-00498,2020,2,Q1,Feb,Tables and Benches,1,0,313080
INV-00498,2020,2,Q1,Feb,Garden Animal Moulds,1,0,313080
INV-00503,2020,2,Q1,Feb,Chemical Proof Tanks,1,1,313080
INV-00495,2020,2,Q1,Feb,Garden Animal Moulds,1,0,313080
INV-00511,2020,2,Q1,Feb,Chemical Proof Tanks,1,1,313080
INV-00516,2020,2,Q1,Feb,Silparan Kota,1,1,313080
INV-00516,2020,2,Q1,Feb,Kalugal Moulds,1,1,313080
INV-00538,2020,3,Q1,Mar,Tables and Benches,1,1,282988
INV-00538,2020,3,Q1,Mar,Flower Pots,2,1,282988
INV-00531,2020,3,Q1,Mar,Kanu Moulds,1,1,282988
INV-00533,2020,3,Q1,Mar,Flower Pots,1,1,282988
INV-00540,2020,3,Q1,Mar,Water Proof Tanks,1,1,282988
INV-00541,2020,3,Q1,Mar,Chemical Proof Tanks,1,1,282988
INV-00519,2020,3,Q1,Mar,Garden Animal Moulds,4,1,282988
INV-00519,2020,3,Q1,Mar,Temple Items,1,0,282988
INV-00519,2020,3,Q1,Mar,Flower Pots,56,1,282988
INV-00526,2020,3,Q1,Mar,Bathik Tanks,1,1,282988
INV-00526,2020,3,Q1,Mar,Chemical Proof Tanks,1,1,282988
INV-00529,2020,3,Q1,Mar,Flower Pots,1,1,282988
INV-00529,2020,3,Q1,Mar,Garden Animal Moulds,1,1,282988
INV-00529,2020,3,Q1,Mar,Interlock,1,1,282988
INV-00529,2020,3,Q1,Mar,Tables and Benches,1,1,282988
INV-00539,2020,3,Q1,Mar,Slab Moulds,1,1,282988
INV-00539,2020,3,Q1,Mar,Silparan Kota,3,1,282988
INV-00527,2020,3,Q1,Mar,Garden Animal Moulds,1,1,282988
INV-00528,2020,3,Q1,Mar,Chemical Proof Tanks,1,1,282988
INV-00528,2020,3,Q1,Mar,Bathik Tanks,1,1,282988
INV-00537,2020,3,Q1,Mar,Water Proof Tanks,1,1,282988
INV-00537,2020,3,Q1,Mar,Chemical Proof Tanks,1,1,282988
INV-00525,2020,3,Q1,Mar,Flower Pots,3,1,282988
INV-00530,2020,3,Q1,Mar,Garden Animal Moulds,1,1,282988
INV-00520,2020,3,Q1,Mar,Chemical Proof Tanks,1,1,282988
INV-00520,2020,3,Q1,Mar,Water Proof Tanks,1,1,282988
INV-00521,2020,3,Q1,Mar,Bathik Tanks,1,1,282988
INV-00518,2020,3,Q1,Mar,Loover,1,1,282988
INV-00518,2020,3,Q1,Mar,Doors,1,1,282988
INV-00523,2020,3,Q1,Mar,Beeralu Moulds,7,1,282988
INV-00523,2020,3,Q1,Mar,Silparan Kota,1,1,282988
INV-00535,2020,3,Q1,Mar,Doors,1,1,282988
INV-00522,2020,3,Q1,Mar,Molding Pati,1,1,282988
INV-00522,2020,3,Q1,Mar,Kalugal Moulds,1,1,282988
INV-00522,2020,3,Q1,Mar,Kanu Moulds,4,1,282988
INV-00522,2020,3,Q1,Mar,Slab Moulds,1,1,282988
INV-00524,2020,3,Q1,Mar,Slab Moulds,1,1,282988
INV-00524,2020,3,Q1,Mar,Molding Pati,1,1,282988
INV-00532,2020,3,Q1,Mar,Water Proof Tanks,1,1,282988
INV-00532,2020,3,Q1,Mar,Bathik Tanks,1,1,282988
INV-00536,2020,3,Q1,Mar,Kalugal Moulds,1,1,282988
INV-00536,2020,3,Q1,Mar,Molding Pati,2,1,282988
INV-00536,2020,3,Q1,Mar,Slab Moulds,3,1,282988
INV-00536,2020,3,Q1,Mar,Silparan Kota,2,1,282988
INV-00534,2020,3,Q1,Mar,Beeralu Moulds,2,1,282988
INV-00571,2020,4,Q2,Apr,Kalugal Moulds,1,1,318066
INV-00571,2020,4,Q2,Apr,Slab Moulds,1,1,318066
INV-00571,2020,4,Q2,Apr,Silparan Kota,2,0,318066
INV-00560,2020,4,Q2,Apr,Loover,1,0,318066
INV-00568,2020,4,Q2,Apr,Tables and Benches,1,1,318066
INV-00554,2020,4,Q2,Apr,Beeralu Moulds,1,1,318066
INV-00554,2020,4,Q2,Apr,Silparan Kota,1,0,318066
INV-00559,2020,4,Q2,Apr,Tables and Benches,1,1,318066
INV-00559,2020,4,Q2,Apr,Flower Pots,15,1,318066
INV-00551,2020,4,Q2,Apr,Kalugal Moulds,1,1,318066
INV-00551,2020,4,Q2,Apr,Molding Pati,1,1,318066
INV-00556,2020,4,Q2,Apr,Bathik Tanks,1,0,318066
INV-00563,2020,4,Q2,Apr,Chemical Proof Tanks,1,1,318066
INV-00569,2020,4,Q2,Apr,Garden Animal Moulds,1,1,318066
INV-00567,2020,4,Q2,Apr,Doors,4,1,318066
INV-00567,2020,4,Q2,Apr,Roofing Sheets,3,1,318066
INV-00567,2020,4,Q2,Apr,Loover,2,0,318066
INV-00543,2020,4,Q2,Apr,Kanu Moulds,1,1,318066
INV-00549,2020,4,Q2,Apr,Tables and Benches,1,1,318066
INV-00549,2020,4,Q2,Apr,Flower Pots,6,1,318066
INV-00549,2020,4,Q2,Apr,Garden Animal Moulds,1,1,318066
INV-00549,2020,4,Q2,Apr,Interlock,1,1,318066
INV-00570,2020,4,Q2,Apr,Loover,1,0,318066
INV-00570,2020,4,Q2,Apr,Roofing Sheets,1,1,318066
INV-00570,2020,4,Q2,Apr,Interlock,1,1,318066
INV-00557,2020,4,Q2,Apr,Beeralu Moulds,22,1,318066
INV-00557,2020,4,Q2,Apr,Molding Pati,2,1,318066
INV-00557,2020,4,Q2,Apr,Kanu Moulds,9,1,318066
INV-00557,2020,4,Q2,Apr,Kalugal Moulds,2,1,318066
INV-00564,2020,4,Q2,Apr,Chemical Proof Tanks,1,1,318066
INV-00555,2020,4,Q2,Apr,Beeralu Moulds,2,1,318066
INV-00555,2020,4,Q2,Apr,Kanu Moulds,2,1,318066
INV-00544,2020,4,Q2,Apr,Water Proof Tanks,1,1,318066
INV-00561,2020,4,Q2,Apr,Beeralu Moulds,4,1,318066
INV-00561,2020,4,Q2,Apr,Kanu Moulds,2,1,318066
INV-00566,2020,4,Q2,Apr,Garden Animal Moulds,3,1,318066
INV-00542,2020,4,Q2,Apr,Interlock,1,1,318066
INV-00547,2020,4,Q2,Apr,Water Proof Tanks,1,1,318066
INV-00558,2020,4,Q2,Apr,Silparan Kota,4,0,318066
INV-00558,2020,4,Q2,Apr,Kalugal Moulds,1,1,318066
INV-00558,2020,4,Q2,Apr,Beeralu Moulds,14,1,318066
INV-00562,2020,4,Q2,Apr,Chemical Proof Tanks,1,1,318066
INV-00546,2020,4,Q2,Apr,Garden Animal Moulds,1,1,318066
INV-00546,2020,4,Q2,Apr,Tables and Benches,1,1,318066
INV-00552,2020,4,Q2,Apr,Interlock,1,1,318066
INV-00565,2020,4,Q2,Apr,Chemical Proof Tanks,1,1,318066
INV-00565,2020,4,Q2,Apr,Water Proof Tanks,1,1,318066
INV-00548,2020,4,Q2,Apr,Flower Pots,1,1,318066
INV-00548,2020,4,Q2,Apr,Interlock,1,1,318066
INV-00553,2020,4,Q2,Apr,Bathik Tanks,1,0,318066
INV-00553,2020,4,Q2,Apr,Chemical Proof Tanks,1,1,318066
INV-00553,2020,4,Q2,Apr,Water Proof Tanks,1,1,318066
INV-00553,2020,4,Q2,Apr,Kalugal Moulds,2,1,318066
INV-00545,2020,4,Q2,Apr,Interlock,1,1,318066
INV-00545,2020,4,Q2,Apr,Flower Pots,1,1,318066
INV-00550,2020,4,Q2,Apr,Beeralu Moulds,2,1,318066
INV-00577,2020,5,Q2,May,Garden Animal Moulds,1,1,158718
INV-00577,2020,5,Q2,May,Flower Pots,3,1,158718
INV-00584,2020,5,Q2,May,Interlock,1,1,158718
INV-00584,2020,5,Q2,May,Garden Animal Moulds,1,1,158718
INV-00572,2020,5,Q2,May,Interlock,1,1,158718
INV-00581,2020,5,Q2,May,Kanu Moulds,4,1,158718
INV-00581,2020,5,Q2,May,Slab Moulds,2,1,158718
INV-00581,2020,5,Q2,May,Kalugal Moulds,4,1,158718
INV-00573,2020,5,Q2,May,Molding Pati,5,0,158718
INV-00583,2020,5,Q2,May,Kanu Moulds,1,1,158718
INV-00583,2020,5,Q2,May,Slab Moulds,1,1,158718
INV-00583,2020,5,Q2,May,Beeralu Moulds,1,0,158718
INV-00575,2020,5,Q2,May,Kalugal Moulds,2,1,158718
INV-00575,2020,5,Q2,May,Silparan Kota,1,0,158718
INV-00575,2020,5,Q2,May,Slab Moulds,1,1,158718
INV-00580,2020,5,Q2,May,Interlock,15,1,158718
INV-00580,2020,5,Q2,May,Roofing Sheets,4,0,158718
INV-00580,2020,5,Q2,May,Doors,1,0,158718
INV-00585,2020,5,Q2,May,Interlock,1,1,158718
INV-00576,2020,5,Q2,May,Kalugal Moulds,1,1,158718
INV-00578,2020,5,Q2,May,Tables and Benches,1,1,158718
INV-00578,2020,5,Q2,May,Interlock,1,1,158718
INV-00578,2020,5,Q2,May,Flower Pots,1,1,158718
INV-00582,2020,5,Q2,May,Flower Pots,2,1,158718
INV-00582,2020,5,Q2,May,Interlock,1,1,158718
INV-00582,2020,5,Q2,May,Garden Animal Moulds,1,1,158718
INV-00582,2020,5,Q2,May,Tables and Benches,1,1,158718
INV-00579,2020,5,Q2,May,Silparan Kota,1,0,158718
INV-00579,2020,5,Q2,May,Molding Pati,1,0,158718
INV-00574,2020,5,Q2,May,Flower Pots,1,1,158718
INV-00574,2020,5,Q2,May,Garden Animal Moulds,1,1,158718
INV-00586,2020,5,Q2,May,Slab Moulds,1,1,158718
INV-00586,2020,5,Q2,May,Kalugal Moulds,1,1,158718
INV-00586,2020,5,Q2,May,Beeralu Moulds,4,0,158718
INV-00601,2020,6,Q2,Jun,Temple Items,1,0,127404
INV-00595,2020,6,Q2,Jun,Molding Pati,1,0,127404
INV-00595,2020,6,Q2,Jun,Kalugal Moulds,1,0,127404
INV-00593,2020,6,Q2,Jun,Garden Animal Moulds,1,1,127404
INV-00593,2020,6,Q2,Jun,Temple Items,1,0,127404
INV-00593,2020,6,Q2,Jun,Flower Pots,1,0,127404
INV-00592,2020,6,Q2,Jun,Garden Animal Moulds,1,1,127404
INV-00602,2020,6,Q2,Jun,Interlock,1,1,127404
INV-00587,2020,6,Q2,Jun,Molding Pati,1,0,127404
INV-00587,2020,6,Q2,Jun,Silparan Kota,1,0,127404
INV-00590,2020,6,Q2,Jun,Interlock,1,1,127404
INV-00590,2020,6,Q2,Jun,Roofing Sheets,1,0,127404
INV-00590,2020,6,Q2,Jun,Loover,1,0,127404
INV-00596,2020,6,Q2,Jun,Garden Animal Moulds,3,1,127404
INV-00596,2020,6,Q2,Jun,Tables and Benches,1,0,127404
INV-00588,2020,6,Q2,Jun,Interlock,1,1,127404
INV-00589,2020,6,Q2,Jun,Interlock,9,1,127404
INV-00589,2020,6,Q2,Jun,Loover,1,0,127404
INV-00599,2020,6,Q2,Jun,Loover,1,0,127404
INV-00599,2020,6,Q2,Jun,Roofing Sheets,1,0,127404
INV-00600,2020,6,Q2,Jun,Interlock,1,1,127404
INV-00594,2020,6,Q2,Jun,Kalugal Moulds,1,0,127404
INV-00594,2020,6,Q2,Jun,Silparan Kota,3,0,127404
INV-00594,2020,6,Q2,Jun,Slab Moulds,1,0,127404
INV-00597,2020,6,Q2,Jun,Molding Pati,3,0,127404
INV-00591,2020,6,Q2,Jun,Garden Animal Moulds,1,1,127404
INV-00591,2020,6,Q2,Jun,Temple Items,1,0,127404
INV-00591,2020,6,Q2,Jun,Flower Pots,9,0,127404
INV-00598,2020,6,Q2,Jun,Interlock,1,1,127404
INV-00598,2020,6,Q2,Jun,Loover,1,0,127404
INV-00610,2020,7,Q3,Jul,Kanu Moulds,3,0,146434
INV-00610,2020,7,Q3,Jul,Silparan Kota,7,0,146434
INV-00610,2020,7,Q3,Jul,Slab Moulds,1,0,146434
INV-00607,2020,7,Q3,Jul,Interlock,1,0,146434
INV-00607,2020,7,Q3,Jul,Tables and Benches,1,0,146434
INV-00603,2020,7,Q3,Jul,Loover,1,0,146434
INV-00605,2020,7,Q3,Jul,Kalugal Moulds,1,0,146434
INV-00608,2020,7,Q3,Jul,Chemical Proof Tanks,1,0,146434
INV-00608,2020,7,Q3,Jul,Bathik Tanks,1,0,146434
INV-00604,2020,7,Q3,Jul,Bathik Tanks,1,0,146434
INV-00604,2020,7,Q3,Jul,Chemical Proof Tanks,1,0,146434
INV-00611,2020,7,Q3,Jul,Chemical Proof Tanks,1,0,146434
INV-00612,2020,7,Q3,Jul,Kalugal Moulds,1,0,146434
INV-00612,2020,7,Q3,Jul,Molding Pati,1,0,146434
INV-00606,2020,7,Q3,Jul,Bathik Tanks,1,0,146434
INV-00606,2020,7,Q3,Jul,Chemical Proof Tanks,1,0,146434
INV-00606,2020,7,Q3,Jul,Kalugal Moulds,3,0,146434
INV-00614,2020,7,Q3,Jul,Roofing Sheets,1,0,146434
INV-00614,2020,7,Q3,Jul,Doors,1,0,146434
INV-00614,2020,7,Q3,Jul,Loover,1,0,146434
INV-00609,2020,7,Q3,Jul,Interlock,1,0,146434
INV-00609,2020,7,Q3,Jul,Loover,1,0,146434
INV-00609,2020,7,Q3,Jul,Roofing Sheets,1,0,146434
INV-00613,2020,7,Q3,Jul,Loover,1,0,146434
INV-00616,2020,8,Q3,Aug,Kanu Moulds,1,0,194333
INV-00616,2020,8,Q3,Aug,Molding Pati,1,0,194333
INV-00616,2020,8,Q3,Aug,Slab Moulds,1,0,194333
INV-00615,2020,8,Q3,Aug,Interlock,1,0,194333
INV-00615,2020,8,Q3,Aug,Doors,1,0,194333
INV-00622,2020,8,Q3,Aug,Kalugal Moulds,1,0,194333
INV-00627,2020,8,Q3,Aug,Garden Animal Moulds,3,0,194333
INV-00618,2020,8,Q3,Aug,Silparan Kota,1,0,194333
INV-00618,2020,8,Q3,Aug,Kanu Moulds,1,0,194333
INV-00618,2020,8,Q3,Aug,Beeralu Moulds,1,0,194333
INV-00637,2020,8,Q3,Aug,Beeralu Moulds,1,0,194333
INV-00639,2020,8,Q3,Aug,Beeralu Moulds,1,0,194333
INV-00639,2020,8,Q3,Aug,Silparan Kota,2,0,194333
INV-00619,2020,8,Q3,Aug,Roofing Sheets,1,0,194333
INV-00640,2020,8,Q3,Aug,Water Proof Tanks,1,0,194333
INV-00640,2020,8,Q3,Aug,Bathik Tanks,1,0,194333
INV-00640,2020,8,Q3,Aug,Chemical Proof Tanks,1,0,194333
INV-00620,2020,8,Q3,Aug,Garden Animal Moulds,3,0,194333
INV-00620,2020,8,Q3,Aug,Interlock,2,0,194333
INV-00626,2020,8,Q3,Aug,Kanu Moulds,2,0,194333
INV-00636,2020,8,Q3,Aug,Loover,1,0,194333
INV-00629,2020,8,Q3,Aug,Molding Pati,2,0,194333
INV-00629,2020,8,Q3,Aug,Kalugal Moulds,1,0,194333
INV-00629,2020,8,Q3,Aug,Silparan Kota,1,0,194333
INV-00631,2020,8,Q3,Aug,Kalugal Moulds,1,0,194333
INV-00631,2020,8,Q3,Aug,Kanu Moulds,5,0,194333
INV-00617,2020,8,Q3,Aug,Temple Items,1,0,194333
INV-00617,2020,8,Q3,Aug,Flower Pots,1,0,194333
INV-00617,2020,8,Q3,Aug,Garden Animal Moulds,1,0,194333
INV-00635,2020,8,Q3,Aug,Temple Items,1,0,194333
INV-00635,2020,8,Q3,Aug,Flower Pots,1,0,194333
INV-00635,2020,8,Q3,Aug,Garden Animal Moulds,1,0,194333
INV-00623,2020,8,Q3,Aug,Doors,1,0,194333
INV-00634,2020,8,Q3,Aug,Garden Animal Moulds,1,0,194333
INV-00634,2020,8,Q3,Aug,Interlock,1,0,194333
INV-00634,2020,8,Q3,Aug,Tables and Benches,1,0,194333
INV-00624,2020,8,Q3,Aug,Flower Pots,15,0,194333
INV-00621,2020,8,Q3,Aug,Slab Moulds,1,0,194333
INV-00621,2020,8,Q3,Aug,Kanu Moulds,5,0,194333
INV-00632,2020,8,Q3,Aug,Slab Moulds,2,0,194333
INV-00633,2020,8,Q3,Aug,Flower Pots,18,0,194333
INV-00633,2020,8,Q3,Aug,Garden Animal Moulds,1,0,194333
INV-00633,2020,8,Q3,Aug,Tables and Benches,1,0,194333
INV-00625,2020,8,Q3,Aug,Doors,1,0,194333
INV-00625,2020,8,Q3,Aug,Interlock,2,0,194333
INV-00625,2020,8,Q3,Aug,Loover,1,0,194333
INV-00625,2020,8,Q3,Aug,Roofing Sheets,1,0,194333
INV-00628,2020,8,Q3,Aug,Roofing Sheets,1,0,194333
INV-00628,2020,8,Q3,Aug,Doors,1,0,194333
INV-00628,2020,8,Q3,Aug,Interlock,1,0,194333
INV-00630,2020,8,Q3,Aug,Slab Moulds,1,0,194333
INV-00630,2020,8,Q3,Aug,Kalugal Moulds,1,0,194333
INV-00638,2020,8,Q3,Aug,Tables and Benches,1,0,194333
INV-00638,2020,8,Q3,Aug,Garden Animal Moulds,1,0,194333
INV-00638,2020,8,Q3,Aug,Flower Pots,1,0,194333
INV-00669,2020,9,Q3,Sep,Chemical Proof Tanks,1,0,377853
INV-00644,2020,9,Q3,Sep,Roofing Sheets,1,0,377853
INV-00644,2020,9,Q3,Sep,Doors,1,0,377853
INV-00658,2020,9,Q3,Sep,Flower Pots,1,0,377853
INV-00664,2020,9,Q3,Sep,Bathik Tanks,1,0,377853
INV-00664,2020,9,Q3,Sep,Chemical Proof Tanks,1,0,377853
INV-00672,2020,9,Q3,Sep,Garden Animal Moulds,1,0,377853
INV-00672,2020,9,Q3,Sep,Interlock,1,0,377853
INV-00645,2020,9,Q3,Sep,Bathik Tanks,1,0,377853
INV-00645,2020,9,Q3,Sep,Water Proof Tanks,1,0,377853
INV-00645,2020,9,Q3,Sep,Chemical Proof Tanks,1,0,377853
INV-00647,2020,9,Q3,Sep,Slab Moulds,1,0,377853
INV-00677,2020,9,Q3,Sep,Chemical Proof Tanks,1,0,377853
INV-00649,2020,9,Q3,Sep,Tables and Benches,1,0,377853
INV-00651,2020,9,Q3,Sep,Molding Pati,1,0,377853
INV-00663,2020,9,Q3,Sep,Interlock,5,0,377853
INV-00663,2020,9,Q3,Sep,Loover,1,0,377853
INV-00655,2020,9,Q3,Sep,Chemical Proof Tanks,1,0,377853
INV-00655,2020,9,Q3,Sep,Water Proof Tanks,1,0,377853
INV-00655,2020,9,Q3,Sep,Bathik Tanks,1,0,377853
INV-00662,2020,9,Q3,Sep,Loover,1,0,377853
INV-00662,2020,9,Q3,Sep,Doors,1,0,377853
INV-00643,2020,9,Q3,Sep,Roofing Sheets,1,0,377853
INV-00643,2020,9,Q3,Sep,Interlock,1,0,377853
INV-00643,2020,9,Q3,Sep,Loover,1,0,377853
INV-00643,2020,9,Q3,Sep,Doors,1,0,377853
INV-00670,2020,9,Q3,Sep,Garden Animal Moulds,1,0,377853
INV-00670,2020,9,Q3,Sep,Tables and Benches,1,0,377853
INV-00668,2020,9,Q3,Sep,Flower Pots,2,0,377853
INV-00668,2020,9,Q3,Sep,Interlock,1,0,377853
INV-00648,2020,9,Q3,Sep,Temple Items,1,0,377853
INV-00648,2020,9,Q3,Sep,Flower Pots,12,0,377853
INV-00667,2020,9,Q3,Sep,Doors,1,0,377853
INV-00667,2020,9,Q3,Sep,Interlock,1,0,377853
INV-00675,2020,9,Q3,Sep,Water Proof Tanks,1,0,377853
INV-00656,2020,9,Q3,Sep,Garden Animal Moulds,2,0,377853
INV-00656,2020,9,Q3,Sep,Tables and Benches,1,0,377853
INV-00656,2020,9,Q3,Sep,Flower Pots,2,0,377853
INV-00656,2020,9,Q3,Sep,Interlock,4,0,377853
INV-00660,2020,9,Q3,Sep,Slab Moulds,1,0,377853
INV-00654,2020,9,Q3,Sep,Tables and Benches,1,0,377853
INV-00659,2020,9,Q3,Sep,Garden Animal Moulds,3,0,377853
INV-00659,2020,9,Q3,Sep,Temple Items,1,0,377853
INV-00671,2020,9,Q3,Sep,Beeralu Moulds,3,0,377853
INV-00671,2020,9,Q3,Sep,Kalugal Moulds,1,0,377853
INV-00678,2020,9,Q3,Sep,Chemical Proof Tanks,1,0,377853
INV-00678,2020,9,Q3,Sep,Bathik Tanks,1,0,377853
INV-00641,2020,9,Q3,Sep,Interlock,1,0,377853
INV-00641,2020,9,Q3,Sep,Tables and Benches,1,0,377853
INV-00641,2020,9,Q3,Sep,Flower Pots,4,0,377853
INV-00646,2020,9,Q3,Sep,Silparan Kota,4,0,377853
INV-00646,2020,9,Q3,Sep,Kanu Moulds,5,0,377853
INV-00646,2020,9,Q3,Sep,Slab Moulds,1,0,377853
INV-00650,2020,9,Q3,Sep,Tables and Benches,1,0,377853
INV-00650,2020,9,Q3,Sep,Flower Pots,5,0,377853
INV-00650,2020,9,Q3,Sep,Garden Animal Moulds,1,0,377853
INV-00652,2020,9,Q3,Sep,Kalugal Moulds,1,0,377853
INV-00652,2020,9,Q3,Sep,Beeralu Moulds,1,0,377853
INV-00653,2020,9,Q3,Sep,Bathik Tanks,1,0,377853
INV-00657,2020,9,Q3,Sep,Tables and Benches,1,0,377853
INV-00657,2020,9,Q3,Sep,Flower Pots,1,0,377853
INV-00657,2020,9,Q3,Sep,Interlock,1,0,377853
INV-00657,2020,9,Q3,Sep,Garden Animal Moulds,1,0,377853
INV-00674,2020,9,Q3,Sep,Chemical Proof Tanks,1,0,377853
INV-00674,2020,9,Q3,Sep,Bathik Tanks,1,0,377853
INV-00661,2020,9,Q3,Sep,Slab Moulds,1,0,377853
INV-00661,2020,9,Q3,Sep,Kanu Moulds,1,0,377853
INV-00661,2020,9,Q3,Sep,Beeralu Moulds,2,0,377853
INV-00642,2020,9,Q3,Sep,Interlock,1,0,377853
INV-00666,2020,9,Q3,Sep,Flower Pots,14,0,377853
INV-00666,2020,9,Q3,Sep,Garden Animal Moulds,7,0,377853
INV-00676,2020,9,Q3,Sep,Doors,1,0,377853
INV-00665,2020,9,Q3,Sep,Tables and Benches,1,0,377853
INV-00665,2020,9,Q3,Sep,Interlock,1,0,377853
INV-00665,2020,9,Q3,Sep,Flower Pots,5,0,377853
INV-00665,2020,9,Q3,Sep,Loover,2,0,377853
INV-00673,2020,9,Q3,Sep,Silparan Kota,1,0,377853
INV-00673,2020,9,Q3,Sep,Kanu Moulds,1,0,377853
INV-00686,2020,10,Q4,Oct,Beeralu Moulds,1,0,182369
INV-00686,2020,10,Q4,Oct,Molding Pati,1,0,182369
INV-00694,2020,10,Q4,Oct,Kanu Moulds,1,0,182369
INV-00694,2020,10,Q4,Oct,Silparan Kota,2,1,182369
INV-00694,2020,10,Q4,Oct,Molding Pati,1,0,182369
INV-00698,2020,10,Q4,Oct,Bathik Tanks,1,0,182369
INV-00698,2020,10,Q4,Oct,Water Proof Tanks,1,0,182369
INV-00682,2020,10,Q4,Oct,Chemical Proof Tanks,1,0,182369
INV-00682,2020,10,Q4,Oct,Bathik Tanks,1,0,182369
INV-00680,2020,10,Q4,Oct,Doors,1,0,182369
INV-00689,2020,10,Q4,Oct,Loover,1,0,182369
INV-00689,2020,10,Q4,Oct,Doors,1,0,182369
INV-00689,2020,10,Q4,Oct,Silparan Kota,5,1,182369
INV-00695,2020,10,Q4,Oct,Silparan Kota,2,1,182369
INV-00695,2020,10,Q4,Oct,Molding Pati,1,0,182369
INV-00695,2020,10,Q4,Oct,Beeralu Moulds,7,0,182369
INV-00693,2020,10,Q4,Oct,Bathik Tanks,1,0,182369
INV-00683,2020,10,Q4,Oct,Garden Animal Moulds,1,0,182369
INV-00683,2020,10,Q4,Oct,Temple Items,1,0,182369
INV-00691,2020,10,Q4,Oct,Flower Pots,1,0,182369
INV-00690,2020,10,Q4,Oct,Garden Animal Moulds,2,0,182369
INV-00690,2020,10,Q4,Oct,Tables and Benches,1,0,182369
INV-00687,2020,10,Q4,Oct,Interlock,2,0,182369
INV-00681,2020,10,Q4,Oct,Beeralu Moulds,9,0,182369
INV-00684,2020,10,Q4,Oct,Silparan Kota,3,1,182369
INV-00696,2020,10,Q4,Oct,Doors,1,0,182369
INV-00696,2020,10,Q4,Oct,Loover,1,0,182369
INV-00696,2020,10,Q4,Oct,Roofing Sheets,1,0,182369
INV-00688,2020,10,Q4,Oct,Tables and Benches,1,0,182369
INV-00688,2020,10,Q4,Oct,Interlock,1,0,182369
INV-00688,2020,10,Q4,Oct,Flower Pots,1,0,182369
INV-00685,2020,10,Q4,Oct,Beeralu Moulds,1,0,182369
INV-00685,2020,10,Q4,Oct,Silparan Kota,1,1,182369
INV-00701,2020,10,Q4,Oct,Water Proof Tanks,1,0,182369
INV-00701,2020,10,Q4,Oct,Chemical Proof Tanks,1,0,182369
INV-00697,2020,10,Q4,Oct,Beeralu Moulds,1,0,182369
INV-00697,2020,10,Q4,Oct,Kanu Moulds,1,0,182369
INV-00679,2020,10,Q4,Oct,Roofing Sheets,1,0,182369
INV-00700,2020,10,Q4,Oct,Loover,1,0,182369
INV-00699,2020,10,Q4,Oct,Temple Items,1,0,182369
INV-00692,2020,10,Q4,Oct,Molding Pati,1,0,182369
INV-00692,2020,10,Q4,Oct,Kalugal Moulds,1,0,182369
INV-00729,2020,11,Q4,Nov,Doors,1,0,692168
INV-00729,2020,11,Q4,Nov,Interlock,4,0,692168
INV-00729,2020,11,Q4,Nov,Roofing Sheets,1,0,692168
INV-00729,2020,11,Q4,Nov,Loover,2,1,692168
INV-00704,2020,11,Q4,Nov,Silparan Kota,1,1,692168
INV-00705,2020,11,Q4,Nov,Tables and Benches,1,0,692168
INV-00705,2020,11,Q4,Nov,Garden Animal Moulds,4,0,692168
INV-00705,2020,11,Q4,Nov,Flower Pots,8,0,692168
INV-00723,2020,11,Q4,Nov,Silparan Kota,4,1,692168
INV-00723,2020,11,Q4,Nov,Slab Moulds,1,0,692168
INV-00726,2020,11,Q4,Nov,Beeralu Moulds,4,0,692168
INV-00726,2020,11,Q4,Nov,Silparan Kota,2,1,692168
INV-00746,2020,11,Q4,Nov,Molding Pati,1,0,692168
INV-00746,2020,11,Q4,Nov,Beeralu Moulds,3,0,692168
INV-00711,2020,11,Q4,Nov,Temple Items,1,0,692168
INV-00711,2020,11,Q4,Nov,Garden Animal Moulds,1,0,692168
INV-00711,2020,11,Q4,Nov,Flower Pots,1,0,692168
INV-00702,2020,11,Q4,Nov,Roofing Sheets,1,0,692168
INV-00702,2020,11,Q4,Nov,Loover,1,1,692168
INV-00702,2020,11,Q4,Nov,Doors,1,0,692168
INV-00731,2020,11,Q4,Nov,Interlock,2,0,692168
INV-00744,2020,11,Q4,Nov,Kalugal Moulds,1,0,692168
INV-00714,2020,11,Q4,Nov,Tables and Benches,1,0,692168
INV-00714,2020,11,Q4,Nov,Flower Pots,1,0,692168
INV-00714,2020,11,Q4,Nov,Interlock,2,0,692168
INV-00739,2020,11,Q4,Nov,Temple Items,1,0,692168
INV-00739,2020,11,Q4,Nov,Garden Animal Moulds,1,0,692168
INV-00745,2020,11,Q4,Nov,Bathik Tanks,1,0,692168
INV-00745,2020,11,Q4,Nov,Chemical Proof Tanks,1,0,692168
INV-00745,2020,11,Q4,Nov,Water Proof Tanks,1,0,692168
INV-00750,2020,11,Q4,Nov,Loover,1,1,692168
INV-00750,2020,11,Q4,Nov,Doors,1,0,692168
INV-00750,2020,11,Q4,Nov,Interlock,1,0,692168
INV-00742,2020,11,Q4,Nov,Bathik Tanks,1,0,692168
INV-00753,2020,11,Q4,Nov,Doors,1,0,692168
INV-00738,2020,11,Q4,Nov,Tables and Benches,1,0,692168
INV-00716,2020,11,Q4,Nov,Kalugal Moulds,1,0,692168
INV-00716,2020,11,Q4,Nov,Silparan Kota,1,1,692168
INV-00725,2020,11,Q4,Nov,Garden Animal Moulds,6,0,692168
INV-00725,2020,11,Q4,Nov,Interlock,1,0,692168
INV-00725,2020,11,Q4,Nov,Tables and Benches,1,0,692168
INV-00725,2020,11,Q4,Nov,Flower Pots,22,0,692168
INV-00749,2020,11,Q4,Nov,Water Proof Tanks,1,0,692168
INV-00749,2020,11,Q4,Nov,Bathik Tanks,1,0,692168
INV-00719,2020,11,Q4,Nov,Garden Animal Moulds,1,0,692168
INV-00709,2020,11,Q4,Nov,Tables and Benches,1,0,692168
INV-00709,2020,11,Q4,Nov,Interlock,7,0,692168
INV-00715,2020,11,Q4,Nov,Beeralu Moulds,2,0,692168
INV-00715,2020,11,Q4,Nov,Molding Pati,1,0,692168
INV-00724,2020,11,Q4,Nov,Flower Pots,52,0,692168
INV-00724,2020,11,Q4,Nov,Interlock,4,0,692168
INV-00724,2020,11,Q4,Nov,Garden Animal Moulds,7,0,692168
INV-00724,2020,11,Q4,Nov,Tables and Benches,3,0,692168
INV-00735,2020,11,Q4,Nov,Water Proof Tanks,1,0,692168
INV-00735,2020,11,Q4,Nov,Chemical Proof Tanks,1,0,692168
INV-00735,2020,11,Q4,Nov,Bathik Tanks,1,0,692168
INV-00752,2020,11,Q4,Nov,Interlock,1,0,692168
INV-00752,2020,11,Q4,Nov,Tables and Benches,1,0,692168
INV-00727,2020,11,Q4,Nov,Interlock,1,0,692168
INV-00727,2020,11,Q4,Nov,Loover,1,1,692168
INV-00727,2020,11,Q4,Nov,Roofing Sheets,1,0,692168
INV-00737,2020,11,Q4,Nov,Kanu Moulds,2,0,692168
INV-00717,2020,11,Q4,Nov,Interlock,1,0,692168
INV-00703,2020,11,Q4,Nov,Temple Items,1,0,692168
INV-00706,2020,11,Q4,Nov,Silparan Kota,18,1,692168
INV-00706,2020,11,Q4,Nov,Kanu Moulds,11,0,692168
INV-00707,2020,11,Q4,Nov,Temple Items,1,0,692168
INV-00755,2020,11,Q4,Nov,Beeralu Moulds,4,0,692168
INV-00755,2020,11,Q4,Nov,Kalugal Moulds,1,0,692168
INV-00733,2020,11,Q4,Nov,Beeralu Moulds,5,0,692168
INV-00736,2020,11,Q4,Nov,Garden Animal Moulds,1,0,692168
INV-00721,2020,11,Q4,Nov,Loover,1,1,692168
INV-00732,2020,11,Q4,Nov,Interlock,2,0,692168
INV-00732,2020,11,Q4,Nov,Roofing Sheets,1,0,692168
INV-00720,2020,11,Q4,Nov,Interlock,1,0,692168
INV-00720,2020,11,Q4,Nov,Loover,1,1,692168
INV-00720,2020,11,Q4,Nov,Roofing Sheets,1,0,692168
INV-00730,2020,11,Q4,Nov,Flower Pots,2,0,692168
INV-00734,2020,11,Q4,Nov,Interlock,1,0,692168
INV-00734,2020,11,Q4,Nov,Tables and Benches,1,0,692168
INV-00734,2020,11,Q4,Nov,Garden Animal Moulds,1,0,692168
INV-00734,2020,11,Q4,Nov,Temple Items,2,0,692168
INV-00722,2020,11,Q4,Nov,Chemical Proof Tanks,1,0,692168
INV-00722,2020,11,Q4,Nov,Water Proof Tanks,1,0,692168
INV-00748,2020,11,Q4,Nov,Flower Pots,2,0,692168
INV-00748,2020,11,Q4,Nov,Tables and Benches,1,0,692168
INV-00748,2020,11,Q4,Nov,Interlock,1,0,692168
INV-00751,2020,11,Q4,Nov,Kanu Moulds,1,0,692168
INV-00751,2020,11,Q4,Nov,Beeralu Moulds,1,0,692168
INV-00728,2020,11,Q4,Nov,Kanu Moulds,1,0,692168
INV-00728,2020,11,Q4,Nov,Slab Moulds,1,0,692168
INV-00708,2020,11,Q4,Nov,Loover,1,1,692168
INV-00708,2020,11,Q4,Nov,Roofing Sheets,1,0,692168
INV-00741,2020,11,Q4,Nov,Beeralu Moulds,1,0,692168
INV-00741,2020,11,Q4,Nov,Molding Pati,3,0,692168
INV-00754,2020,11,Q4,Nov,Temple Items,1,0,692168
INV-00754,2020,11,Q4,Nov,Flower Pots,1,0,692168
INV-00756,2020,11,Q4,Nov,Flower Pots,1,0,692168
INV-00718,2020,11,Q4,Nov,Molding Pati,1,0,692168
INV-00718,2020,11,Q4,Nov,Slab Moulds,1,0,692168
INV-00710,2020,11,Q4,Nov,Flower Pots,1,0,692168
INV-00710,2020,11,Q4,Nov,Garden Animal Moulds,1,0,692168
INV-00710,2020,11,Q4,Nov,Tables and Benches,1,0,692168
INV-00747,2020,11,Q4,Nov,Silparan Kota,9,1,692168
INV-00712,2020,11,Q4,Nov,Loover,1,1,692168
INV-00712,2020,11,Q4,Nov,Doors,1,0,692168
INV-00712,2020,11,Q4,Nov,Roofing Sheets,1,0,692168
INV-00713,2020,11,Q4,Nov,Kanu Moulds,1,0,692168
INV-00713,2020,11,Q4,Nov,Kalugal Moulds,1,0,692168
INV-00713,2020,11,Q4,Nov,Slab Moulds,1,0,692168
INV-00740,2020,11,Q4,Nov,Silparan Kota,1,1,692168
INV-00740,2020,11,Q4,Nov,Beeralu Moulds,1,0,692168
INV-00743,2020,11,Q4,Nov,Temple Items,1,0,692168
INV-00757,2020,12,Q4,Dec,Chemical Proof Tanks,1,0,144039
INV-00757,2020,12,Q4,Dec,Bathik Tanks,1,0,144039
INV-00774,2020,12,Q4,Dec,Tables and Benches,1,1,144039
INV-00774,2020,12,Q4,Dec,Flower Pots,1,1,144039
INV-00767,2020,12,Q4,Dec,Chemical Proof Tanks,1,0,144039
INV-00763,2020,12,Q4,Dec,Temple Items,1,1,144039
INV-00763,2020,12,Q4,Dec,Garden Animal Moulds,1,0,144039
INV-00768,2020,12,Q4,Dec,Roofing Sheets,1,1,144039
INV-00776,2020,12,Q4,Dec,Chemical Proof Tanks,1,0,144039
INV-00776,2020,12,Q4,Dec,Bathik Tanks,1,0,144039
INV-00781,2020,12,Q4,Dec,Kalugal Moulds,1,0,144039
INV-00761,2020,12,Q4,Dec,Tables and Benches,1,1,144039
INV-00759,2020,12,Q4,Dec,Flower Pots,5,1,144039
INV-00759,2020,12,Q4,Dec,Temple Items,1,1,144039
INV-00762,2020,12,Q4,Dec,Kalugal Moulds,1,0,144039
INV-00762,2020,12,Q4,Dec,Silparan Kota,2,0,144039
INV-00764,2020,12,Q4,Dec,Doors,1,0,144039
INV-00764,2020,12,Q4,Dec,Loover,1,1,144039
INV-00760,2020,12,Q4,Dec,Tables and Benches,1,1,144039
INV-00760,2020,12,Q4,Dec,Interlock,1,0,144039
INV-00775,2020,12,Q4,Dec,Flower Pots,5,1,144039
INV-00775,2020,12,Q4,Dec,Temple Items,1,1,144039
INV-00772,2020,12,Q4,Dec,Silparan Kota,2,0,144039
INV-00773,2020,12,Q4,Dec,Molding Pati,3,0,144039
INV-00773,2020,12,Q4,Dec,Kalugal Moulds,1,0,144039
INV-00758,2020,12,Q4,Dec,Chemical Proof Tanks,1,0,144039
INV-00758,2020,12,Q4,Dec,Bathik Tanks,1,0,144039
INV-00769,2020,12,Q4,Dec,Beeralu Moulds,1,0,144039
INV-00769,2020,12,Q4,Dec,Slab Moulds,1,0,144039
INV-00769,2020,12,Q4,Dec,Silparan Kota,1,0,144039
INV-00765,2020,12,Q4,Dec,Kanu Moulds,4,0,144039
INV-00771,2020,12,Q4,Dec,Doors,1,0,144039
INV-00771,2020,12,Q4,Dec,Roofing Sheets,1,1,144039
INV-00779,2020,12,Q4,Dec,Interlock,1,0,144039
INV-00777,2020,12,Q4,Dec,Flower Pots,1,1,144039
INV-00777,2020,12,Q4,Dec,Tables and Benches,1,1,144039
INV-00766,2020,12,Q4,Dec,Beeralu Moulds,1,0,144039
INV-00778,2020,12,Q4,Dec,Roofing Sheets,1,1,144039
INV-00770,2020,12,Q4,Dec,Roofing Sheets,2,1,144039
INV-00770,2020,12,Q4,Dec,Doors,1,0,144039
INV-00770,2020,12,Q4,Dec,Loover,1,1,144039
INV-00780,2020,12,Q4,Dec,Tables and Benches,1,1,144039
INV-00780,2020,12,Q4,Dec,Flower Pots,6,1,144039
INV-00830,2021,1,Q1,Jan,Bathik Tanks,1,1,482257
INV-00830,2021,1,Q1,Jan,Chemical Proof Tanks,1,1,482257
INV-00787,2021,1,Q1,Jan,Interlock,1,0,482257
INV-00787,2021,1,Q1,Jan,Flower Pots,1,0,482257
INV-00787,2021,1,Q1,Jan,Tables and Benches,1,0,482257
INV-00821,2021,1,Q1,Jan,Doors,1,1,482257
INV-00803,2021,1,Q1,Jan,Silparan Kota,1,1,482257
INV-00803,2021,1,Q1,Jan,Slab Moulds,1,1,482257
INV-00803,2021,1,Q1,Jan,Kalugal Moulds,1,1,482257
INV-00817,2021,1,Q1,Jan,Bathik Tanks,1,1,482257
INV-00817,2021,1,Q1,Jan,Water Proof Tanks,1,1,482257
INV-00831,2021,1,Q1,Jan,Garden Animal Moulds,1,0,482257
INV-00831,2021,1,Q1,Jan,Temple Items,1,1,482257
INV-00831,2021,1,Q1,Jan,Flower Pots,2,0,482257
INV-00792,2021,1,Q1,Jan,Garden Animal Moulds,1,0,482257
INV-00792,2021,1,Q1,Jan,Tables and Benches,1,0,482257
INV-00795,2021,1,Q1,Jan,Flower Pots,1,0,482257
INV-00815,2021,1,Q1,Jan,Water Proof Tanks,1,1,482257
INV-00815,2021,1,Q1,Jan,Bathik Tanks,1,1,482257
INV-00815,2021,1,Q1,Jan,Chemical Proof Tanks,2,1,482257
INV-00815,2021,1,Q1,Jan,Tables and Benches,1,0,482257
INV-00786,2021,1,Q1,Jan,Interlock,1,0,482257
INV-00796,2021,1,Q1,Jan,Beeralu Moulds,5,0,482257
INV-00796,2021,1,Q1,Jan,Molding Pati,1,1,482257
INV-00799,2021,1,Q1,Jan,Kalugal Moulds,1,1,482257
INV-00800,2021,1,Q1,Jan,Beeralu Moulds,1,0,482257
INV-00800,2021,1,Q1,Jan,Kalugal Moulds,1,1,482257
INV-00800,2021,1,Q1,Jan,Slab Moulds,2,1,482257
INV-00800,2021,1,Q1,Jan,Silparan Kota,1,1,482257
INV-00818,2021,1,Q1,Jan,Beeralu Moulds,2,0,482257
INV-00818,2021,1,Q1,Jan,Molding Pati,1,1,482257
INV-00818,2021,1,Q1,Jan,Kalugal Moulds,6,1,482257
INV-00818,2021,1,Q1,Jan,Slab Moulds,1,1,482257
INV-00822,2021,1,Q1,Jan,Silparan Kota,2,1,482257
INV-00822,2021,1,Q1,Jan,Kalugal Moulds,1,1,482257
INV-00805,2021,1,Q1,Jan,Molding Pati,1,1,482257
INV-00811,2021,1,Q1,Jan,Temple Items,1,1,482257
INV-00811,2021,1,Q1,Jan,Flower Pots,1,0,482257
INV-00809,2021,1,Q1,Jan,Garden Animal Moulds,11,0,482257
INV-00809,2021,1,Q1,Jan,Tables and Benches,1,0,482257
INV-00809,2021,1,Q1,Jan,Flower Pots,2,0,482257
INV-00794,2021,1,Q1,Jan,Kanu Moulds,1,0,482257
INV-00794,2021,1,Q1,Jan,Slab Moulds,1,1,482257
INV-00804,2021,1,Q1,Jan,Chemical Proof Tanks,1,1,482257
INV-00823,2021,1,Q1,Jan,Interlock,2,0,482257
INV-00788,2021,1,Q1,Jan,Roofing Sheets,1,1,482257
INV-00801,2021,1,Q1,Jan,Flower Pots,2,0,482257
INV-00801,2021,1,Q1,Jan,Garden Animal Moulds,1,0,482257
INV-00806,2021,1,Q1,Jan,Temple Items,1,1,482257
INV-00806,2021,1,Q1,Jan,Flower Pots,12,0,482257
INV-00814,2021,1,Q1,Jan,Bathik Tanks,1,1,482257
INV-00814,2021,1,Q1,Jan,Water Proof Tanks,1,1,482257
INV-00814,2021,1,Q1,Jan,Chemical Proof Tanks,1,1,482257
INV-00820,2021,1,Q1,Jan,Silparan Kota,1,1,482257
INV-00820,2021,1,Q1,Jan,Molding Pati,1,1,482257
INV-00820,2021,1,Q1,Jan,Slab Moulds,1,1,482257
INV-00824,2021,1,Q1,Jan,Garden Animal Moulds,1,0,482257
INV-00824,2021,1,Q1,Jan,Flower Pots,1,0,482257
INV-00828,2021,1,Q1,Jan,Flower Pots,2,0,482257
INV-00793,2021,1,Q1,Jan,Slab Moulds,1,1,482257
INV-00793,2021,1,Q1,Jan,Kalugal Moulds,1,1,482257
INV-00808,2021,1,Q1,Jan,Doors,2,1,482257
INV-00808,2021,1,Q1,Jan,Roofing Sheets,1,1,482257
INV-00813,2021,1,Q1,Jan,Molding Pati,1,1,482257
INV-00812,2021,1,Q1,Jan,Garden Animal Moulds,1,0,482257
INV-00827,2021,1,Q1,Jan,Slab Moulds,1,1,482257
INV-00827,2021,1,Q1,Jan,Beeralu Moulds,4,0,482257
INV-00827,2021,1,Q1,Jan,Silparan Kota,1,1,482257
INV-00829,2021,1,Q1,Jan,Flower Pots,2,0,482257
INV-00829,2021,1,Q1,Jan,Garden Animal Moulds,2,0,482257
INV-00782,2021,1,Q1,Jan,Molding Pati,1,1,482257
INV-00789,2021,1,Q1,Jan,Bathik Tanks,1,1,482257
INV-00797,2021,1,Q1,Jan,Flower Pots,1,0,482257
INV-00797,2021,1,Q1,Jan,Tables and Benches,1,0,482257
INV-00825,2021,1,Q1,Jan,Garden Animal Moulds,1,0,482257
INV-00825,2021,1,Q1,Jan,Temple Items,1,1,482257
INV-00826,2021,1,Q1,Jan,Slab Moulds,2,1,482257
INV-00826,2021,1,Q1,Jan,Molding Pati,1,1,482257
INV-00826,2021,1,Q1,Jan,Silparan Kota,6,1,482257
INV-00784,2021,1,Q1,Jan,Garden Animal Moulds,1,0,482257
INV-00784,2021,1,Q1,Jan,Flower Pots,5,0,482257
INV-00807,2021,1,Q1,Jan,Doors,1,1,482257
INV-00807,2021,1,Q1,Jan,Roofing Sheets,1,1,482257
INV-00816,2021,1,Q1,Jan,Water Proof Tanks,1,1,482257
INV-00790,2021,1,Q1,Jan,Loover,1,1,482257
INV-00790,2021,1,Q1,Jan,Doors,1,1,482257
INV-00790,2021,1,Q1,Jan,Roofing Sheets,1,1,482257
INV-00810,2021,1,Q1,Jan,Silparan Kota,1,1,482257
INV-00810,2021,1,Q1,Jan,Beeralu Moulds,1,0,482257
INV-00810,2021,1,Q1,Jan,Kanu Moulds,3,0,482257
INV-00819,2021,1,Q1,Jan,Flower Pots,1,0,482257
INV-00785,2021,1,Q1,Jan,Silparan Kota,7,1,482257
INV-00785,2021,1,Q1,Jan,Kalugal Moulds,1,1,482257
INV-00832,2021,1,Q1,Jan,Kalugal Moulds,1,1,482257
INV-00832,2021,1,Q1,Jan,Beeralu Moulds,1,0,482257
INV-00832,2021,1,Q1,Jan,Slab Moulds,1,1,482257
INV-00832,2021,1,Q1,Jan,Kanu Moulds,1,0,482257
INV-00791,2021,1,Q1,Jan,Molding Pati,1,1,482257
INV-00791,2021,1,Q1,Jan,Slab Moulds,4,1,482257
INV-00791,2021,1,Q1,Jan,Kanu Moulds,18,0,482257
INV-00798,2021,1,Q1,Jan,Silparan Kota,1,1,482257
INV-00783,2021,1,Q1,Jan,Water Proof Tanks,1,1,482257
INV-00783,2021,1,Q1,Jan,Bathik Tanks,1,1,482257
INV-00802,2021,1,Q1,Jan,Silparan Kota,2,1,482257
INV-00836,2021,2,Q1,Feb,Flower Pots,3,0,697133
INV-00872,2021,2,Q1,Feb,Slab Moulds,1,1,697133
INV-00872,2021,2,Q1,Feb,Molding Pati,1,1,697133
INV-00880,2021,2,Q1,Feb,Loover,2,1,697133
INV-00880,2021,2,Q1,Feb,Roofing Sheets,1,1,697133
INV-00860,2021,2,Q1,Feb,Beeralu Moulds,2,1,697133
INV-00860,2021,2,Q1,Feb,Kanu Moulds,2,1,697133
INV-00860,2021,2,Q1,Feb,Silparan Kota,1,1,697133
INV-00849,2021,2,Q1,Feb,Interlock,3,1,697133
INV-00849,2021,2,Q1,Feb,Roofing Sheets,1,1,697133
INV-00849,2021,2,Q1,Feb,Loover,1,1,697133
INV-00841,2021,2,Q1,Feb,Slab Moulds,1,1,697133
INV-00841,2021,2,Q1,Feb,Kanu Moulds,1,1,697133
INV-00841,2021,2,Q1,Feb,Molding Pati,1,1,697133
INV-00843,2021,2,Q1,Feb,Kanu Moulds,2,1,697133
INV-00857,2021,2,Q1,Feb,Kalugal Moulds,1,1,697133
INV-00857,2021,2,Q1,Feb,Beeralu Moulds,1,1,697133
INV-00854,2021,2,Q1,Feb,Molding Pati,1,1,697133
INV-00854,2021,2,Q1,Feb,Kanu Moulds,1,1,697133
INV-00854,2021,2,Q1,Feb,Silparan Kota,1,1,697133
INV-00855,2021,2,Q1,Feb,Temple Items,4,0,697133
INV-00855,2021,2,Q1,Feb,Flower Pots,15,0,697133
INV-00870,2021,2,Q1,Feb,Slab Moulds,1,1,697133
INV-00870,2021,2,Q1,Feb,Kalugal Moulds,1,1,697133
INV-00870,2021,2,Q1,Feb,Kanu Moulds,1,1,697133
INV-00856,2021,2,Q1,Feb,Flower Pots,2,0,697133
INV-00856,2021,2,Q1,Feb,Interlock,1,1,697133
INV-00864,2021,2,Q1,Feb,Molding Pati,1,1,697133
INV-00850,2021,2,Q1,Feb,Kanu Moulds,1,1,697133
INV-00850,2021,2,Q1,Feb,Molding Pati,1,1,697133
INV-00850,2021,2,Q1,Feb,Kalugal Moulds,1,1,697133
INV-00858,2021,2,Q1,Feb,Kalugal Moulds,1,1,697133
INV-00858,2021,2,Q1,Feb,Beeralu Moulds,1,1,697133
INV-00861,2021,2,Q1,Feb,Kanu Moulds,1,1,697133
INV-00861,2021,2,Q1,Feb,Kalugal Moulds,1,1,697133
INV-00861,2021,2,Q1,Feb,Silparan Kota,12,1,697133
INV-00861,2021,2,Q1,Feb,Slab Moulds,4,1,697133
INV-00842,2021,2,Q1,Feb,Roofing Sheets,1,1,697133
INV-00842,2021,2,Q1,Feb,Interlock,1,1,697133
INV-00865,2021,2,Q1,Feb,Molding Pati,1,1,697133
INV-00865,2021,2,Q1,Feb,Slab Moulds,1,1,697133
INV-00848,2021,2,Q1,Feb,Slab Moulds,1,1,697133
INV-00866,2021,2,Q1,Feb,Interlock,1,1,697133
INV-00877,2021,2,Q1,Feb,Doors,1,1,697133
INV-00877,2021,2,Q1,Feb,Interlock,1,1,697133
INV-00837,2021,2,Q1,Feb,Roofing Sheets,2,1,697133
INV-00837,2021,2,Q1,Feb,Doors,1,1,697133
INV-00871,2021,2,Q1,Feb,Doors,1,1,697133
INV-00871,2021,2,Q1,Feb,Interlock,2,1,697133
INV-00847,2021,2,Q1,Feb,Water Proof Tanks,2,1,697133
INV-00847,2021,2,Q1,Feb,Chemical Proof Tanks,1,1,697133
INV-00847,2021,2,Q1,Feb,Bathik Tanks,1,1,697133
INV-00867,2021,2,Q1,Feb,Slab Moulds,1,1,697133
INV-00867,2021,2,Q1,Feb,Molding Pati,13,1,697133
INV-00875,2021,2,Q1,Feb,Slab Moulds,1,1,697133
INV-00881,2021,2,Q1,Feb,Flower Pots,4,0,697133
INV-00881,2021,2,Q1,Feb,Tables and Benches,1,0,697133
INV-00881,2021,2,Q1,Feb,Interlock,1,1,697133
INV-00835,2021,2,Q1,Feb,Beeralu Moulds,2,1,697133
INV-00840,2021,2,Q1,Feb,Doors,1,1,697133
INV-00840,2021,2,Q1,Feb,Interlock,1,1,697133
INV-00840,2021,2,Q1,Feb,Loover,1,1,697133
INV-00833,2021,2,Q1,Feb,Silparan Kota,1,1,697133
INV-00833,2021,2,Q1,Feb,Kanu Moulds,1,1,697133
INV-00844,2021,2,Q1,Feb,Slab Moulds,1,1,697133
INV-00844,2021,2,Q1,Feb,Kalugal Moulds,1,1,697133
INV-00853,2021,2,Q1,Feb,Garden Animal Moulds,1,0,697133
INV-00869,2021,2,Q1,Feb,Chemical Proof Tanks,1,1,697133
INV-00869,2021,2,Q1,Feb,Bathik Tanks,1,1,697133
INV-00834,2021,2,Q1,Feb,Interlock,6,1,697133
INV-00834,2021,2,Q1,Feb,Flower Pots,9,0,697133
INV-00834,2021,2,Q1,Feb,Garden Animal Moulds,6,0,697133
INV-00834,2021,2,Q1,Feb,Water Proof Tanks,1,1,697133
INV-00852,2021,2,Q1,Feb,Interlock,1,1,697133
INV-00852,2021,2,Q1,Feb,Flower Pots,2,0,697133
INV-00852,2021,2,Q1,Feb,Tables and Benches,1,0,697133
INV-00876,2021,2,Q1,Feb,Silparan Kota,1,1,697133
INV-00876,2021,2,Q1,Feb,Kanu Moulds,10,1,697133
INV-00879,2021,2,Q1,Feb,Roofing Sheets,3,1,697133
INV-00879,2021,2,Q1,Feb,Loover,1,1,697133
INV-00879,2021,2,Q1,Feb,Doors,1,1,697133
INV-00846,2021,2,Q1,Feb,Molding Pati,2,1,697133
INV-00868,2021,2,Q1,Feb,Silparan Kota,1,1,697133
INV-00873,2021,2,Q1,Feb,Flower Pots,1,0,697133
INV-00838,2021,2,Q1,Feb,Slab Moulds,1,1,697133
INV-00838,2021,2,Q1,Feb,Kanu Moulds,1,1,697133
INV-00851,2021,2,Q1,Feb,Chemical Proof Tanks,1,1,697133
INV-00851,2021,2,Q1,Feb,Water Proof Tanks,1,1,697133
INV-00851,2021,2,Q1,Feb,Bathik Tanks,1,1,697133
INV-00874,2021,2,Q1,Feb,Garden Animal Moulds,1,0,697133
INV-00874,2021,2,Q1,Feb,Interlock,1,1,697133
INV-00878,2021,2,Q1,Feb,Silparan Kota,1,1,697133
INV-00878,2021,2,Q1,Feb,Kanu Moulds,1,1,697133
INV-00878,2021,2,Q1,Feb,Molding Pati,1,1,697133
INV-00859,2021,2,Q1,Feb,Slab Moulds,1,1,697133
INV-00859,2021,2,Q1,Feb,Molding Pati,1,1,697133
INV-00863,2021,2,Q1,Feb,Silparan Kota,5,1,697133
INV-00839,2021,2,Q1,Feb,Garden Animal Moulds,1,0,697133
INV-00862,2021,2,Q1,Feb,Tables and Benches,1,0,697133
INV-00862,2021,2,Q1,Feb,Garden Animal Moulds,3,0,697133
INV-00862,2021,2,Q1,Feb,Interlock,1,1,697133
INV-00845,2021,2,Q1,Feb,Molding Pati,1,1,697133
INV-00845,2021,2,Q1,Feb,Slab Moulds,1,1,697133
INV-00903,2021,3,Q1,Mar,Kanu Moulds,1,1,248270
INV-00903,2021,3,Q1,Mar,Silparan Kota,2,1,248270
INV-00903,2021,3,Q1,Mar,Kalugal Moulds,1,1,248270
INV-00887,2021,3,Q1,Mar,Interlock,1,1,248270
INV-00887,2021,3,Q1,Mar,Garden Animal Moulds,1,1,248270
INV-00901,2021,3,Q1,Mar,Bathik Tanks,1,1,248270
INV-00901,2021,3,Q1,Mar,Water Proof Tanks,1,1,248270
INV-00901,2021,3,Q1,Mar,Chemical Proof Tanks,1,1,248270
INV-00885,2021,3,Q1,Mar,Loover,1,1,248270
INV-00885,2021,3,Q1,Mar,Doors,1,1,248270
INV-00889,2021,3,Q1,Mar,Doors,1,1,248270
INV-00889,2021,3,Q1,Mar,Loover,1,1,248270
INV-00889,2021,3,Q1,Mar,Roofing Sheets,1,1,248270
INV-00896,2021,3,Q1,Mar,Doors,1,1,248270
INV-00896,2021,3,Q1,Mar,Interlock,1,1,248270
INV-00900,2021,3,Q1,Mar,Water Proof Tanks,1,1,248270
INV-00899,2021,3,Q1,Mar,Interlock,1,1,248270
INV-00899,2021,3,Q1,Mar,Flower Pots,1,1,248270
INV-00882,2021,3,Q1,Mar,Silparan Kota,2,1,248270
INV-00882,2021,3,Q1,Mar,Molding Pati,1,1,248270
INV-00882,2021,3,Q1,Mar,Beeralu Moulds,4,1,248270
INV-00904,2021,3,Q1,Mar,Slab Moulds,1,1,248270
INV-00902,2021,3,Q1,Mar,Interlock,1,1,248270
INV-00902,2021,3,Q1,Mar,Garden Animal Moulds,5,1,248270
INV-00902,2021,3,Q1,Mar,Flower Pots,7,1,248270
INV-00892,2021,3,Q1,Mar,Silparan Kota,1,1,248270
INV-00888,2021,3,Q1,Mar,Slab Moulds,2,1,248270
INV-00888,2021,3,Q1,Mar,Molding Pati,6,1,248270
INV-00888,2021,3,Q1,Mar,Interlock,2,1,248270
INV-00898,2021,3,Q1,Mar,Tables and Benches,1,1,248270
INV-00898,2021,3,Q1,Mar,Garden Animal Moulds,1,1,248270
INV-00890,2021,3,Q1,Mar,Silparan Kota,1,1,248270
INV-00890,2021,3,Q1,Mar,Kalugal Moulds,1,1,248270
INV-00890,2021,3,Q1,Mar,Slab Moulds,1,1,248270
INV-00897,2021,3,Q1,Mar,Interlock,1,1,248270
INV-00895,2021,3,Q1,Mar,Beeralu Moulds,1,1,248270
INV-00894,2021,3,Q1,Mar,Loover,2,1,248270
INV-00893,2021,3,Q1,Mar,Water Proof Tanks,1,1,248270
INV-00893,2021,3,Q1,Mar,Bathik Tanks,1,1,248270
INV-00893,2021,3,Q1,Mar,Chemical Proof Tanks,1,1,248270
INV-00884,2021,3,Q1,Mar,Slab Moulds,1,1,248270
INV-00884,2021,3,Q1,Mar,Beeralu Moulds,2,1,248270
INV-00884,2021,3,Q1,Mar,Kalugal Moulds,2,1,248270
INV-00886,2021,3,Q1,Mar,Kalugal Moulds,1,1,248270
INV-00886,2021,3,Q1,Mar,Beeralu Moulds,2,1,248270
INV-00891,2021,3,Q1,Mar,Kanu Moulds,1,1,248270
INV-00891,2021,3,Q1,Mar,Molding Pati,1,1,248270
INV-00883,2021,3,Q1,Mar,Kanu Moulds,1,1,248270
INV-00932,2021,4,Q2,Apr,Water Proof Tanks,1,1,408513
INV-00932,2021,4,Q2,Apr,Bathik Tanks,1,0,408513
INV-00933,2021,4,Q2,Apr,Molding Pati,1,1,408513
INV-00936,2021,4,Q2,Apr,Kalugal Moulds,1,1,408513
INV-00936,2021,4,Q2,Apr,Molding Pati,3,1,408513
INV-00936,2021,4,Q2,Apr,Slab Moulds,3,1,408513
INV-00934,2021,4,Q2,Apr,Molding Pati,3,1,408513
INV-00934,2021,4,Q2,Apr,Silparan Kota,2,0,408513
INV-00922,2021,4,Q2,Apr,Water Proof Tanks,1,1,408513
INV-00922,2021,4,Q2,Apr,Chemical Proof Tanks,1,1,408513
INV-00922,2021,4,Q2,Apr,Bathik Tanks,1,0,408513
INV-00922,2021,4,Q2,Apr,Beeralu Moulds,3,1,408513
INV-00929,2021,4,Q2,Apr,Bathik Tanks,1,0,408513
INV-00929,2021,4,Q2,Apr,Chemical Proof Tanks,1,1,408513
INV-00929,2021,4,Q2,Apr,Water Proof Tanks,1,1,408513
INV-00907,2021,4,Q2,Apr,Slab Moulds,1,1,408513
INV-00907,2021,4,Q2,Apr,Molding Pati,2,1,408513
INV-00907,2021,4,Q2,Apr,Silparan Kota,3,0,408513
INV-00913,2021,4,Q2,Apr,Silparan Kota,2,0,408513
INV-00906,2021,4,Q2,Apr,Flower Pots,3,1,408513
INV-00912,2021,4,Q2,Apr,Flower Pots,2,1,408513
INV-00912,2021,4,Q2,Apr,Tables and Benches,1,1,408513
INV-00915,2021,4,Q2,Apr,Slab Moulds,1,1,408513
INV-00915,2021,4,Q2,Apr,Kalugal Moulds,1,1,408513
INV-00915,2021,4,Q2,Apr,Kanu Moulds,2,1,408513
INV-00921,2021,4,Q2,Apr,Tables and Benches,2,1,408513
INV-00921,2021,4,Q2,Apr,Garden Animal Moulds,1,1,408513
INV-00921,2021,4,Q2,Apr,Flower Pots,6,1,408513
INV-00921,2021,4,Q2,Apr,Interlock,1,1,408513
INV-00938,2021,4,Q2,Apr,Kalugal Moulds,1,1,408513
INV-00938,2021,4,Q2,Apr,Beeralu Moulds,1,1,408513
INV-00938,2021,4,Q2,Apr,Slab Moulds,1,1,408513
INV-00908,2021,4,Q2,Apr,Kanu Moulds,1,1,408513
INV-00914,2021,4,Q2,Apr,Interlock,10,1,408513
INV-00914,2021,4,Q2,Apr,Roofing Sheets,4,1,408513
INV-00928,2021,4,Q2,Apr,Beeralu Moulds,1,1,408513
INV-00927,2021,4,Q2,Apr,Kalugal Moulds,2,1,408513
INV-00927,2021,4,Q2,Apr,Kanu Moulds,3,1,408513
INV-00927,2021,4,Q2,Apr,Slab Moulds,1,1,408513
INV-00920,2021,4,Q2,Apr,Interlock,1,1,408513
INV-00920,2021,4,Q2,Apr,Doors,1,1,408513
INV-00924,2021,4,Q2,Apr,Flower Pots,1,1,408513
INV-00905,2021,4,Q2,Apr,Molding Pati,2,1,408513
INV-00930,2021,4,Q2,Apr,Bathik Tanks,1,0,408513
INV-00930,2021,4,Q2,Apr,Water Proof Tanks,1,1,408513
INV-00919,2021,4,Q2,Apr,Roofing Sheets,1,1,408513
INV-00919,2021,4,Q2,Apr,Doors,1,1,408513
INV-00919,2021,4,Q2,Apr,Loover,1,0,408513
INV-00909,2021,4,Q2,Apr,Flower Pots,2,1,408513
INV-00909,2021,4,Q2,Apr,Temple Items,1,1,408513
INV-00909,2021,4,Q2,Apr,Garden Animal Moulds,2,1,408513
INV-00909,2021,4,Q2,Apr,Silparan Kota,4,0,408513
INV-00926,2021,4,Q2,Apr,Loover,1,0,408513
INV-00926,2021,4,Q2,Apr,Doors,1,1,408513
INV-00926,2021,4,Q2,Apr,Roofing Sheets,1,1,408513
INV-00931,2021,4,Q2,Apr,Beeralu Moulds,1,1,408513
INV-00931,2021,4,Q2,Apr,Kalugal Moulds,1,1,408513
INV-00911,2021,4,Q2,Apr,Flower Pots,4,1,408513
INV-00911,2021,4,Q2,Apr,Interlock,1,1,408513
INV-00935,2021,4,Q2,Apr,Chemical Proof Tanks,1,1,408513
INV-00935,2021,4,Q2,Apr,Water Proof Tanks,1,1,408513
INV-00918,2021,4,Q2,Apr,Silparan Kota,1,0,408513
INV-00918,2021,4,Q2,Apr,Beeralu Moulds,1,1,408513
INV-00918,2021,4,Q2,Apr,Slab Moulds,1,1,408513
INV-00917,2021,4,Q2,Apr,Doors,1,1,408513
INV-00917,2021,4,Q2,Apr,Interlock,1,1,408513
INV-00917,2021,4,Q2,Apr,Roofing Sheets,1,1,408513
INV-00917,2021,4,Q2,Apr,Loover,1,0,408513
INV-00925,2021,4,Q2,Apr,Beeralu Moulds,1,1,408513
INV-00910,2021,4,Q2,Apr,Interlock,1,1,408513
INV-00910,2021,4,Q2,Apr,Tables and Benches,1,1,408513
INV-00910,2021,4,Q2,Apr,Flower Pots,5,1,408513
INV-00910,2021,4,Q2,Apr,Garden Animal Moulds,1,1,408513
INV-00923,2021,4,Q2,Apr,Chemical Proof Tanks,1,1,408513
INV-00916,2021,4,Q2,Apr,Loover,1,0,408513
INV-00916,2021,4,Q2,Apr,Interlock,1,1,408513
INV-00937,2021,4,Q2,Apr,Kanu Moulds,1,1,408513
INV-00937,2021,4,Q2,Apr,Slab Moulds,1,1,408513
INV-00956,2021,5,Q2,May,Molding Pati,1,0,483884
INV-00956,2021,5,Q2,May,Beeralu Moulds,1,0,483884
INV-00956,2021,5,Q2,May,Slab Moulds,1,1,483884
INV-00978,2021,5,Q2,May,Loover,1,0,483884
INV-00978,2021,5,Q2,May,Doors,1,0,483884
INV-00978,2021,5,Q2,May,Interlock,1,1,483884
INV-00984,2021,5,Q2,May,Molding Pati,3,0,483884
INV-00984,2021,5,Q2,May,Kalugal Moulds,1,1,483884
INV-00986,2021,5,Q2,May,Silparan Kota,6,0,483884
INV-00986,2021,5,Q2,May,Slab Moulds,1,1,483884
INV-00986,2021,5,Q2,May,Kalugal Moulds,1,1,483884
INV-00986,2021,5,Q2,May,Kanu Moulds,1,1,483884
INV-00952,2021,5,Q2,May,Beeralu Moulds,1,0,483884
INV-00952,2021,5,Q2,May,Kalugal Moulds,2,1,483884
INV-00945,2021,5,Q2,May,Roofing Sheets,1,0,483884
INV-00945,2021,5,Q2,May,Doors,3,0,483884
INV-00945,2021,5,Q2,May,Interlock,16,1,483884
INV-00977,2021,5,Q2,May,Interlock,1,1,483884
INV-00977,2021,5,Q2,May,Flower Pots,1,1,483884
INV-00944,2021,5,Q2,May,Tables and Benches,1,1,483884
INV-00969,2021,5,Q2,May,Silparan Kota,2,0,483884
INV-00969,2021,5,Q2,May,Kanu Moulds,2,1,483884
INV-00969,2021,5,Q2,May,Kalugal Moulds,1,1,483884
INV-00955,2021,5,Q2,May,Chemical Proof Tanks,1,0,483884
INV-00988,2021,5,Q2,May,Flower Pots,1,1,483884
INV-00959,2021,5,Q2,May,Garden Animal Moulds,1,1,483884
INV-00959,2021,5,Q2,May,Flower Pots,1,1,483884
INV-00976,2021,5,Q2,May,Tables and Benches,2,1,483884
INV-00976,2021,5,Q2,May,Flower Pots,1,1,483884
INV-00976,2021,5,Q2,May,Silparan Kota,2,0,483884
INV-00967,2021,5,Q2,May,Flower Pots,1,1,483884
INV-00967,2021,5,Q2,May,Garden Animal Moulds,1,1,483884
INV-00967,2021,5,Q2,May,Temple Items,1,0,483884
INV-00947,2021,5,Q2,May,Garden Animal Moulds,4,1,483884
INV-00974,2021,5,Q2,May,Interlock,1,1,483884
INV-00981,2021,5,Q2,May,Molding Pati,1,0,483884
INV-00981,2021,5,Q2,May,Kalugal Moulds,1,1,483884
INV-00939,2021,5,Q2,May,Kanu Moulds,1,1,483884
INV-00939,2021,5,Q2,May,Slab Moulds,1,1,483884
INV-00950,2021,5,Q2,May,Garden Animal Moulds,1,1,483884
INV-00971,2021,5,Q2,May,Garden Animal Moulds,3,1,483884
INV-00971,2021,5,Q2,May,Flower Pots,1,1,483884
INV-00941,2021,5,Q2,May,Beeralu Moulds,1,0,483884
INV-00941,2021,5,Q2,May,Kalugal Moulds,1,1,483884
INV-00941,2021,5,Q2,May,Silparan Kota,2,0,483884
INV-00972,2021,5,Q2,May,Molding Pati,1,0,483884
INV-00972,2021,5,Q2,May,Kalugal Moulds,1,1,483884
INV-00972,2021,5,Q2,May,Silparan Kota,1,0,483884
INV-00980,2021,5,Q2,May,Interlock,1,1,483884
INV-00953,2021,5,Q2,May,Doors,1,0,483884
INV-00953,2021,5,Q2,May,Interlock,2,1,483884
INV-00953,2021,5,Q2,May,Roofing Sheets,1,0,483884
INV-00953,2021,5,Q2,May,Loover,1,0,483884
INV-00979,2021,5,Q2,May,Slab Moulds,1,1,483884
INV-00982,2021,5,Q2,May,Water Proof Tanks,1,1,483884
INV-00982,2021,5,Q2,May,Bathik Tanks,1,0,483884
INV-00982,2021,5,Q2,May,Chemical Proof Tanks,1,0,483884
INV-00961,2021,5,Q2,May,Interlock,1,1,483884
INV-00966,2021,5,Q2,May,Roofing Sheets,1,0,483884
INV-00966,2021,5,Q2,May,Doors,1,0,483884
INV-00948,2021,5,Q2,May,Molding Pati,1,0,483884
INV-00970,2021,5,Q2,May,Temple Items,1,0,483884
INV-00975,2021,5,Q2,May,Silparan Kota,1,0,483884
INV-00975,2021,5,Q2,May,Kanu Moulds,1,1,483884
INV-00983,2021,5,Q2,May,Loover,1,0,483884
INV-00983,2021,5,Q2,May,Interlock,2,1,483884
INV-00983,2021,5,Q2,May,Doors,1,0,483884
INV-00963,2021,5,Q2,May,Roofing Sheets,2,0,483884
INV-00963,2021,5,Q2,May,Interlock,1,1,483884
INV-00963,2021,5,Q2,May,Doors,1,0,483884
INV-00968,2021,5,Q2,May,Kalugal Moulds,2,1,483884
INV-00968,2021,5,Q2,May,Slab Moulds,1,1,483884
INV-00968,2021,5,Q2,May,Kanu Moulds,1,1,483884
INV-00987,2021,5,Q2,May,Garden Animal Moulds,1,1,483884
INV-00987,2021,5,Q2,May,Flower Pots,1,1,483884
INV-00985,2021,5,Q2,May,Silparan Kota,1,0,483884
INV-00943,2021,5,Q2,May,Doors,1,0,483884
INV-00943,2021,5,Q2,May,Loover,1,0,483884
INV-00943,2021,5,Q2,May,Roofing Sheets,1,0,483884
INV-00942,2021,5,Q2,May,Kalugal Moulds,1,1,483884
INV-00957,2021,5,Q2,May,Interlock,1,1,483884
INV-00973,2021,5,Q2,May,Kalugal Moulds,1,1,483884
INV-00973,2021,5,Q2,May,Silparan Kota,1,0,483884
INV-00958,2021,5,Q2,May,Silparan Kota,2,0,483884
INV-00946,2021,5,Q2,May,Slab Moulds,1,1,483884
INV-00946,2021,5,Q2,May,Kanu Moulds,1,1,483884
INV-00946,2021,5,Q2,May,Kalugal Moulds,1,1,483884
INV-00946,2021,5,Q2,May,Beeralu Moulds,2,0,483884
INV-00949,2021,5,Q2,May,Flower Pots,1,1,483884
INV-00964,2021,5,Q2,May,Kanu Moulds,1,1,483884
INV-00940,2021,5,Q2,May,Chemical Proof Tanks,1,0,483884
INV-00940,2021,5,Q2,May,Water Proof Tanks,1,1,483884
INV-00940,2021,5,Q2,May,Bathik Tanks,1,0,483884
INV-00960,2021,5,Q2,May,Flower Pots,2,1,483884
INV-00954,2021,5,Q2,May,Kanu Moulds,1,1,483884
INV-00965,2021,5,Q2,May,Garden Animal Moulds,4,1,483884
INV-00965,2021,5,Q2,May,Tables and Benches,3,1,483884
INV-00965,2021,5,Q2,May,Slab Moulds,2,1,483884
INV-00951,2021,5,Q2,May,Flower Pots,1,1,483884
INV-00951,2021,5,Q2,May,Garden Animal Moulds,1,1,483884
INV-00951,2021,5,Q2,May,Temple Items,1,0,483884
INV-00962,2021,5,Q2,May,Tables and Benches,1,1,483884
INV-00962,2021,5,Q2,May,Interlock,1,1,483884
INV-00989,2021,5,Q2,May,Interlock,1,1,483884
INV-00989,2021,5,Q2,May,Garden Animal Moulds,1,1,483884
INV-00990,2021,5,Q2,May,Roofing Sheets,1,0,483884
INV-01017,2021,6,Q2,Jun,Interlock,1,1,436584
INV-01016,2021,6,Q2,Jun,Interlock,1,1,436584
INV-01016,2021,6,Q2,Jun,Garden Animal Moulds,1,1,436584
INV-01016,2021,6,Q2,Jun,Flower Pots,3,0,436584
INV-01019,2021,6,Q2,Jun,Garden Animal Moulds,1,1,436584
INV-00998,2021,6,Q2,Jun,Interlock,3,1,436584
INV-00998,2021,6,Q2,Jun,Loover,7,0,436584
INV-00998,2021,6,Q2,Jun,Doors,1,0,436584
INV-00998,2021,6,Q2,Jun,Roofing Sheets,2,0,436584
INV-01005,2021,6,Q2,Jun,Kalugal Moulds,1,0,436584
INV-01005,2021,6,Q2,Jun,Molding Pati,1,0,436584
INV-01018,2021,6,Q2,Jun,Garden Animal Moulds,1,1,436584
INV-01018,2021,6,Q2,Jun,Flower Pots,1,0,436584
INV-01011,2021,6,Q2,Jun,Flower Pots,1,0,436584
INV-01011,2021,6,Q2,Jun,Garden Animal Moulds,2,1,436584
INV-01011,2021,6,Q2,Jun,Tables and Benches,1,0,436584
INV-01012,2021,6,Q2,Jun,Doors,1,0,436584
INV-01012,2021,6,Q2,Jun,Interlock,1,1,436584
INV-01012,2021,6,Q2,Jun,Loover,1,0,436584
INV-00993,2021,6,Q2,Jun,Kalugal Moulds,1,0,436584
INV-00993,2021,6,Q2,Jun,Slab Moulds,2,0,436584
INV-00993,2021,6,Q2,Jun,Silparan Kota,1,0,436584
INV-00992,2021,6,Q2,Jun,Interlock,2,1,436584
INV-01002,2021,6,Q2,Jun,Interlock,1,1,436584
INV-01002,2021,6,Q2,Jun,Loover,1,0,436584
INV-01003,2021,6,Q2,Jun,Garden Animal Moulds,3,1,436584
INV-01003,2021,6,Q2,Jun,Flower Pots,40,0,436584
INV-00996,2021,6,Q2,Jun,Kanu Moulds,1,0,436584
INV-00995,2021,6,Q2,Jun,Kalugal Moulds,1,0,436584
INV-01006,2021,6,Q2,Jun,Garden Animal Moulds,1,1,436584
INV-01006,2021,6,Q2,Jun,Flower Pots,2,0,436584
INV-01006,2021,6,Q2,Jun,Temple Items,1,0,436584
INV-01001,2021,6,Q2,Jun,Silparan Kota,5,0,436584
INV-00999,2021,6,Q2,Jun,Loover,2,0,436584
INV-00999,2021,6,Q2,Jun,Interlock,1,1,436584
INV-00999,2021,6,Q2,Jun,Roofing Sheets,1,0,436584
INV-01007,2021,6,Q2,Jun,Molding Pati,2,0,436584
INV-01007,2021,6,Q2,Jun,Slab Moulds,2,0,436584
INV-01013,2021,6,Q2,Jun,Interlock,1,1,436584
INV-01013,2021,6,Q2,Jun,Roofing Sheets,1,0,436584
INV-01013,2021,6,Q2,Jun,Doors,1,0,436584
INV-00997,2021,6,Q2,Jun,Doors,1,0,436584
INV-00997,2021,6,Q2,Jun,Loover,1,0,436584
INV-01015,2021,6,Q2,Jun,Interlock,4,1,436584
INV-01015,2021,6,Q2,Jun,Doors,1,0,436584
INV-01015,2021,6,Q2,Jun,Slab Moulds,1,0,436584
INV-00994,2021,6,Q2,Jun,Interlock,2,1,436584
INV-00994,2021,6,Q2,Jun,Tables and Benches,1,0,436584
INV-00994,2021,6,Q2,Jun,Flower Pots,7,0,436584
INV-01014,2021,6,Q2,Jun,Doors,1,0,436584
INV-01014,2021,6,Q2,Jun,Loover,15,0,436584
INV-01004,2021,6,Q2,Jun,Chemical Proof Tanks,1,0,436584
INV-01004,2021,6,Q2,Jun,Water Proof Tanks,1,0,436584
INV-01010,2021,6,Q2,Jun,Beeralu Moulds,1,0,436584
INV-01010,2021,6,Q2,Jun,Molding Pati,1,0,436584
INV-01010,2021,6,Q2,Jun,Silparan Kota,1,0,436584
INV-01008,2021,6,Q2,Jun,Tables and Benches,1,0,436584
INV-00991,2021,6,Q2,Jun,Bathik Tanks,1,0,436584
INV-00991,2021,6,Q2,Jun,Water Proof Tanks,1,0,436584
INV-01009,2021,6,Q2,Jun,Kanu Moulds,7,0,436584
INV-01009,2021,6,Q2,Jun,Molding Pati,7,0,436584
INV-01009,2021,6,Q2,Jun,Slab Moulds,1,0,436584
INV-01000,2021,6,Q2,Jun,Garden Animal Moulds,1,1,436584
INV-01000,2021,6,Q2,Jun,Interlock,1,1,436584
INV-01000,2021,6,Q2,Jun,Tables and Benches,1,0,436584
INV-01023,2021,7,Q3,Jul,Garden Animal Moulds,1,0,240654
INV-01023,2021,7,Q3,Jul,Flower Pots,1,0,240654
INV-01023,2021,7,Q3,Jul,Interlock,1,0,240654
INV-01024,2021,7,Q3,Jul,Interlock,1,0,240654
INV-01024,2021,7,Q3,Jul,Flower Pots,11,0,240654
INV-01026,2021,7,Q3,Jul,Flower Pots,1,0,240654
INV-01026,2021,7,Q3,Jul,Tables and Benches,1,0,240654
INV-01026,2021,7,Q3,Jul,Garden Animal Moulds,1,0,240654
INV-01039,2021,7,Q3,Jul,Tables and Benches,1,0,240654
INV-01037,2021,7,Q3,Jul,Slab Moulds,1,0,240654
INV-01037,2021,7,Q3,Jul,Kalugal Moulds,1,0,240654
INV-01029,2021,7,Q3,Jul,Garden Animal Moulds,1,0,240654
INV-01030,2021,7,Q3,Jul,Bathik Tanks,1,0,240654
INV-01030,2021,7,Q3,Jul,Water Proof Tanks,1,0,240654
INV-01030,2021,7,Q3,Jul,Chemical Proof Tanks,1,0,240654
INV-01025,2021,7,Q3,Jul,Molding Pati,25,0,240654
INV-01025,2021,7,Q3,Jul,Silparan Kota,21,0,240654
INV-01047,2021,7,Q3,Jul,Silparan Kota,1,0,240654
INV-01047,2021,7,Q3,Jul,Kalugal Moulds,1,0,240654
INV-01020,2021,7,Q3,Jul,Tables and Benches,1,0,240654
INV-01020,2021,7,Q3,Jul,Garden Animal Moulds,2,0,240654
INV-01020,2021,7,Q3,Jul,Flower Pots,1,0,240654
INV-01032,2021,7,Q3,Jul,Roofing Sheets,1,0,240654
INV-01032,2021,7,Q3,Jul,Interlock,1,0,240654
INV-01032,2021,7,Q3,Jul,Loover,1,0,240654
INV-01033,2021,7,Q3,Jul,Interlock,1,0,240654
INV-01033,2021,7,Q3,Jul,Loover,1,0,240654
INV-01033,2021,7,Q3,Jul,Roofing Sheets,1,0,240654
INV-01022,2021,7,Q3,Jul,Interlock,1,0,240654
INV-01022,2021,7,Q3,Jul,Flower Pots,4,0,240654
INV-01040,2021,7,Q3,Jul,Flower Pots,4,0,240654
INV-01040,2021,7,Q3,Jul,Tables and Benches,1,0,240654
INV-01038,2021,7,Q3,Jul,Kalugal Moulds,1,0,240654
INV-01045,2021,7,Q3,Jul,Tables and Benches,1,0,240654
INV-01021,2021,7,Q3,Jul,Temple Items,1,1,240654
INV-01021,2021,7,Q3,Jul,Garden Animal Moulds,1,0,240654
INV-01027,2021,7,Q3,Jul,Interlock,1,0,240654
INV-01027,2021,7,Q3,Jul,Flower Pots,1,0,240654
INV-01027,2021,7,Q3,Jul,Tables and Benches,1,0,240654
INV-01027,2021,7,Q3,Jul,Bathik Tanks,1,0,240654
INV-01048,2021,7,Q3,Jul,Beeralu Moulds,1,0,240654
INV-01048,2021,7,Q3,Jul,Kalugal Moulds,1,0,240654
INV-01034,2021,7,Q3,Jul,Water Proof Tanks,1,0,240654
INV-01041,2021,7,Q3,Jul,Tables and Benches,1,0,240654
INV-01041,2021,7,Q3,Jul,Interlock,1,0,240654
INV-01031,2021,7,Q3,Jul,Silparan Kota,1,0,240654
INV-01035,2021,7,Q3,Jul,Molding Pati,1,0,240654
INV-01036,2021,7,Q3,Jul,Kanu Moulds,3,0,240654
INV-01036,2021,7,Q3,Jul,Beeralu Moulds,1,0,240654
INV-01042,2021,7,Q3,Jul,Tables and Benches,1,0,240654
INV-01042,2021,7,Q3,Jul,Garden Animal Moulds,2,0,240654
INV-01042,2021,7,Q3,Jul,Roofing Sheets,2,0,240654
INV-01044,2021,7,Q3,Jul,Bathik Tanks,1,0,240654
INV-01044,2021,7,Q3,Jul,Chemical Proof Tanks,1,0,240654
INV-01028,2021,7,Q3,Jul,Roofing Sheets,1,0,240654
INV-01043,2021,7,Q3,Jul,Kanu Moulds,2,0,240654
INV-01043,2021,7,Q3,Jul,Beeralu Moulds,1,0,240654
INV-01046,2021,7,Q3,Jul,Beeralu Moulds,3,0,240654
INV-01046,2021,7,Q3,Jul,Silparan Kota,1,0,240654
INV-01049,2021,8,Q3,Aug,Tables and Benches,1,0,508148
INV-01076,2021,8,Q3,Aug,Slab Moulds,1,0,508148
INV-01076,2021,8,Q3,Aug,Silparan Kota,1,0,508148
INV-01076,2021,8,Q3,Aug,Kalugal Moulds,1,0,508148
INV-01066,2021,8,Q3,Aug,Chemical Proof Tanks,1,0,508148
INV-01066,2021,8,Q3,Aug,Bathik Tanks,1,0,508148
INV-01068,2021,8,Q3,Aug,Interlock,1,0,508148
INV-01077,2021,8,Q3,Aug,Doors,1,0,508148
INV-01080,2021,8,Q3,Aug,Slab Moulds,1,0,508148
INV-01080,2021,8,Q3,Aug,Molding Pati,6,0,508148
INV-01080,2021,8,Q3,Aug,Beeralu Moulds,5,0,508148
INV-01071,2021,8,Q3,Aug,Flower Pots,1,0,508148
INV-01083,2021,8,Q3,Aug,Garden Animal Moulds,1,0,508148
INV-01095,2021,8,Q3,Aug,Silparan Kota,2,0,508148
INV-01052,2021,8,Q3,Aug,Flower Pots,3,0,508148
INV-01074,2021,8,Q3,Aug,Kalugal Moulds,1,0,508148
INV-01074,2021,8,Q3,Aug,Beeralu Moulds,1,0,508148
INV-01082,2021,8,Q3,Aug,Slab Moulds,1,0,508148
INV-01089,2021,8,Q3,Aug,Flower Pots,1,0,508148
INV-01062,2021,8,Q3,Aug,Flower Pots,18,0,508148
INV-01062,2021,8,Q3,Aug,Garden Animal Moulds,14,0,508148
INV-01062,2021,8,Q3,Aug,Interlock,2,0,508148
INV-01073,2021,8,Q3,Aug,Temple Items,1,0,508148
INV-01073,2021,8,Q3,Aug,Flower Pots,1,0,508148
INV-01087,2021,8,Q3,Aug,Loover,1,0,508148
INV-01072,2021,8,Q3,Aug,Bathik Tanks,1,0,508148
INV-01072,2021,8,Q3,Aug,Water Proof Tanks,1,0,508148
INV-01079,2021,8,Q3,Aug,Molding Pati,1,0,508148
INV-01090,2021,8,Q3,Aug,Kanu Moulds,4,0,508148
INV-01090,2021,8,Q3,Aug,Slab Moulds,2,0,508148
INV-01090,2021,8,Q3,Aug,Beeralu Moulds,2,0,508148
INV-01059,2021,8,Q3,Aug,Garden Animal Moulds,1,0,508148
INV-01059,2021,8,Q3,Aug,Tables and Benches,1,0,508148
INV-01059,2021,8,Q3,Aug,Interlock,1,0,508148
INV-01078,2021,8,Q3,Aug,Garden Animal Moulds,1,0,508148
INV-01078,2021,8,Q3,Aug,Temple Items,1,0,508148
INV-01091,2021,8,Q3,Aug,Garden Animal Moulds,1,0,508148
INV-01093,2021,8,Q3,Aug,Interlock,2,0,508148
INV-01093,2021,8,Q3,Aug,Flower Pots,5,0,508148
INV-01093,2021,8,Q3,Aug,Tables and Benches,1,0,508148
INV-01093,2021,8,Q3,Aug,Garden Animal Moulds,1,0,508148
INV-01097,2021,8,Q3,Aug,Water Proof Tanks,1,0,508148
INV-01097,2021,8,Q3,Aug,Chemical Proof Tanks,1,0,508148
INV-01097,2021,8,Q3,Aug,Bathik Tanks,1,0,508148
INV-01097,2021,8,Q3,Aug,Kalugal Moulds,1,0,508148
INV-01051,2021,8,Q3,Aug,Tables and Benches,1,0,508148
INV-01051,2021,8,Q3,Aug,Garden Animal Moulds,1,0,508148
INV-01101,2021,8,Q3,Aug,Garden Animal Moulds,2,0,508148
INV-01101,2021,8,Q3,Aug,Temple Items,1,0,508148
INV-01102,2021,8,Q3,Aug,Interlock,1,0,508148
INV-01058,2021,8,Q3,Aug,Tables and Benches,1,0,508148
INV-01058,2021,8,Q3,Aug,Garden Animal Moulds,3,0,508148
INV-01085,2021,8,Q3,Aug,Bathik Tanks,1,0,508148
INV-01085,2021,8,Q3,Aug,Chemical Proof Tanks,1,0,508148
INV-01063,2021,8,Q3,Aug,Slab Moulds,1,0,508148
INV-01063,2021,8,Q3,Aug,Silparan Kota,1,0,508148
INV-01084,2021,8,Q3,Aug,Flower Pots,1,0,508148
INV-01084,2021,8,Q3,Aug,Tables and Benches,1,0,508148
INV-01086,2021,8,Q3,Aug,Interlock,1,0,508148
INV-01075,2021,8,Q3,Aug,Loover,1,0,508148
INV-01100,2021,8,Q3,Aug,Slab Moulds,1,0,508148
INV-01103,2021,8,Q3,Aug,Garden Animal Moulds,1,0,508148
INV-01103,2021,8,Q3,Aug,Temple Items,1,0,508148
INV-01088,2021,8,Q3,Aug,Flower Pots,1,0,508148
INV-01088,2021,8,Q3,Aug,Tables and Benches,1,0,508148
INV-01088,2021,8,Q3,Aug,Garden Animal Moulds,1,0,508148
INV-01065,2021,8,Q3,Aug,Water Proof Tanks,1,0,508148
INV-01065,2021,8,Q3,Aug,Bathik Tanks,1,0,508148
INV-01065,2021,8,Q3,Aug,Chemical Proof Tanks,1,0,508148
INV-01056,2021,8,Q3,Aug,Roofing Sheets,1,0,508148
INV-01056,2021,8,Q3,Aug,Loover,1,0,508148
INV-01069,2021,8,Q3,Aug,Tables and Benches,1,0,508148
INV-01069,2021,8,Q3,Aug,Garden Animal Moulds,1,0,508148
INV-01099,2021,8,Q3,Aug,Bathik Tanks,1,0,508148
INV-01099,2021,8,Q3,Aug,Chemical Proof Tanks,1,0,508148
INV-01057,2021,8,Q3,Aug,Roofing Sheets,1,0,508148
INV-01070,2021,8,Q3,Aug,Temple Items,1,0,508148
INV-01070,2021,8,Q3,Aug,Flower Pots,2,0,508148
INV-01070,2021,8,Q3,Aug,Garden Animal Moulds,1,0,508148
INV-01050,2021,8,Q3,Aug,Kanu Moulds,1,0,508148
INV-01050,2021,8,Q3,Aug,Kalugal Moulds,2,0,508148
INV-01050,2021,8,Q3,Aug,Molding Pati,1,0,508148
INV-01050,2021,8,Q3,Aug,Slab Moulds,1,0,508148
INV-01055,2021,8,Q3,Aug,Temple Items,1,0,508148
INV-01061,2021,8,Q3,Aug,Interlock,1,0,508148
INV-01067,2021,8,Q3,Aug,Interlock,5,0,508148
INV-01067,2021,8,Q3,Aug,Loover,1,0,508148
INV-01067,2021,8,Q3,Aug,Doors,1,0,508148
INV-01092,2021,8,Q3,Aug,Kanu Moulds,3,0,508148
INV-01053,2021,8,Q3,Aug,Interlock,1,0,508148
INV-01094,2021,8,Q3,Aug,Kanu Moulds,5,0,508148
INV-01094,2021,8,Q3,Aug,Kalugal Moulds,1,0,508148
INV-01094,2021,8,Q3,Aug,Silparan Kota,6,0,508148
INV-01094,2021,8,Q3,Aug,Beeralu Moulds,4,0,508148
INV-01054,2021,8,Q3,Aug,Roofing Sheets,1,0,508148
INV-01081,2021,8,Q3,Aug,Flower Pots,1,0,508148
INV-01081,2021,8,Q3,Aug,Garden Animal Moulds,1,0,508148
INV-01081,2021,8,Q3,Aug,Temple Items,1,0,508148
INV-01060,2021,8,Q3,Aug,Kalugal Moulds,1,0,508148
INV-01064,2021,8,Q3,Aug,Water Proof Tanks,1,0,508148
INV-01064,2021,8,Q3,Aug,Chemical Proof Tanks,1,0,508148
INV-01064,2021,8,Q3,Aug,Bathik Tanks,1,0,508148
INV-01096,2021,8,Q3,Aug,Flower Pots,2,0,508148
INV-01098,2021,8,Q3,Aug,Doors,1,0,508148
INV-01098,2021,8,Q3,Aug,Interlock,1,0,508148
INV-01139,2021,9,Q3,Sep,Chemical Proof Tanks,1,0,499190
INV-01139,2021,9,Q3,Sep,Water Proof Tanks,1,0,499190
INV-01139,2021,9,Q3,Sep,Bathik Tanks,1,0,499190
INV-01116,2021,9,Q3,Sep,Doors,1,0,499190
INV-01116,2021,9,Q3,Sep,Loover,5,0,499190
INV-01116,2021,9,Q3,Sep,Roofing Sheets,1,0,499190
INV-01138,2021,9,Q3,Sep,Bathik Tanks,1,0,499190
INV-01138,2021,9,Q3,Sep,Water Proof Tanks,1,0,499190
INV-01132,2021,9,Q3,Sep,Roofing Sheets,1,0,499190
INV-01132,2021,9,Q3,Sep,Loover,1,0,499190
INV-01132,2021,9,Q3,Sep,Doors,1,0,499190
INV-01132,2021,9,Q3,Sep,Interlock,1,0,499190
INV-01119,2021,9,Q3,Sep,Interlock,1,0,499190
INV-01119,2021,9,Q3,Sep,Loover,1,0,499190
INV-01136,2021,9,Q3,Sep,Beeralu Moulds,3,0,499190
INV-01136,2021,9,Q3,Sep,Silparan Kota,4,0,499190
INV-01140,2021,9,Q3,Sep,Doors,1,0,499190
INV-01140,2021,9,Q3,Sep,Interlock,4,0,499190
INV-01140,2021,9,Q3,Sep,Roofing Sheets,1,0,499190
INV-01140,2021,9,Q3,Sep,Bathik Tanks,1,0,499190
INV-01111,2021,9,Q3,Sep,Beeralu Moulds,7,0,499190
INV-01142,2021,9,Q3,Sep,Loover,1,0,499190
INV-01145,2021,9,Q3,Sep,Interlock,2,0,499190
INV-01145,2021,9,Q3,Sep,Roofing Sheets,1,0,499190
INV-01106,2021,9,Q3,Sep,Water Proof Tanks,1,0,499190
INV-01106,2021,9,Q3,Sep,Chemical Proof Tanks,1,0,499190
INV-01106,2021,9,Q3,Sep,Flower Pots,1,0,499190
INV-01144,2021,9,Q3,Sep,Molding Pati,4,0,499190
INV-01125,2021,9,Q3,Sep,Doors,1,0,499190
INV-01125,2021,9,Q3,Sep,Roofing Sheets,1,0,499190
INV-01125,2021,9,Q3,Sep,Loover,1,0,499190
INV-01110,2021,9,Q3,Sep,Beeralu Moulds,1,0,499190
INV-01131,2021,9,Q3,Sep,Bathik Tanks,1,0,499190
INV-01131,2021,9,Q3,Sep,Chemical Proof Tanks,1,0,499190
INV-01131,2021,9,Q3,Sep,Doors,1,0,499190
INV-01134,2021,9,Q3,Sep,Water Proof Tanks,1,0,499190
INV-01134,2021,9,Q3,Sep,Bathik Tanks,1,0,499190
INV-01130,2021,9,Q3,Sep,Slab Moulds,1,0,499190
INV-01130,2021,9,Q3,Sep,Beeralu Moulds,1,0,499190
INV-01130,2021,9,Q3,Sep,Kanu Moulds,1,0,499190
INV-01112,2021,9,Q3,Sep,Loover,1,0,499190
INV-01112,2021,9,Q3,Sep,Interlock,1,0,499190
INV-01128,2021,9,Q3,Sep,Silparan Kota,1,0,499190
INV-01128,2021,9,Q3,Sep,Kanu Moulds,3,0,499190
INV-01128,2021,9,Q3,Sep,Slab Moulds,1,0,499190
INV-01124,2021,9,Q3,Sep,Garden Animal Moulds,1,0,499190
INV-01146,2021,9,Q3,Sep,Slab Moulds,1,0,499190
INV-01137,2021,9,Q3,Sep,Interlock,1,0,499190
INV-01126,2021,9,Q3,Sep,Water Proof Tanks,1,0,499190
INV-01126,2021,9,Q3,Sep,Bathik Tanks,1,0,499190
INV-01126,2021,9,Q3,Sep,Chemical Proof Tanks,1,0,499190
INV-01135,2021,9,Q3,Sep,Garden Animal Moulds,1,0,499190
INV-01114,2021,9,Q3,Sep,Tables and Benches,3,0,499190
INV-01114,2021,9,Q3,Sep,Flower Pots,11,0,499190
INV-01114,2021,9,Q3,Sep,Garden Animal Moulds,1,0,499190
INV-01143,2021,9,Q3,Sep,Chemical Proof Tanks,1,0,499190
INV-01143,2021,9,Q3,Sep,Bathik Tanks,1,0,499190
INV-01143,2021,9,Q3,Sep,Water Proof Tanks,1,0,499190
INV-01127,2021,9,Q3,Sep,Loover,1,0,499190
INV-01129,2021,9,Q3,Sep,Interlock,1,0,499190
INV-01129,2021,9,Q3,Sep,Tables and Benches,1,0,499190
INV-01113,2021,9,Q3,Sep,Bathik Tanks,1,0,499190
INV-01113,2021,9,Q3,Sep,Water Proof Tanks,1,0,499190
INV-01118,2021,9,Q3,Sep,Water Proof Tanks,1,0,499190
INV-01118,2021,9,Q3,Sep,Bathik Tanks,1,0,499190
INV-01118,2021,9,Q3,Sep,Chemical Proof Tanks,1,0,499190
INV-01121,2021,9,Q3,Sep,Garden Animal Moulds,1,0,499190
INV-01121,2021,9,Q3,Sep,Flower Pots,1,0,499190
INV-01121,2021,9,Q3,Sep,Tables and Benches,1,0,499190
INV-01122,2021,9,Q3,Sep,Bathik Tanks,1,0,499190
INV-01122,2021,9,Q3,Sep,Water Proof Tanks,1,0,499190
INV-01122,2021,9,Q3,Sep,Chemical Proof Tanks,1,0,499190
INV-01104,2021,9,Q3,Sep,Flower Pots,2,0,499190
INV-01104,2021,9,Q3,Sep,Garden Animal Moulds,1,0,499190
INV-01109,2021,9,Q3,Sep,Interlock,1,0,499190
INV-01120,2021,9,Q3,Sep,Kanu Moulds,1,0,499190
INV-01117,2021,9,Q3,Sep,Flower Pots,2,0,499190
INV-01117,2021,9,Q3,Sep,Garden Animal Moulds,2,0,499190
INV-01117,2021,9,Q3,Sep,Tables and Benches,1,0,499190
INV-01105,2021,9,Q3,Sep,Slab Moulds,1,0,499190
INV-01105,2021,9,Q3,Sep,Kalugal Moulds,2,0,499190
INV-01105,2021,9,Q3,Sep,Silparan Kota,10,0,499190
INV-01105,2021,9,Q3,Sep,Kanu Moulds,1,0,499190
INV-01133,2021,9,Q3,Sep,Garden Animal Moulds,1,0,499190
INV-01123,2021,9,Q3,Sep,Garden Animal Moulds,1,0,499190
INV-01123,2021,9,Q3,Sep,Flower Pots,10,0,499190
INV-01123,2021,9,Q3,Sep,Temple Items,3,0,499190
INV-01123,2021,9,Q3,Sep,Bathik Tanks,1,0,499190
INV-01107,2021,9,Q3,Sep,Silparan Kota,1,0,499190
INV-01108,2021,9,Q3,Sep,Chemical Proof Tanks,1,0,499190
INV-01108,2021,9,Q3,Sep,Water Proof Tanks,1,0,499190
INV-01108,2021,9,Q3,Sep,Bathik Tanks,1,0,499190
INV-01115,2021,9,Q3,Sep,Roofing Sheets,1,0,499190
INV-01115,2021,9,Q3,Sep,Interlock,1,0,499190
INV-01141,2021,9,Q3,Sep,Molding Pati,1,0,499190
INV-01148,2021,10,Q4,Oct,Loover,1,0,474684
INV-01171,2021,10,Q4,Oct,Beeralu Moulds,1,0,474684
INV-01170,2021,10,Q4,Oct,Chemical Proof Tanks,1,0,474684
INV-01170,2021,10,Q4,Oct,Water Proof Tanks,1,0,474684
INV-01176,2021,10,Q4,Oct,Garden Animal Moulds,1,0,474684
INV-01153,2021,10,Q4,Oct,Loover,1,0,474684
INV-01153,2021,10,Q4,Oct,Interlock,4,0,474684
INV-01162,2021,10,Q4,Oct,Slab Moulds,1,0,474684
INV-01162,2021,10,Q4,Oct,Beeralu Moulds,1,0,474684
INV-01162,2021,10,Q4,Oct,Kanu Moulds,1,0,474684
INV-01182,2021,10,Q4,Oct,Roofing Sheets,1,0,474684
INV-01182,2021,10,Q4,Oct,Loover,1,0,474684
INV-01182,2021,10,Q4,Oct,Interlock,1,0,474684
INV-01163,2021,10,Q4,Oct,Tables and Benches,1,0,474684
INV-01163,2021,10,Q4,Oct,Garden Animal Moulds,1,0,474684
INV-01158,2021,10,Q4,Oct,Slab Moulds,1,0,474684
INV-01158,2021,10,Q4,Oct,Molding Pati,1,0,474684
INV-01158,2021,10,Q4,Oct,Beeralu Moulds,1,0,474684
INV-01179,2021,10,Q4,Oct,Chemical Proof Tanks,1,0,474684
INV-01149,2021,10,Q4,Oct,Flower Pots,2,0,474684
INV-01149,2021,10,Q4,Oct,Temple Items,1,0,474684
INV-01149,2021,10,Q4,Oct,Garden Animal Moulds,1,0,474684
INV-01178,2021,10,Q4,Oct,Interlock,1,0,474684
INV-01155,2021,10,Q4,Oct,Molding Pati,1,0,474684
INV-01155,2021,10,Q4,Oct,Kalugal Moulds,1,0,474684
INV-01161,2021,10,Q4,Oct,Water Proof Tanks,1,0,474684
INV-01169,2021,10,Q4,Oct,Chemical Proof Tanks,1,0,474684
INV-01152,2021,10,Q4,Oct,Bathik Tanks,1,0,474684
INV-01157,2021,10,Q4,Oct,Kanu Moulds,1,0,474684
INV-01157,2021,10,Q4,Oct,Silparan Kota,1,1,474684
INV-01189,2021,10,Q4,Oct,Roofing Sheets,1,0,474684
INV-01189,2021,10,Q4,Oct,Doors,1,0,474684
INV-01189,2021,10,Q4,Oct,Interlock,2,0,474684
INV-01189,2021,10,Q4,Oct,Bathik Tanks,1,0,474684
INV-01156,2021,10,Q4,Oct,Kanu Moulds,1,0,474684
INV-01165,2021,10,Q4,Oct,Chemical Proof Tanks,1,0,474684
INV-01165,2021,10,Q4,Oct,Water Proof Tanks,1,0,474684
INV-01186,2021,10,Q4,Oct,Interlock,1,0,474684
INV-01186,2021,10,Q4,Oct,Garden Animal Moulds,2,0,474684
INV-01147,2021,10,Q4,Oct,Temple Items,1,0,474684
INV-01185,2021,10,Q4,Oct,Kanu Moulds,2,0,474684
INV-01185,2021,10,Q4,Oct,Kalugal Moulds,1,0,474684
INV-01190,2021,10,Q4,Oct,Silparan Kota,6,1,474684
INV-01190,2021,10,Q4,Oct,Slab Moulds,2,0,474684
INV-01190,2021,10,Q4,Oct,Kanu Moulds,7,0,474684
INV-01190,2021,10,Q4,Oct,Molding Pati,6,0,474684
INV-01154,2021,10,Q4,Oct,Roofing Sheets,3,0,474684
INV-01154,2021,10,Q4,Oct,Doors,1,0,474684
INV-01154,2021,10,Q4,Oct,Interlock,4,0,474684
INV-01168,2021,10,Q4,Oct,Beeralu Moulds,1,0,474684
INV-01168,2021,10,Q4,Oct,Kanu Moulds,1,0,474684
INV-01173,2021,10,Q4,Oct,Molding Pati,1,0,474684
INV-01173,2021,10,Q4,Oct,Silparan Kota,1,1,474684
INV-01166,2021,10,Q4,Oct,Tables and Benches,1,0,474684
INV-01166,2021,10,Q4,Oct,Garden Animal Moulds,3,0,474684
INV-01181,2021,10,Q4,Oct,Silparan Kota,1,1,474684
INV-01181,2021,10,Q4,Oct,Molding Pati,1,0,474684
INV-01160,2021,10,Q4,Oct,Tables and Benches,1,0,474684
INV-01160,2021,10,Q4,Oct,Interlock,1,0,474684
INV-01164,2021,10,Q4,Oct,Loover,1,0,474684
INV-01164,2021,10,Q4,Oct,Roofing Sheets,1,0,474684
INV-01187,2021,10,Q4,Oct,Doors,1,0,474684
INV-01174,2021,10,Q4,Oct,Kalugal Moulds,1,0,474684
INV-01174,2021,10,Q4,Oct,Silparan Kota,1,1,474684
INV-01180,2021,10,Q4,Oct,Flower Pots,8,0,474684
INV-01180,2021,10,Q4,Oct,Garden Animal Moulds,1,0,474684
INV-01177,2021,10,Q4,Oct,Tables and Benches,1,0,474684
INV-01177,2021,10,Q4,Oct,Flower Pots,1,0,474684
INV-01177,2021,10,Q4,Oct,Garden Animal Moulds,1,0,474684
INV-01184,2021,10,Q4,Oct,Interlock,1,0,474684
INV-01184,2021,10,Q4,Oct,Flower Pots,12,0,474684
INV-01191,2021,10,Q4,Oct,Chemical Proof Tanks,1,0,474684
INV-01150,2021,10,Q4,Oct,Kalugal Moulds,1,0,474684
INV-01150,2021,10,Q4,Oct,Kanu Moulds,1,0,474684
INV-01150,2021,10,Q4,Oct,Silparan Kota,1,1,474684
INV-01151,2021,10,Q4,Oct,Flower Pots,6,0,474684
INV-01151,2021,10,Q4,Oct,Temple Items,1,0,474684
INV-01151,2021,10,Q4,Oct,Garden Animal Moulds,1,0,474684
INV-01159,2021,10,Q4,Oct,Interlock,2,0,474684
INV-01159,2021,10,Q4,Oct,Doors,1,0,474684
INV-01159,2021,10,Q4,Oct,Roofing Sheets,1,0,474684
INV-01159,2021,10,Q4,Oct,Molding Pati,3,0,474684
INV-01172,2021,10,Q4,Oct,Kalugal Moulds,2,0,474684
INV-01172,2021,10,Q4,Oct,Slab Moulds,1,0,474684
INV-01172,2021,10,Q4,Oct,Beeralu Moulds,5,0,474684
INV-01172,2021,10,Q4,Oct,Kanu Moulds,4,0,474684
INV-01175,2021,10,Q4,Oct,Chemical Proof Tanks,1,0,474684
INV-01175,2021,10,Q4,Oct,Bathik Tanks,1,0,474684
INV-01183,2021,10,Q4,Oct,Silparan Kota,1,1,474684
INV-01183,2021,10,Q4,Oct,Slab Moulds,2,0,474684
INV-01188,2021,10,Q4,Oct,Loover,2,0,474684
INV-01188,2021,10,Q4,Oct,Roofing Sheets,1,0,474684
INV-01167,2021,10,Q4,Oct,Silparan Kota,1,1,474684
INV-01167,2021,10,Q4,Oct,Kalugal Moulds,1,0,474684
INV-01167,2021,10,Q4,Oct,Molding Pati,4,0,474684
INV-01239,2021,11,Q4,Nov,Garden Animal Moulds,2,0,879434
INV-01239,2021,11,Q4,Nov,Interlock,1,0,879434
INV-01248,2021,11,Q4,Nov,Silparan Kota,3,1,879434
INV-01202,2021,11,Q4,Nov,Kalugal Moulds,1,0,879434
INV-01202,2021,11,Q4,Nov,Silparan Kota,14,1,879434
INV-01202,2021,11,Q4,Nov,Slab Moulds,1,0,879434
INV-01223,2021,11,Q4,Nov,Interlock,1,0,879434
INV-01233,2021,11,Q4,Nov,Molding Pati,1,0,879434
INV-01233,2021,11,Q4,Nov,Slab Moulds,1,0,879434
INV-01233,2021,11,Q4,Nov,Beeralu Moulds,1,0,879434
INV-01210,2021,11,Q4,Nov,Molding Pati,1,0,879434
INV-01210,2021,11,Q4,Nov,Beeralu Moulds,1,0,879434
INV-01210,2021,11,Q4,Nov,Slab Moulds,1,0,879434
INV-01237,2021,11,Q4,Nov,Chemical Proof Tanks,1,0,879434
INV-01237,2021,11,Q4,Nov,Bathik Tanks,1,0,879434
INV-01225,2021,11,Q4,Nov,Flower Pots,2,0,879434
INV-01225,2021,11,Q4,Nov,Tables and Benches,1,0,879434
INV-01225,2021,11,Q4,Nov,Garden Animal Moulds,2,0,879434
INV-01225,2021,11,Q4,Nov,Interlock,1,0,879434
INV-01236,2021,11,Q4,Nov,Slab Moulds,1,0,879434
INV-01240,2021,11,Q4,Nov,Loover,1,1,879434
INV-01240,2021,11,Q4,Nov,Interlock,1,0,879434
INV-01240,2021,11,Q4,Nov,Doors,1,0,879434
INV-01243,2021,11,Q4,Nov,Silparan Kota,1,1,879434
INV-01243,2021,11,Q4,Nov,Slab Moulds,1,0,879434
INV-01203,2021,11,Q4,Nov,Tables and Benches,1,0,879434
INV-01203,2021,11,Q4,Nov,Interlock,1,0,879434
INV-01203,2021,11,Q4,Nov,Garden Animal Moulds,1,0,879434
INV-01203,2021,11,Q4,Nov,Bathik Tanks,1,0,879434
INV-01241,2021,11,Q4,Nov,Beeralu Moulds,1,0,879434
INV-01246,2021,11,Q4,Nov,Interlock,8,0,879434
INV-01246,2021,11,Q4,Nov,Loover,1,1,879434
INV-01246,2021,11,Q4,Nov,Doors,1,0,879434
INV-01246,2021,11,Q4,Nov,Tables and Benches,1,0,879434
INV-01247,2021,11,Q4,Nov,Kalugal Moulds,4,0,879434
INV-01197,2021,11,Q4,Nov,Flower Pots,46,0,879434
INV-01197,2021,11,Q4,Nov,Garden Animal Moulds,5,0,879434
INV-01197,2021,11,Q4,Nov,Temple Items,1,0,879434
INV-01204,2021,11,Q4,Nov,Silparan Kota,1,1,879434
INV-01204,2021,11,Q4,Nov,Slab Moulds,1,0,879434
INV-01204,2021,11,Q4,Nov,Kalugal Moulds,1,0,879434
INV-01204,2021,11,Q4,Nov,Molding Pati,1,0,879434
INV-01211,2021,11,Q4,Nov,Loover,3,1,879434
INV-01211,2021,11,Q4,Nov,Roofing Sheets,1,0,879434
INV-01211,2021,11,Q4,Nov,Doors,1,0,879434
INV-01211,2021,11,Q4,Nov,Interlock,2,0,879434
INV-01219,2021,11,Q4,Nov,Loover,1,1,879434
INV-01219,2021,11,Q4,Nov,Roofing Sheets,1,0,879434
INV-01219,2021,11,Q4,Nov,Chemical Proof Tanks,1,0,879434
INV-01198,2021,11,Q4,Nov,Interlock,1,0,879434
INV-01198,2021,11,Q4,Nov,Loover,1,1,879434
INV-01198,2021,11,Q4,Nov,Roofing Sheets,1,0,879434
INV-01229,2021,11,Q4,Nov,Bathik Tanks,1,0,879434
INV-01229,2021,11,Q4,Nov,Water Proof Tanks,1,0,879434
INV-01229,2021,11,Q4,Nov,Chemical Proof Tanks,1,0,879434
INV-01213,2021,11,Q4,Nov,Bathik Tanks,1,0,879434
INV-01213,2021,11,Q4,Nov,Water Proof Tanks,1,0,879434
INV-01220,2021,11,Q4,Nov,Garden Animal Moulds,1,0,879434
INV-01220,2021,11,Q4,Nov,Interlock,1,0,879434
INV-01220,2021,11,Q4,Nov,Flower Pots,12,0,879434
INV-01222,2021,11,Q4,Nov,Chemical Proof Tanks,1,0,879434
INV-01222,2021,11,Q4,Nov,Bathik Tanks,1,0,879434
INV-01212,2021,11,Q4,Nov,Loover,1,1,879434
INV-01212,2021,11,Q4,Nov,Interlock,6,0,879434
INV-01212,2021,11,Q4,Nov,Doors,1,0,879434
INV-01212,2021,11,Q4,Nov,Roofing Sheets,1,0,879434
INV-01231,2021,11,Q4,Nov,Doors,1,0,879434
INV-01242,2021,11,Q4,Nov,Chemical Proof Tanks,1,0,879434
INV-01242,2021,11,Q4,Nov,Water Proof Tanks,1,0,879434
INV-01193,2021,11,Q4,Nov,Garden Animal Moulds,1,0,879434
INV-01193,2021,11,Q4,Nov,Temple Items,1,0,879434
INV-01193,2021,11,Q4,Nov,Flower Pots,2,0,879434
INV-01208,2021,11,Q4,Nov,Kalugal Moulds,1,0,879434
INV-01208,2021,11,Q4,Nov,Silparan Kota,1,1,879434
INV-01218,2021,11,Q4,Nov,Flower Pots,4,0,879434
INV-01227,2021,11,Q4,Nov,Tables and Benches,4,0,879434
INV-01227,2021,11,Q4,Nov,Flower Pots,39,0,879434
INV-01227,2021,11,Q4,Nov,Interlock,13,0,879434
INV-01227,2021,11,Q4,Nov,Garden Animal Moulds,3,0,879434
INV-01235,2021,11,Q4,Nov,Garden Animal Moulds,1,0,879434
INV-01251,2021,11,Q4,Nov,Interlock,1,0,879434
INV-01251,2021,11,Q4,Nov,Doors,1,0,879434
INV-01251,2021,11,Q4,Nov,Loover,1,1,879434
INV-01226,2021,11,Q4,Nov,Interlock,1,0,879434
INV-01249,2021,11,Q4,Nov,Molding Pati,1,0,879434
INV-01249,2021,11,Q4,Nov,Slab Moulds,1,0,879434
INV-01249,2021,11,Q4,Nov,Silparan Kota,2,1,879434
INV-01249,2021,11,Q4,Nov,Kalugal Moulds,1,0,879434
INV-01238,2021,11,Q4,Nov,Garden Animal Moulds,4,0,879434
INV-01196,2021,11,Q4,Nov,Loover,1,1,879434
INV-01196,2021,11,Q4,Nov,Roofing Sheets,1,0,879434
INV-01207,2021,11,Q4,Nov,Molding Pati,1,0,879434
INV-01221,2021,11,Q4,Nov,Slab Moulds,1,0,879434
INV-01209,2021,11,Q4,Nov,Interlock,1,0,879434
INV-01209,2021,11,Q4,Nov,Garden Animal Moulds,2,0,879434
INV-01209,2021,11,Q4,Nov,Flower Pots,9,0,879434
INV-01209,2021,11,Q4,Nov,Kanu Moulds,1,0,879434
INV-01250,2021,11,Q4,Nov,Slab Moulds,1,0,879434
INV-01250,2021,11,Q4,Nov,Beeralu Moulds,1,0,879434
INV-01200,2021,11,Q4,Nov,Roofing Sheets,1,0,879434
INV-01206,2021,11,Q4,Nov,Flower Pots,1,0,879434
INV-01206,2021,11,Q4,Nov,Garden Animal Moulds,1,0,879434
INV-01232,2021,11,Q4,Nov,Kanu Moulds,6,0,879434
INV-01216,2021,11,Q4,Nov,Kanu Moulds,5,0,879434
INV-01216,2021,11,Q4,Nov,Beeralu Moulds,6,0,879434
INV-01215,2021,11,Q4,Nov,Tables and Benches,1,0,879434
INV-01234,2021,11,Q4,Nov,Garden Animal Moulds,1,0,879434
INV-01234,2021,11,Q4,Nov,Temple Items,1,0,879434
INV-01201,2021,11,Q4,Nov,Doors,1,0,879434
INV-01201,2021,11,Q4,Nov,Roofing Sheets,1,0,879434
INV-01214,2021,11,Q4,Nov,Slab Moulds,1,0,879434
INV-01214,2021,11,Q4,Nov,Beeralu Moulds,2,0,879434
INV-01214,2021,11,Q4,Nov,Kanu Moulds,7,0,879434
INV-01245,2021,11,Q4,Nov,Bathik Tanks,1,0,879434
INV-01245,2021,11,Q4,Nov,Chemical Proof Tanks,1,0,879434
INV-01245,2021,11,Q4,Nov,Water Proof Tanks,1,0,879434
INV-01194,2021,11,Q4,Nov,Doors,1,0,879434
INV-01194,2021,11,Q4,Nov,Roofing Sheets,1,0,879434
INV-01194,2021,11,Q4,Nov,Loover,3,1,879434
INV-01195,2021,11,Q4,Nov,Silparan Kota,5,1,879434
INV-01195,2021,11,Q4,Nov,Beeralu Moulds,1,0,879434
INV-01195,2021,11,Q4,Nov,Slab Moulds,1,0,879434
INV-01217,2021,11,Q4,Nov,Garden Animal Moulds,1,0,879434
INV-01217,2021,11,Q4,Nov,Flower Pots,1,0,879434
INV-01224,2021,11,Q4,Nov,Molding Pati,1,0,879434
INV-01224,2021,11,Q4,Nov,Silparan Kota,2,1,879434
INV-01205,2021,11,Q4,Nov,Molding Pati,1,0,879434
INV-01205,2021,11,Q4,Nov,Kalugal Moulds,1,0,879434
INV-01205,2021,11,Q4,Nov,Slab Moulds,1,0,879434
INV-01205,2021,11,Q4,Nov,Silparan Kota,2,1,879434
INV-01192,2021,11,Q4,Nov,Roofing Sheets,2,0,879434
INV-01199,2021,11,Q4,Nov,Kanu Moulds,6,0,879434
INV-01199,2021,11,Q4,Nov,Silparan Kota,20,1,879434
INV-01199,2021,11,Q4,Nov,Kalugal Moulds,3,0,879434
INV-01252,2021,11,Q4,Nov,Loover,1,1,879434
INV-01230,2021,11,Q4,Nov,Beeralu Moulds,1,0,879434
INV-01244,2021,11,Q4,Nov,Flower Pots,1,0,879434
INV-01228,2021,11,Q4,Nov,Molding Pati,10,0,879434
INV-01228,2021,11,Q4,Nov,Kanu Moulds,2,0,879434
INV-01267,2021,12,Q4,Dec,Interlock,4,0,334896
INV-01267,2021,12,Q4,Dec,Flower Pots,2,1,334896
INV-01267,2021,12,Q4,Dec,Garden Animal Moulds,6,0,334896
INV-01267,2021,12,Q4,Dec,Tables and Benches,1,1,334896
INV-01263,2021,12,Q4,Dec,Bathik Tanks,1,0,334896
INV-01263,2021,12,Q4,Dec,Water Proof Tanks,1,0,334896
INV-01263,2021,12,Q4,Dec,Chemical Proof Tanks,1,0,334896
INV-01263,2021,12,Q4,Dec,Interlock,2,0,334896
INV-01279,2021,12,Q4,Dec,Loover,1,1,334896
INV-01265,2021,12,Q4,Dec,Tables and Benches,1,1,334896
INV-01265,2021,12,Q4,Dec,Interlock,1,0,334896
INV-01268,2021,12,Q4,Dec,Interlock,4,0,334896
INV-01268,2021,12,Q4,Dec,Loover,1,1,334896
INV-01268,2021,12,Q4,Dec,Roofing Sheets,1,1,334896
INV-01281,2021,12,Q4,Dec,Bathik Tanks,1,0,334896
INV-01273,2021,12,Q4,Dec,Slab Moulds,1,0,334896
INV-01273,2021,12,Q4,Dec,Molding Pati,2,0,334896
INV-01273,2021,12,Q4,Dec,Beeralu Moulds,2,0,334896
INV-01256,2021,12,Q4,Dec,Kanu Moulds,1,0,334896
INV-01275,2021,12,Q4,Dec,Tables and Benches,1,1,334896
INV-01275,2021,12,Q4,Dec,Flower Pots,1,1,334896
INV-01255,2021,12,Q4,Dec,Bathik Tanks,1,0,334896
INV-01254,2021,12,Q4,Dec,Interlock,5,0,334896
INV-01254,2021,12,Q4,Dec,Loover,2,1,334896
INV-01254,2021,12,Q4,Dec,Roofing Sheets,1,1,334896
INV-01254,2021,12,Q4,Dec,Temple Items,1,1,334896
INV-01277,2021,12,Q4,Dec,Flower Pots,6,1,334896
INV-01261,2021,12,Q4,Dec,Molding Pati,1,0,334896
INV-01261,2021,12,Q4,Dec,Slab Moulds,1,0,334896
INV-01257,2021,12,Q4,Dec,Interlock,1,0,334896
INV-01257,2021,12,Q4,Dec,Tables and Benches,1,1,334896
INV-01257,2021,12,Q4,Dec,Flower Pots,3,1,334896
INV-01278,2021,12,Q4,Dec,Flower Pots,1,1,334896
INV-01278,2021,12,Q4,Dec,Temple Items,1,1,334896
INV-01269,2021,12,Q4,Dec,Chemical Proof Tanks,1,0,334896
INV-01269,2021,12,Q4,Dec,Bathik Tanks,1,0,334896
INV-01272,2021,12,Q4,Dec,Kanu Moulds,1,0,334896
INV-01272,2021,12,Q4,Dec,Kalugal Moulds,1,0,334896
INV-01258,2021,12,Q4,Dec,Bathik Tanks,1,0,334896
INV-01258,2021,12,Q4,Dec,Chemical Proof Tanks,1,0,334896
INV-01258,2021,12,Q4,Dec,Water Proof Tanks,1,0,334896
INV-01266,2021,12,Q4,Dec,Interlock,1,0,334896
INV-01260,2021,12,Q4,Dec,Molding Pati,1,0,334896
INV-01260,2021,12,Q4,Dec,Kalugal Moulds,1,0,334896
INV-01270,2021,12,Q4,Dec,Silparan Kota,3,0,334896
INV-01270,2021,12,Q4,Dec,Kanu Moulds,1,0,334896
INV-01259,2021,12,Q4,Dec,Kanu Moulds,1,0,334896
INV-01259,2021,12,Q4,Dec,Silparan Kota,3,0,334896
INV-01259,2021,12,Q4,Dec,Kalugal Moulds,1,0,334896
INV-01259,2021,12,Q4,Dec,Tables and Benches,1,1,334896
INV-01262,2021,12,Q4,Dec,Silparan Kota,2,0,334896
INV-01262,2021,12,Q4,Dec,Kalugal Moulds,1,0,334896
INV-01262,2021,12,Q4,Dec,Molding Pati,1,0,334896
INV-01253,2021,12,Q4,Dec,Tables and Benches,1,1,334896
INV-01253,2021,12,Q4,Dec,Garden Animal Moulds,1,0,334896
INV-01276,2021,12,Q4,Dec,Beeralu Moulds,1,0,334896
INV-01276,2021,12,Q4,Dec,Slab Moulds,1,0,334896
INV-01276,2021,12,Q4,Dec,Molding Pati,1,0,334896
INV-01280,2021,12,Q4,Dec,Kalugal Moulds,3,0,334896
INV-01280,2021,12,Q4,Dec,Beeralu Moulds,7,0,334896
INV-01280,2021,12,Q4,Dec,Kanu Moulds,1,0,334896
INV-01264,2021,12,Q4,Dec,Roofing Sheets,1,1,334896
INV-01271,2021,12,Q4,Dec,Slab Moulds,1,0,334896
INV-01274,2021,12,Q4,Dec,Kalugal Moulds,2,0,334896
INV-01334,2022,1,Q1,Jan,Doors,1,1,502422
INV-01334,2022,1,Q1,Jan,Loover,1,1,502422
INV-01286,2022,1,Q1,Jan,Loover,1,1,502422
INV-01286,2022,1,Q1,Jan,Roofing Sheets,1,1,502422
INV-01298,2022,1,Q1,Jan,Slab Moulds,1,1,502422
INV-01298,2022,1,Q1,Jan,Molding Pati,2,1,502422
INV-01335,2022,1,Q1,Jan,Loover,1,1,502422
INV-01335,2022,1,Q1,Jan,Doors,1,1,502422
INV-01335,2022,1,Q1,Jan,Interlock,2,0,502422
INV-01303,2022,1,Q1,Jan,Silparan Kota,3,1,502422
INV-01294,2022,1,Q1,Jan,Chemical Proof Tanks,1,1,502422
INV-01294,2022,1,Q1,Jan,Bathik Tanks,1,1,502422
INV-01294,2022,1,Q1,Jan,Water Proof Tanks,1,1,502422
INV-01308,2022,1,Q1,Jan,Bathik Tanks,1,1,502422
INV-01308,2022,1,Q1,Jan,Chemical Proof Tanks,1,1,502422
INV-01308,2022,1,Q1,Jan,Water Proof Tanks,1,1,502422
INV-01291,2022,1,Q1,Jan,Interlock,4,0,502422
INV-01291,2022,1,Q1,Jan,Doors,1,1,502422
INV-01291,2022,1,Q1,Jan,Loover,1,1,502422
INV-01291,2022,1,Q1,Jan,Roofing Sheets,1,1,502422
INV-01321,2022,1,Q1,Jan,Molding Pati,2,1,502422
INV-01333,2022,1,Q1,Jan,Silparan Kota,5,1,502422
INV-01295,2022,1,Q1,Jan,Beeralu Moulds,23,0,502422
INV-01295,2022,1,Q1,Jan,Kalugal Moulds,1,1,502422
INV-01313,2022,1,Q1,Jan,Flower Pots,1,0,502422
INV-01288,2022,1,Q1,Jan,Garden Animal Moulds,1,0,502422
INV-01288,2022,1,Q1,Jan,Temple Items,1,1,502422
INV-01288,2022,1,Q1,Jan,Flower Pots,4,0,502422
INV-01322,2022,1,Q1,Jan,Bathik Tanks,1,1,502422
INV-01332,2022,1,Q1,Jan,Roofing Sheets,1,1,502422
INV-01330,2022,1,Q1,Jan,Silparan Kota,3,1,502422
INV-01330,2022,1,Q1,Jan,Slab Moulds,1,1,502422
INV-01330,2022,1,Q1,Jan,Molding Pati,1,1,502422
INV-01302,2022,1,Q1,Jan,Interlock,1,0,502422
INV-01314,2022,1,Q1,Jan,Beeralu Moulds,1,0,502422
INV-01314,2022,1,Q1,Jan,Kalugal Moulds,1,1,502422
INV-01331,2022,1,Q1,Jan,Bathik Tanks,1,1,502422
INV-01331,2022,1,Q1,Jan,Chemical Proof Tanks,1,1,502422
INV-01311,2022,1,Q1,Jan,Bathik Tanks,1,1,502422
INV-01312,2022,1,Q1,Jan,Water Proof Tanks,1,1,502422
INV-01312,2022,1,Q1,Jan,Chemical Proof Tanks,1,1,502422
INV-01312,2022,1,Q1,Jan,Bathik Tanks,1,1,502422
INV-01287,2022,1,Q1,Jan,Roofing Sheets,1,1,502422
INV-01300,2022,1,Q1,Jan,Slab Moulds,1,1,502422
INV-01300,2022,1,Q1,Jan,Molding Pati,1,1,502422
INV-01318,2022,1,Q1,Jan,Water Proof Tanks,1,1,502422
INV-01318,2022,1,Q1,Jan,Bathik Tanks,1,1,502422
INV-01323,2022,1,Q1,Jan,Slab Moulds,1,1,502422
INV-01323,2022,1,Q1,Jan,Silparan Kota,2,1,502422
INV-01323,2022,1,Q1,Jan,Kalugal Moulds,1,1,502422
INV-01301,2022,1,Q1,Jan,Doors,1,1,502422
INV-01301,2022,1,Q1,Jan,Roofing Sheets,1,1,502422
INV-01307,2022,1,Q1,Jan,Silparan Kota,1,1,502422
INV-01307,2022,1,Q1,Jan,Molding Pati,1,1,502422
INV-01307,2022,1,Q1,Jan,Kalugal Moulds,1,1,502422
INV-01324,2022,1,Q1,Jan,Bathik Tanks,1,1,502422
INV-01324,2022,1,Q1,Jan,Water Proof Tanks,1,1,502422
INV-01292,2022,1,Q1,Jan,Tables and Benches,1,0,502422
INV-01292,2022,1,Q1,Jan,Interlock,2,0,502422
INV-01305,2022,1,Q1,Jan,Interlock,1,0,502422
INV-01320,2022,1,Q1,Jan,Silparan Kota,1,1,502422
INV-01328,2022,1,Q1,Jan,Interlock,5,0,502422
INV-01299,2022,1,Q1,Jan,Roofing Sheets,1,1,502422
INV-01282,2022,1,Q1,Jan,Doors,1,1,502422
INV-01282,2022,1,Q1,Jan,Roofing Sheets,1,1,502422
INV-01282,2022,1,Q1,Jan,Loover,4,1,502422
INV-01283,2022,1,Q1,Jan,Doors,1,1,502422
INV-01284,2022,1,Q1,Jan,Chemical Proof Tanks,1,1,502422
INV-01284,2022,1,Q1,Jan,Bathik Tanks,1,1,502422
INV-01290,2022,1,Q1,Jan,Temple Items,1,1,502422
INV-01290,2022,1,Q1,Jan,Garden Animal Moulds,2,0,502422
INV-01329,2022,1,Q1,Jan,Doors,1,1,502422
INV-01329,2022,1,Q1,Jan,Interlock,1,0,502422
INV-01337,2022,1,Q1,Jan,Slab Moulds,1,1,502422
INV-01289,2022,1,Q1,Jan,Bathik Tanks,1,1,502422
INV-01293,2022,1,Q1,Jan,Doors,1,1,502422
INV-01304,2022,1,Q1,Jan,Slab Moulds,1,1,502422
INV-01325,2022,1,Q1,Jan,Silparan Kota,1,1,502422
INV-01325,2022,1,Q1,Jan,Molding Pati,1,1,502422
INV-01296,2022,1,Q1,Jan,Tables and Benches,1,0,502422
INV-01297,2022,1,Q1,Jan,Beeralu Moulds,2,0,502422
INV-01316,2022,1,Q1,Jan,Flower Pots,24,0,502422
INV-01316,2022,1,Q1,Jan,Interlock,2,0,502422
INV-01316,2022,1,Q1,Jan,Tables and Benches,2,0,502422
INV-01316,2022,1,Q1,Jan,Garden Animal Moulds,1,0,502422
INV-01326,2022,1,Q1,Jan,Loover,1,1,502422
INV-01285,2022,1,Q1,Jan,Flower Pots,1,0,502422
INV-01306,2022,1,Q1,Jan,Flower Pots,1,0,502422
INV-01306,2022,1,Q1,Jan,Garden Animal Moulds,1,0,502422
INV-01309,2022,1,Q1,Jan,Bathik Tanks,1,1,502422
INV-01319,2022,1,Q1,Jan,Roofing Sheets,1,1,502422
INV-01319,2022,1,Q1,Jan,Loover,1,1,502422
INV-01315,2022,1,Q1,Jan,Tables and Benches,1,0,502422
INV-01336,2022,1,Q1,Jan,Silparan Kota,2,1,502422
INV-01310,2022,1,Q1,Jan,Flower Pots,9,0,502422
INV-01310,2022,1,Q1,Jan,Tables and Benches,1,0,502422
INV-01327,2022,1,Q1,Jan,Kanu Moulds,1,0,502422
INV-01317,2022,1,Q1,Jan,Temple Items,1,1,502422
INV-01369,2022,2,Q1,Feb,Temple Items,1,0,556993
INV-01390,2022,2,Q1,Feb,Tables and Benches,1,0,556993
INV-01390,2022,2,Q1,Feb,Garden Animal Moulds,1,0,556993
INV-01391,2022,2,Q1,Feb,Flower Pots,8,0,556993
INV-01391,2022,2,Q1,Feb,Interlock,2,1,556993
INV-01391,2022,2,Q1,Feb,Garden Animal Moulds,1,0,556993
INV-01391,2022,2,Q1,Feb,Temple Items,1,0,556993
INV-01355,2022,2,Q1,Feb,Loover,2,1,556993
INV-01355,2022,2,Q1,Feb,Doors,1,1,556993
INV-01355,2022,2,Q1,Feb,Interlock,1,1,556993
INV-01355,2022,2,Q1,Feb,Kalugal Moulds,1,1,556993
INV-01358,2022,2,Q1,Feb,Interlock,1,1,556993
INV-01358,2022,2,Q1,Feb,Tables and Benches,1,0,556993
INV-01379,2022,2,Q1,Feb,Kanu Moulds,2,1,556993
INV-01379,2022,2,Q1,Feb,Kalugal Moulds,1,1,556993
INV-01382,2022,2,Q1,Feb,Flower Pots,1,0,556993
INV-01382,2022,2,Q1,Feb,Interlock,1,1,556993
INV-01338,2022,2,Q1,Feb,Doors,1,1,556993
INV-01340,2022,2,Q1,Feb,Silparan Kota,1,1,556993
INV-01340,2022,2,Q1,Feb,Kanu Moulds,3,1,556993
INV-01340,2022,2,Q1,Feb,Slab Moulds,1,1,556993
INV-01346,2022,2,Q1,Feb,Chemical Proof Tanks,1,1,556993
INV-01346,2022,2,Q1,Feb,Bathik Tanks,1,1,556993
INV-01371,2022,2,Q1,Feb,Doors,1,1,556993
INV-01371,2022,2,Q1,Feb,Loover,1,1,556993
INV-01339,2022,2,Q1,Feb,Kalugal Moulds,2,1,556993
INV-01339,2022,2,Q1,Feb,Kanu Moulds,5,1,556993
INV-01348,2022,2,Q1,Feb,Bathik Tanks,1,1,556993
INV-01348,2022,2,Q1,Feb,Chemical Proof Tanks,1,1,556993
INV-01363,2022,2,Q1,Feb,Interlock,1,1,556993
INV-01365,2022,2,Q1,Feb,Slab Moulds,1,1,556993
INV-01365,2022,2,Q1,Feb,Silparan Kota,5,1,556993
INV-01365,2022,2,Q1,Feb,Molding Pati,1,1,556993
INV-01365,2022,2,Q1,Feb,Kanu Moulds,4,1,556993
INV-01383,2022,2,Q1,Feb,Silparan Kota,1,1,556993
INV-01383,2022,2,Q1,Feb,Kanu Moulds,1,1,556993
INV-01353,2022,2,Q1,Feb,Chemical Proof Tanks,1,1,556993
INV-01353,2022,2,Q1,Feb,Bathik Tanks,1,1,556993
INV-01353,2022,2,Q1,Feb,Water Proof Tanks,1,1,556993
INV-01351,2022,2,Q1,Feb,Slab Moulds,1,1,556993
INV-01377,2022,2,Q1,Feb,Water Proof Tanks,1,1,556993
INV-01342,2022,2,Q1,Feb,Doors,1,1,556993
INV-01342,2022,2,Q1,Feb,Loover,1,1,556993
INV-01357,2022,2,Q1,Feb,Molding Pati,1,1,556993
INV-01380,2022,2,Q1,Feb,Slab Moulds,1,1,556993
INV-01352,2022,2,Q1,Feb,Temple Items,1,0,556993
INV-01368,2022,2,Q1,Feb,Bathik Tanks,1,1,556993
INV-01368,2022,2,Q1,Feb,Chemical Proof Tanks,1,1,556993
INV-01378,2022,2,Q1,Feb,Temple Items,1,0,556993
INV-01378,2022,2,Q1,Feb,Flower Pots,17,0,556993
INV-01378,2022,2,Q1,Feb,Garden Animal Moulds,2,0,556993
INV-01378,2022,2,Q1,Feb,Kalugal Moulds,1,1,556993
INV-01392,2022,2,Q1,Feb,Flower Pots,12,0,556993
INV-01392,2022,2,Q1,Feb,Interlock,1,1,556993
INV-01343,2022,2,Q1,Feb,Beeralu Moulds,1,1,556993
INV-01343,2022,2,Q1,Feb,Molding Pati,2,1,556993
INV-01345,2022,2,Q1,Feb,Bathik Tanks,1,1,556993
INV-01356,2022,2,Q1,Feb,Interlock,1,1,556993
INV-01356,2022,2,Q1,Feb,Flower Pots,1,0,556993
INV-01389,2022,2,Q1,Feb,Tables and Benches,1,0,556993
INV-01389,2022,2,Q1,Feb,Interlock,1,1,556993
INV-01366,2022,2,Q1,Feb,Roofing Sheets,1,1,556993
INV-01366,2022,2,Q1,Feb,Loover,1,1,556993
INV-01388,2022,2,Q1,Feb,Slab Moulds,1,1,556993
INV-01388,2022,2,Q1,Feb,Kalugal Moulds,1,1,556993
INV-01360,2022,2,Q1,Feb,Kanu Moulds,1,1,556993
INV-01360,2022,2,Q1,Feb,Molding Pati,2,1,556993
INV-01375,2022,2,Q1,Feb,Doors,1,1,556993
INV-01375,2022,2,Q1,Feb,Roofing Sheets,1,1,556993
INV-01386,2022,2,Q1,Feb,Interlock,4,1,556993
INV-01386,2022,2,Q1,Feb,Loover,1,1,556993
INV-01386,2022,2,Q1,Feb,Roofing Sheets,1,1,556993
INV-01341,2022,2,Q1,Feb,Beeralu Moulds,6,1,556993
INV-01341,2022,2,Q1,Feb,Slab Moulds,1,1,556993
INV-01341,2022,2,Q1,Feb,Kalugal Moulds,2,1,556993
INV-01341,2022,2,Q1,Feb,Silparan Kota,4,1,556993
INV-01381,2022,2,Q1,Feb,Molding Pati,1,1,556993
INV-01349,2022,2,Q1,Feb,Garden Animal Moulds,1,0,556993
INV-01349,2022,2,Q1,Feb,Flower Pots,1,0,556993
INV-01362,2022,2,Q1,Feb,Loover,1,1,556993
INV-01362,2022,2,Q1,Feb,Doors,1,1,556993
INV-01362,2022,2,Q1,Feb,Roofing Sheets,1,1,556993
INV-01362,2022,2,Q1,Feb,Silparan Kota,1,1,556993
INV-01373,2022,2,Q1,Feb,Roofing Sheets,1,1,556993
INV-01387,2022,2,Q1,Feb,Interlock,1,1,556993
INV-01387,2022,2,Q1,Feb,Roofing Sheets,1,1,556993
INV-01387,2022,2,Q1,Feb,Doors,1,1,556993
INV-01350,2022,2,Q1,Feb,Beeralu Moulds,15,1,556993
INV-01350,2022,2,Q1,Feb,Molding Pati,1,1,556993
INV-01350,2022,2,Q1,Feb,Kanu Moulds,11,1,556993
INV-01374,2022,2,Q1,Feb,Flower Pots,30,0,556993
INV-01374,2022,2,Q1,Feb,Temple Items,1,0,556993
INV-01367,2022,2,Q1,Feb,Silparan Kota,5,1,556993
INV-01370,2022,2,Q1,Feb,Beeralu Moulds,1,1,556993
INV-01370,2022,2,Q1,Feb,Molding Pati,1,1,556993
INV-01370,2022,2,Q1,Feb,Kalugal Moulds,4,1,556993
INV-01376,2022,2,Q1,Feb,Bathik Tanks,1,1,556993
INV-01344,2022,2,Q1,Feb,Water Proof Tanks,1,1,556993
INV-01344,2022,2,Q1,Feb,Bathik Tanks,1,1,556993
INV-01361,2022,2,Q1,Feb,Interlock,1,1,556993
INV-01361,2022,2,Q1,Feb,Flower Pots,1,0,556993
INV-01347,2022,2,Q1,Feb,Interlock,1,1,556993
INV-01347,2022,2,Q1,Feb,Flower Pots,2,0,556993
INV-01347,2022,2,Q1,Feb,Tables and Benches,1,0,556993
INV-01372,2022,2,Q1,Feb,Interlock,1,1,556993
INV-01384,2022,2,Q1,Feb,Molding Pati,1,1,556993
INV-01385,2022,2,Q1,Feb,Roofing Sheets,1,1,556993
INV-01385,2022,2,Q1,Feb,Interlock,1,1,556993
INV-01354,2022,2,Q1,Feb,Garden Animal Moulds,1,0,556993
INV-01354,2022,2,Q1,Feb,Flower Pots,4,0,556993
INV-01354,2022,2,Q1,Feb,Temple Items,1,0,556993
INV-01359,2022,2,Q1,Feb,Loover,1,1,556993
INV-01359,2022,2,Q1,Feb,Doors,1,1,556993
INV-01364,2022,2,Q1,Feb,Slab Moulds,4,1,556993
INV-01364,2022,2,Q1,Feb,Molding Pati,4,1,556993
INV-01364,2022,2,Q1,Feb,Silparan Kota,12,1,556993
INV-01397,2022,3,Q1,Mar,Kalugal Moulds,11,1,737611
INV-01397,2022,3,Q1,Mar,Silparan Kota,16,1,737611
INV-01405,2022,3,Q1,Mar,Flower Pots,18,1,737611
INV-01405,2022,3,Q1,Mar,Garden Animal Moulds,1,1,737611
INV-01405,2022,3,Q1,Mar,Temple Items,1,0,737611
INV-01412,2022,3,Q1,Mar,Roofing Sheets,1,1,737611
INV-01412,2022,3,Q1,Mar,Doors,1,1,737611
INV-01412,2022,3,Q1,Mar,Loover,1,1,737611
INV-01412,2022,3,Q1,Mar,Interlock,1,1,737611
INV-01435,2022,3,Q1,Mar,Interlock,1,1,737611
INV-01435,2022,3,Q1,Mar,Garden Animal Moulds,1,1,737611
INV-01435,2022,3,Q1,Mar,Tables and Benches,1,1,737611
INV-01435,2022,3,Q1,Mar,Flower Pots,1,1,737611
INV-01421,2022,3,Q1,Mar,Loover,1,1,737611
INV-01421,2022,3,Q1,Mar,Doors,1,1,737611
INV-01421,2022,3,Q1,Mar,Roofing Sheets,2,1,737611
INV-01427,2022,3,Q1,Mar,Tables and Benches,1,1,737611
INV-01394,2022,3,Q1,Mar,Slab Moulds,1,1,737611
INV-01394,2022,3,Q1,Mar,Silparan Kota,1,1,737611
INV-01398,2022,3,Q1,Mar,Tables and Benches,1,1,737611
INV-01398,2022,3,Q1,Mar,Interlock,2,1,737611
INV-01401,2022,3,Q1,Mar,Roofing Sheets,1,1,737611
INV-01401,2022,3,Q1,Mar,Doors,1,1,737611
INV-01409,2022,3,Q1,Mar,Tables and Benches,1,1,737611
INV-01409,2022,3,Q1,Mar,Garden Animal Moulds,1,1,737611
INV-01426,2022,3,Q1,Mar,Kanu Moulds,1,1,737611
INV-01426,2022,3,Q1,Mar,Kalugal Moulds,1,1,737611
INV-01436,2022,3,Q1,Mar,Kalugal Moulds,2,1,737611
INV-01436,2022,3,Q1,Mar,Beeralu Moulds,12,1,737611
INV-01436,2022,3,Q1,Mar,Kanu Moulds,2,1,737611
INV-01420,2022,3,Q1,Mar,Beeralu Moulds,1,1,737611
INV-01420,2022,3,Q1,Mar,Kalugal Moulds,1,1,737611
INV-01414,2022,3,Q1,Mar,Beeralu Moulds,1,1,737611
INV-01414,2022,3,Q1,Mar,Kalugal Moulds,1,1,737611
INV-01404,2022,3,Q1,Mar,Kanu Moulds,1,1,737611
INV-01404,2022,3,Q1,Mar,Slab Moulds,1,1,737611
INV-01418,2022,3,Q1,Mar,Chemical Proof Tanks,1,1,737611
INV-01418,2022,3,Q1,Mar,Water Proof Tanks,1,1,737611
INV-01418,2022,3,Q1,Mar,Bathik Tanks,1,1,737611
INV-01419,2022,3,Q1,Mar,Loover,1,1,737611
INV-01407,2022,3,Q1,Mar,Kanu Moulds,2,1,737611
INV-01407,2022,3,Q1,Mar,Silparan Kota,1,1,737611
INV-01408,2022,3,Q1,Mar,Water Proof Tanks,1,1,737611
INV-01393,2022,3,Q1,Mar,Roofing Sheets,1,1,737611
INV-01393,2022,3,Q1,Mar,Doors,1,1,737611
INV-01393,2022,3,Q1,Mar,Loover,1,1,737611
INV-01410,2022,3,Q1,Mar,Chemical Proof Tanks,1,1,737611
INV-01403,2022,3,Q1,Mar,Interlock,1,1,737611
INV-01403,2022,3,Q1,Mar,Garden Animal Moulds,1,1,737611
INV-01403,2022,3,Q1,Mar,Tables and Benches,1,1,737611
INV-01415,2022,3,Q1,Mar,Kanu Moulds,11,1,737611
INV-01415,2022,3,Q1,Mar,Beeralu Moulds,1,1,737611
INV-01415,2022,3,Q1,Mar,Molding Pati,3,1,737611
INV-01434,2022,3,Q1,Mar,Slab Moulds,1,1,737611
INV-01434,2022,3,Q1,Mar,Kanu Moulds,19,1,737611
INV-01434,2022,3,Q1,Mar,Kalugal Moulds,3,1,737611
INV-01432,2022,3,Q1,Mar,Bathik Tanks,1,1,737611
INV-01432,2022,3,Q1,Mar,Water Proof Tanks,1,1,737611
INV-01432,2022,3,Q1,Mar,Roofing Sheets,3,1,737611
INV-01423,2022,3,Q1,Mar,Tables and Benches,1,1,737611
INV-01423,2022,3,Q1,Mar,Interlock,1,1,737611
INV-01395,2022,3,Q1,Mar,Molding Pati,1,1,737611
INV-01428,2022,3,Q1,Mar,Silparan Kota,3,1,737611
INV-01402,2022,3,Q1,Mar,Doors,1,1,737611
INV-01402,2022,3,Q1,Mar,Loover,1,1,737611
INV-01402,2022,3,Q1,Mar,Interlock,1,1,737611
INV-01429,2022,3,Q1,Mar,Garden Animal Moulds,3,1,737611
INV-01429,2022,3,Q1,Mar,Flower Pots,6,1,737611
INV-01429,2022,3,Q1,Mar,Temple Items,1,0,737611
INV-01416,2022,3,Q1,Mar,Kanu Moulds,5,1,737611
INV-01416,2022,3,Q1,Mar,Silparan Kota,12,1,737611
INV-01431,2022,3,Q1,Mar,Interlock,1,1,737611
INV-01399,2022,3,Q1,Mar,Tables and Benches,1,1,737611
INV-01399,2022,3,Q1,Mar,Interlock,1,1,737611
INV-01399,2022,3,Q1,Mar,Garden Animal Moulds,1,1,737611
INV-01422,2022,3,Q1,Mar,Beeralu Moulds,10,1,737611
INV-01422,2022,3,Q1,Mar,Silparan Kota,10,1,737611
INV-01422,2022,3,Q1,Mar,Molding Pati,1,1,737611
INV-01422,2022,3,Q1,Mar,Slab Moulds,1,1,737611
INV-01396,2022,3,Q1,Mar,Interlock,2,1,737611
INV-01396,2022,3,Q1,Mar,Roofing Sheets,1,1,737611
INV-01400,2022,3,Q1,Mar,Doors,1,1,737611
INV-01406,2022,3,Q1,Mar,Garden Animal Moulds,2,1,737611
INV-01406,2022,3,Q1,Mar,Temple Items,1,0,737611
INV-01417,2022,3,Q1,Mar,Beeralu Moulds,4,1,737611
INV-01417,2022,3,Q1,Mar,Molding Pati,4,1,737611
INV-01417,2022,3,Q1,Mar,Slab Moulds,1,1,737611
INV-01417,2022,3,Q1,Mar,Garden Animal Moulds,6,1,737611
INV-01411,2022,3,Q1,Mar,Bathik Tanks,1,1,737611
INV-01413,2022,3,Q1,Mar,Flower Pots,38,1,737611
INV-01413,2022,3,Q1,Mar,Garden Animal Moulds,6,1,737611
INV-01425,2022,3,Q1,Mar,Silparan Kota,3,1,737611
INV-01425,2022,3,Q1,Mar,Molding Pati,1,1,737611
INV-01424,2022,3,Q1,Mar,Flower Pots,4,1,737611
INV-01424,2022,3,Q1,Mar,Tables and Benches,1,1,737611
INV-01424,2022,3,Q1,Mar,Interlock,1,1,737611
INV-01424,2022,3,Q1,Mar,Garden Animal Moulds,2,1,737611
INV-01430,2022,3,Q1,Mar,Kanu Moulds,1,1,737611
INV-01430,2022,3,Q1,Mar,Molding Pati,1,1,737611
INV-01430,2022,3,Q1,Mar,Slab Moulds,1,1,737611
INV-01433,2022,3,Q1,Mar,Interlock,1,1,737611
INV-01440,2022,4,Q2,Apr,Water Proof Tanks,1,1,353410
INV-01457,2022,4,Q2,Apr,Kanu Moulds,6,1,353410
INV-01457,2022,4,Q2,Apr,Slab Moulds,8,1,353410
INV-01466,2022,4,Q2,Apr,Interlock,1,1,353410
INV-01443,2022,4,Q2,Apr,Beeralu Moulds,1,1,353410
INV-01443,2022,4,Q2,Apr,Slab Moulds,1,1,353410
INV-01452,2022,4,Q2,Apr,Kanu Moulds,2,1,353410
INV-01455,2022,4,Q2,Apr,Interlock,1,1,353410
INV-01455,2022,4,Q2,Apr,Roofing Sheets,1,1,353410
INV-01455,2022,4,Q2,Apr,Doors,1,1,353410
INV-01449,2022,4,Q2,Apr,Doors,1,1,353410
INV-01458,2022,4,Q2,Apr,Slab Moulds,2,1,353410
INV-01458,2022,4,Q2,Apr,Molding Pati,3,1,353410
INV-01459,2022,4,Q2,Apr,Roofing Sheets,1,1,353410
INV-01459,2022,4,Q2,Apr,Interlock,1,1,353410
INV-01460,2022,4,Q2,Apr,Doors,1,1,353410
INV-01460,2022,4,Q2,Apr,Loover,1,0,353410
INV-01463,2022,4,Q2,Apr,Doors,1,1,353410
INV-01451,2022,4,Q2,Apr,Tables and Benches,1,1,353410
INV-01451,2022,4,Q2,Apr,Flower Pots,9,1,353410
INV-01453,2022,4,Q2,Apr,Tables and Benches,1,1,353410
INV-01453,2022,4,Q2,Apr,Interlock,3,1,353410
INV-01464,2022,4,Q2,Apr,Temple Items,1,1,353410
INV-01464,2022,4,Q2,Apr,Flower Pots,2,1,353410
INV-01444,2022,4,Q2,Apr,Kanu Moulds,4,1,353410
INV-01444,2022,4,Q2,Apr,Kalugal Moulds,1,1,353410
INV-01444,2022,4,Q2,Apr,Beeralu Moulds,3,1,353410
INV-01445,2022,4,Q2,Apr,Garden Animal Moulds,1,1,353410
INV-01447,2022,4,Q2,Apr,Interlock,1,1,353410
INV-01447,2022,4,Q2,Apr,Garden Animal Moulds,3,1,353410
INV-01447,2022,4,Q2,Apr,Flower Pots,6,1,353410
INV-01465,2022,4,Q2,Apr,Flower Pots,1,1,353410
INV-01446,2022,4,Q2,Apr,Beeralu Moulds,1,1,353410
INV-01446,2022,4,Q2,Apr,Slab Moulds,1,1,353410
INV-01454,2022,4,Q2,Apr,Garden Animal Moulds,2,1,353410
INV-01454,2022,4,Q2,Apr,Tables and Benches,1,1,353410
INV-01461,2022,4,Q2,Apr,Bathik Tanks,1,0,353410
INV-01461,2022,4,Q2,Apr,Water Proof Tanks,1,1,353410
INV-01461,2022,4,Q2,Apr,Chemical Proof Tanks,1,1,353410
INV-01462,2022,4,Q2,Apr,Doors,1,1,353410
INV-01462,2022,4,Q2,Apr,Interlock,1,1,353410
INV-01456,2022,4,Q2,Apr,Kanu Moulds,2,1,353410
INV-01437,2022,4,Q2,Apr,Kalugal Moulds,1,1,353410
INV-01437,2022,4,Q2,Apr,Slab Moulds,3,1,353410
INV-01437,2022,4,Q2,Apr,Kanu Moulds,6,1,353410
INV-01448,2022,4,Q2,Apr,Slab Moulds,1,1,353410
INV-01448,2022,4,Q2,Apr,Molding Pati,2,1,353410
INV-01448,2022,4,Q2,Apr,Kanu Moulds,1,1,353410
INV-01448,2022,4,Q2,Apr,Beeralu Moulds,1,1,353410
INV-01441,2022,4,Q2,Apr,Slab Moulds,1,1,353410
INV-01441,2022,4,Q2,Apr,Kanu Moulds,1,1,353410
INV-01439,2022,4,Q2,Apr,Chemical Proof Tanks,1,1,353410
INV-01439,2022,4,Q2,Apr,Water Proof Tanks,1,1,353410
INV-01439,2022,4,Q2,Apr,Bathik Tanks,1,0,353410
INV-01442,2022,4,Q2,Apr,Water Proof Tanks,1,1,353410
INV-01442,2022,4,Q2,Apr,Bathik Tanks,1,0,353410
INV-01442,2022,4,Q2,Apr,Chemical Proof Tanks,1,1,353410
INV-01438,2022,4,Q2,Apr,Flower Pots,1,1,353410
INV-01438,2022,4,Q2,Apr,Garden Animal Moulds,1,1,353410
INV-01438,2022,4,Q2,Apr,Interlock,3,1,353410
INV-01467,2022,4,Q2,Apr,Bathik Tanks,1,0,353410
INV-01467,2022,4,Q2,Apr,Water Proof Tanks,1,1,353410
INV-01450,2022,4,Q2,Apr,Flower Pots,1,1,353410
INV-01450,2022,4,Q2,Apr,Garden Animal Moulds,1,1,353410
INV-01450,2022,4,Q2,Apr,Interlock,1,1,353410
INV-01501,2022,5,Q2,May,Slab Moulds,1,1,552336
INV-01501,2022,5,Q2,May,Kanu Moulds,3,1,552336
INV-01478,2022,5,Q2,May,Tables and Benches,1,1,552336
INV-01478,2022,5,Q2,May,Flower Pots,2,1,552336
INV-01478,2022,5,Q2,May,Garden Animal Moulds,6,1,552336
INV-01478,2022,5,Q2,May,Interlock,1,1,552336
INV-01482,2022,5,Q2,May,Interlock,3,1,552336
INV-01470,2022,5,Q2,May,Garden Animal Moulds,3,1,552336
INV-01470,2022,5,Q2,May,Interlock,9,1,552336
INV-01470,2022,5,Q2,May,Slab Moulds,1,1,552336
INV-01473,2022,5,Q2,May,Water Proof Tanks,1,1,552336
INV-01498,2022,5,Q2,May,Kalugal Moulds,1,1,552336
INV-01498,2022,5,Q2,May,Kanu Moulds,1,1,552336
INV-01503,2022,5,Q2,May,Water Proof Tanks,1,1,552336
INV-01506,2022,5,Q2,May,Tables and Benches,1,1,552336
INV-01506,2022,5,Q2,May,Garden Animal Moulds,1,1,552336
INV-01506,2022,5,Q2,May,Flower Pots,4,1,552336
INV-01490,2022,5,Q2,May,Kanu Moulds,10,1,552336
INV-01490,2022,5,Q2,May,Beeralu Moulds,9,0,552336
INV-01490,2022,5,Q2,May,Slab Moulds,1,1,552336
INV-01493,2022,5,Q2,May,Temple Items,1,0,552336
INV-01469,2022,5,Q2,May,Flower Pots,1,1,552336
INV-01469,2022,5,Q2,May,Temple Items,1,0,552336
INV-01469,2022,5,Q2,May,Garden Animal Moulds,1,1,552336
INV-01474,2022,5,Q2,May,Beeralu Moulds,5,0,552336
INV-01474,2022,5,Q2,May,Molding Pati,1,0,552336
INV-01492,2022,5,Q2,May,Beeralu Moulds,1,0,552336
INV-01492,2022,5,Q2,May,Slab Moulds,1,1,552336
INV-01492,2022,5,Q2,May,Silparan Kota,1,0,552336
INV-01511,2022,5,Q2,May,Kanu Moulds,1,1,552336
INV-01511,2022,5,Q2,May,Slab Moulds,1,1,552336
INV-01511,2022,5,Q2,May,Molding Pati,1,0,552336
INV-01468,2022,5,Q2,May,Loover,1,0,552336
INV-01477,2022,5,Q2,May,Interlock,1,1,552336
INV-01476,2022,5,Q2,May,Garden Animal Moulds,1,1,552336
INV-01476,2022,5,Q2,May,Flower Pots,1,1,552336
INV-01509,2022,5,Q2,May,Beeralu Moulds,4,0,552336
INV-01471,2022,5,Q2,May,Garden Animal Moulds,1,1,552336
INV-01471,2022,5,Q2,May,Interlock,1,1,552336
INV-01471,2022,5,Q2,May,Tables and Benches,1,1,552336
INV-01486,2022,5,Q2,May,Water Proof Tanks,1,1,552336
INV-01486,2022,5,Q2,May,Bathik Tanks,1,0,552336
INV-01475,2022,5,Q2,May,Water Proof Tanks,1,1,552336
INV-01480,2022,5,Q2,May,Flower Pots,3,1,552336
INV-01491,2022,5,Q2,May,Tables and Benches,5,1,552336
INV-01491,2022,5,Q2,May,Flower Pots,6,1,552336
INV-01472,2022,5,Q2,May,Bathik Tanks,1,0,552336
INV-01483,2022,5,Q2,May,Doors,1,0,552336
INV-01483,2022,5,Q2,May,Roofing Sheets,2,0,552336
INV-01483,2022,5,Q2,May,Loover,7,0,552336
INV-01483,2022,5,Q2,May,Interlock,2,1,552336
INV-01500,2022,5,Q2,May,Garden Animal Moulds,3,1,552336
INV-01500,2022,5,Q2,May,Temple Items,1,0,552336
INV-01500,2022,5,Q2,May,Flower Pots,4,1,552336
INV-01500,2022,5,Q2,May,Silparan Kota,2,0,552336
INV-01499,2022,5,Q2,May,Roofing Sheets,1,0,552336
INV-01499,2022,5,Q2,May,Doors,1,0,552336
INV-01485,2022,5,Q2,May,Slab Moulds,1,1,552336
INV-01485,2022,5,Q2,May,Kalugal Moulds,1,1,552336
INV-01488,2022,5,Q2,May,Bathik Tanks,1,0,552336
INV-01488,2022,5,Q2,May,Water Proof Tanks,1,1,552336
INV-01489,2022,5,Q2,May,Water Proof Tanks,1,1,552336
INV-01489,2022,5,Q2,May,Chemical Proof Tanks,1,0,552336
INV-01489,2022,5,Q2,May,Bathik Tanks,1,0,552336
INV-01502,2022,5,Q2,May,Slab Moulds,1,1,552336
INV-01502,2022,5,Q2,May,Beeralu Moulds,2,0,552336
INV-01502,2022,5,Q2,May,Silparan Kota,1,0,552336
INV-01504,2022,5,Q2,May,Garden Animal Moulds,1,1,552336
INV-01504,2022,5,Q2,May,Flower Pots,1,1,552336
INV-01510,2022,5,Q2,May,Slab Moulds,1,1,552336
INV-01496,2022,5,Q2,May,Kalugal Moulds,1,1,552336
INV-01479,2022,5,Q2,May,Molding Pati,1,0,552336
INV-01484,2022,5,Q2,May,Slab Moulds,1,1,552336
INV-01484,2022,5,Q2,May,Kalugal Moulds,8,1,552336
INV-01484,2022,5,Q2,May,Silparan Kota,1,0,552336
INV-01494,2022,5,Q2,May,Flower Pots,1,1,552336
INV-01497,2022,5,Q2,May,Tables and Benches,2,1,552336
INV-01497,2022,5,Q2,May,Garden Animal Moulds,2,1,552336
INV-01481,2022,5,Q2,May,Slab Moulds,1,1,552336
INV-01481,2022,5,Q2,May,Kanu Moulds,1,1,552336
INV-01507,2022,5,Q2,May,Beeralu Moulds,1,0,552336
INV-01507,2022,5,Q2,May,Kanu Moulds,1,1,552336
INV-01507,2022,5,Q2,May,Molding Pati,7,0,552336
INV-01507,2022,5,Q2,May,Kalugal Moulds,1,1,552336
INV-01495,2022,5,Q2,May,Kanu Moulds,1,1,552336
INV-01487,2022,5,Q2,May,Flower Pots,1,1,552336
INV-01508,2022,5,Q2,May,Beeralu Moulds,9,0,552336
INV-01508,2022,5,Q2,May,Kanu Moulds,4,1,552336
INV-01508,2022,5,Q2,May,Chemical Proof Tanks,1,0,552336
INV-01505,2022,5,Q2,May,Slab Moulds,1,1,552336
INV-01505,2022,5,Q2,May,Molding Pati,1,0,552336
INV-01513,2022,6,Q2,Jun,Flower Pots,8,0,514905
INV-01513,2022,6,Q2,Jun,Interlock,2,1,514905
INV-01513,2022,6,Q2,Jun,Garden Animal Moulds,4,1,514905
INV-01513,2022,6,Q2,Jun,Tables and Benches,1,0,514905
INV-01527,2022,6,Q2,Jun,Molding Pati,1,0,514905
INV-01527,2022,6,Q2,Jun,Slab Moulds,2,0,514905
INV-01533,2022,6,Q2,Jun,Chemical Proof Tanks,1,0,514905
INV-01528,2022,6,Q2,Jun,Loover,1,0,514905
INV-01528,2022,6,Q2,Jun,Interlock,1,1,514905
INV-01528,2022,6,Q2,Jun,Roofing Sheets,1,0,514905
INV-01531,2022,6,Q2,Jun,Kalugal Moulds,2,0,514905
INV-01531,2022,6,Q2,Jun,Kanu Moulds,1,0,514905
INV-01531,2022,6,Q2,Jun,Beeralu Moulds,3,0,514905
INV-01550,2022,6,Q2,Jun,Beeralu Moulds,1,0,514905
INV-01550,2022,6,Q2,Jun,Kanu Moulds,7,0,514905
INV-01550,2022,6,Q2,Jun,Kalugal Moulds,1,0,514905
INV-01550,2022,6,Q2,Jun,Doors,1,0,514905
INV-01532,2022,6,Q2,Jun,Molding Pati,1,0,514905
INV-01551,2022,6,Q2,Jun,Bathik Tanks,1,0,514905
INV-01518,2022,6,Q2,Jun,Slab Moulds,2,0,514905
INV-01555,2022,6,Q2,Jun,Doors,1,0,514905
INV-01552,2022,6,Q2,Jun,Interlock,2,1,514905
INV-01552,2022,6,Q2,Jun,Flower Pots,12,0,514905
INV-01552,2022,6,Q2,Jun,Garden Animal Moulds,3,1,514905
INV-01514,2022,6,Q2,Jun,Slab Moulds,1,0,514905
INV-01514,2022,6,Q2,Jun,Kanu Moulds,1,0,514905
INV-01522,2022,6,Q2,Jun,Silparan Kota,3,0,514905
INV-01522,2022,6,Q2,Jun,Kalugal Moulds,2,0,514905
INV-01522,2022,6,Q2,Jun,Slab Moulds,1,0,514905
INV-01534,2022,6,Q2,Jun,Beeralu Moulds,1,0,514905
INV-01535,2022,6,Q2,Jun,Slab Moulds,1,0,514905
INV-01540,2022,6,Q2,Jun,Silparan Kota,1,0,514905
INV-01529,2022,6,Q2,Jun,Interlock,1,1,514905
INV-01529,2022,6,Q2,Jun,Loover,1,0,514905
INV-01536,2022,6,Q2,Jun,Flower Pots,7,0,514905
INV-01536,2022,6,Q2,Jun,Garden Animal Moulds,1,1,514905
INV-01536,2022,6,Q2,Jun,Temple Items,1,0,514905
INV-01543,2022,6,Q2,Jun,Slab Moulds,1,0,514905
INV-01543,2022,6,Q2,Jun,Kalugal Moulds,1,0,514905
INV-01554,2022,6,Q2,Jun,Kanu Moulds,1,0,514905
INV-01554,2022,6,Q2,Jun,Molding Pati,1,0,514905
INV-01554,2022,6,Q2,Jun,Silparan Kota,1,0,514905
INV-01557,2022,6,Q2,Jun,Garden Animal Moulds,1,1,514905
INV-01525,2022,6,Q2,Jun,Garden Animal Moulds,1,1,514905
INV-01525,2022,6,Q2,Jun,Flower Pots,2,0,514905
INV-01547,2022,6,Q2,Jun,Interlock,1,1,514905
INV-01524,2022,6,Q2,Jun,Silparan Kota,19,0,514905
INV-01524,2022,6,Q2,Jun,Slab Moulds,2,0,514905
INV-01524,2022,6,Q2,Jun,Tables and Benches,1,0,514905
INV-01538,2022,6,Q2,Jun,Interlock,1,1,514905
INV-01538,2022,6,Q2,Jun,Flower Pots,12,0,514905
INV-01549,2022,6,Q2,Jun,Interlock,1,1,514905
INV-01526,2022,6,Q2,Jun,Doors,1,0,514905
INV-01526,2022,6,Q2,Jun,Interlock,1,1,514905
INV-01530,2022,6,Q2,Jun,Roofing Sheets,1,0,514905
INV-01558,2022,6,Q2,Jun,Loover,3,0,514905
INV-01558,2022,6,Q2,Jun,Roofing Sheets,2,0,514905
INV-01558,2022,6,Q2,Jun,Interlock,4,1,514905
INV-01558,2022,6,Q2,Jun,Doors,1,0,514905
INV-01544,2022,6,Q2,Jun,Interlock,2,1,514905
INV-01544,2022,6,Q2,Jun,Garden Animal Moulds,5,1,514905
INV-01544,2022,6,Q2,Jun,Tables and Benches,2,0,514905
INV-01512,2022,6,Q2,Jun,Chemical Proof Tanks,1,0,514905
INV-01512,2022,6,Q2,Jun,Bathik Tanks,1,0,514905
INV-01523,2022,6,Q2,Jun,Beeralu Moulds,1,0,514905
INV-01560,2022,6,Q2,Jun,Beeralu Moulds,2,0,514905
INV-01553,2022,6,Q2,Jun,Water Proof Tanks,1,0,514905
INV-01553,2022,6,Q2,Jun,Chemical Proof Tanks,1,0,514905
INV-01537,2022,6,Q2,Jun,Molding Pati,1,0,514905
INV-01546,2022,6,Q2,Jun,Loover,1,0,514905
INV-01546,2022,6,Q2,Jun,Interlock,1,1,514905
INV-01556,2022,6,Q2,Jun,Beeralu Moulds,3,0,514905
INV-01556,2022,6,Q2,Jun,Molding Pati,1,0,514905
INV-01561,2022,6,Q2,Jun,Chemical Proof Tanks,1,0,514905
INV-01561,2022,6,Q2,Jun,Water Proof Tanks,1,0,514905
INV-01561,2022,6,Q2,Jun,Bathik Tanks,1,0,514905
INV-01519,2022,6,Q2,Jun,Beeralu Moulds,1,0,514905
INV-01542,2022,6,Q2,Jun,Bathik Tanks,1,0,514905
INV-01542,2022,6,Q2,Jun,Water Proof Tanks,1,0,514905
INV-01515,2022,6,Q2,Jun,Garden Animal Moulds,2,1,514905
INV-01515,2022,6,Q2,Jun,Tables and Benches,1,0,514905
INV-01521,2022,6,Q2,Jun,Loover,1,0,514905
INV-01521,2022,6,Q2,Jun,Interlock,2,1,514905
INV-01521,2022,6,Q2,Jun,Roofing Sheets,1,0,514905
INV-01548,2022,6,Q2,Jun,Flower Pots,3,0,514905
INV-01548,2022,6,Q2,Jun,Tables and Benches,1,0,514905
INV-01548,2022,6,Q2,Jun,Garden Animal Moulds,1,1,514905
INV-01517,2022,6,Q2,Jun,Silparan Kota,2,0,514905
INV-01559,2022,6,Q2,Jun,Roofing Sheets,1,0,514905
INV-01520,2022,6,Q2,Jun,Slab Moulds,1,0,514905
INV-01539,2022,6,Q2,Jun,Chemical Proof Tanks,1,0,514905
INV-01539,2022,6,Q2,Jun,Bathik Tanks,1,0,514905
INV-01545,2022,6,Q2,Jun,Garden Animal Moulds,2,1,514905
INV-01545,2022,6,Q2,Jun,Flower Pots,6,0,514905
INV-01516,2022,6,Q2,Jun,Temple Items,1,0,514905
INV-01516,2022,6,Q2,Jun,Garden Animal Moulds,1,1,514905
INV-01541,2022,6,Q2,Jun,Slab Moulds,1,0,514905
INV-01541,2022,6,Q2,Jun,Silparan Kota,2,0,514905
INV-01572,2022,7,Q3,Jul,Flower Pots,3,0,400982
INV-01572,2022,7,Q3,Jul,Garden Animal Moulds,2,0,400982
INV-01572,2022,7,Q3,Jul,Temple Items,1,1,400982
INV-01593,2022,7,Q3,Jul,Garden Animal Moulds,1,0,400982
INV-01593,2022,7,Q3,Jul,Flower Pots,4,0,400982
INV-01593,2022,7,Q3,Jul,Temple Items,1,1,400982
INV-01593,2022,7,Q3,Jul,Beeralu Moulds,1,0,400982
INV-01590,2022,7,Q3,Jul,Kanu Moulds,4,0,400982
INV-01590,2022,7,Q3,Jul,Slab Moulds,1,0,400982
INV-01569,2022,7,Q3,Jul,Flower Pots,1,0,400982
INV-01580,2022,7,Q3,Jul,Chemical Proof Tanks,1,0,400982
INV-01594,2022,7,Q3,Jul,Loover,1,0,400982
INV-01594,2022,7,Q3,Jul,Interlock,1,0,400982
INV-01579,2022,7,Q3,Jul,Beeralu Moulds,1,0,400982
INV-01582,2022,7,Q3,Jul,Slab Moulds,2,0,400982
INV-01582,2022,7,Q3,Jul,Kanu Moulds,1,0,400982
INV-01582,2022,7,Q3,Jul,Molding Pati,1,0,400982
INV-01599,2022,7,Q3,Jul,Silparan Kota,1,0,400982
INV-01599,2022,7,Q3,Jul,Kanu Moulds,2,0,400982
INV-01599,2022,7,Q3,Jul,Molding Pati,1,0,400982
INV-01565,2022,7,Q3,Jul,Flower Pots,13,0,400982
INV-01566,2022,7,Q3,Jul,Bathik Tanks,1,0,400982
INV-01562,2022,7,Q3,Jul,Kanu Moulds,1,0,400982
INV-01562,2022,7,Q3,Jul,Kalugal Moulds,1,0,400982
INV-01563,2022,7,Q3,Jul,Chemical Proof Tanks,1,0,400982
INV-01563,2022,7,Q3,Jul,Water Proof Tanks,1,0,400982
INV-01585,2022,7,Q3,Jul,Interlock,2,0,400982
INV-01585,2022,7,Q3,Jul,Flower Pots,3,0,400982
INV-01587,2022,7,Q3,Jul,Silparan Kota,6,0,400982
INV-01587,2022,7,Q3,Jul,Beeralu Moulds,1,0,400982
INV-01587,2022,7,Q3,Jul,Molding Pati,2,0,400982
INV-01583,2022,7,Q3,Jul,Water Proof Tanks,1,0,400982
INV-01586,2022,7,Q3,Jul,Temple Items,1,1,400982
INV-01586,2022,7,Q3,Jul,Flower Pots,1,0,400982
INV-01584,2022,7,Q3,Jul,Interlock,1,0,400982
INV-01584,2022,7,Q3,Jul,Flower Pots,1,0,400982
INV-01584,2022,7,Q3,Jul,Garden Animal Moulds,8,0,400982
INV-01568,2022,7,Q3,Jul,Beeralu Moulds,1,0,400982
INV-01568,2022,7,Q3,Jul,Slab Moulds,1,0,400982
INV-01592,2022,7,Q3,Jul,Doors,1,0,400982
INV-01571,2022,7,Q3,Jul,Loover,1,0,400982
INV-01571,2022,7,Q3,Jul,Doors,1,0,400982
INV-01596,2022,7,Q3,Jul,Tables and Benches,1,0,400982
INV-01596,2022,7,Q3,Jul,Flower Pots,2,0,400982
INV-01570,2022,7,Q3,Jul,Interlock,1,0,400982
INV-01588,2022,7,Q3,Jul,Bathik Tanks,1,0,400982
INV-01588,2022,7,Q3,Jul,Water Proof Tanks,1,0,400982
INV-01588,2022,7,Q3,Jul,Chemical Proof Tanks,1,0,400982
INV-01588,2022,7,Q3,Jul,Doors,1,0,400982
INV-01598,2022,7,Q3,Jul,Silparan Kota,2,0,400982
INV-01598,2022,7,Q3,Jul,Beeralu Moulds,1,0,400982
INV-01577,2022,7,Q3,Jul,Flower Pots,7,0,400982
INV-01577,2022,7,Q3,Jul,Temple Items,1,1,400982
INV-01577,2022,7,Q3,Jul,Garden Animal Moulds,1,0,400982
INV-01591,2022,7,Q3,Jul,Loover,1,0,400982
INV-01591,2022,7,Q3,Jul,Doors,1,0,400982
INV-01591,2022,7,Q3,Jul,Interlock,1,0,400982
INV-01591,2022,7,Q3,Jul,Silparan Kota,6,0,400982
INV-01575,2022,7,Q3,Jul,Chemical Proof Tanks,1,0,400982
INV-01575,2022,7,Q3,Jul,Water Proof Tanks,1,0,400982
INV-01573,2022,7,Q3,Jul,Interlock,1,0,400982
INV-01589,2022,7,Q3,Jul,Kalugal Moulds,1,0,400982
INV-01589,2022,7,Q3,Jul,Molding Pati,8,0,400982
INV-01589,2022,7,Q3,Jul,Silparan Kota,13,0,400982
INV-01589,2022,7,Q3,Jul,Kanu Moulds,2,0,400982
INV-01595,2022,7,Q3,Jul,Loover,1,0,400982
INV-01595,2022,7,Q3,Jul,Roofing Sheets,1,0,400982
INV-01595,2022,7,Q3,Jul,Doors,1,0,400982
INV-01595,2022,7,Q3,Jul,Interlock,5,0,400982
INV-01597,2022,7,Q3,Jul,Slab Moulds,1,0,400982
INV-01597,2022,7,Q3,Jul,Kalugal Moulds,1,0,400982
INV-01597,2022,7,Q3,Jul,Silparan Kota,4,0,400982
INV-01574,2022,7,Q3,Jul,Bathik Tanks,1,0,400982
INV-01581,2022,7,Q3,Jul,Molding Pati,1,0,400982
INV-01581,2022,7,Q3,Jul,Silparan Kota,4,0,400982
INV-01581,2022,7,Q3,Jul,Beeralu Moulds,2,0,400982
INV-01578,2022,7,Q3,Jul,Silparan Kota,9,0,400982
INV-01578,2022,7,Q3,Jul,Molding Pati,11,0,400982
INV-01567,2022,7,Q3,Jul,Garden Animal Moulds,1,0,400982
INV-01567,2022,7,Q3,Jul,Flower Pots,8,0,400982
INV-01567,2022,7,Q3,Jul,Tables and Benches,1,0,400982
INV-01576,2022,7,Q3,Jul,Molding Pati,1,0,400982
INV-01576,2022,7,Q3,Jul,Kanu Moulds,3,0,400982
INV-01564,2022,7,Q3,Jul,Temple Items,1,1,400982
INV-01564,2022,7,Q3,Jul,Flower Pots,1,0,400982
INV-01564,2022,7,Q3,Jul,Garden Animal Moulds,2,0,400982
INV-01621,2022,8,Q3,Aug,Bathik Tanks,1,0,241530
INV-01606,2022,8,Q3,Aug,Molding Pati,1,0,241530
INV-01606,2022,8,Q3,Aug,Kalugal Moulds,1,0,241530
INV-01612,2022,8,Q3,Aug,Roofing Sheets,1,0,241530
INV-01612,2022,8,Q3,Aug,Loover,1,0,241530
INV-01622,2022,8,Q3,Aug,Interlock,1,0,241530
INV-01622,2022,8,Q3,Aug,Flower Pots,2,0,241530
INV-01622,2022,8,Q3,Aug,Tables and Benches,1,0,241530
INV-01602,2022,8,Q3,Aug,Flower Pots,23,0,241530
INV-01602,2022,8,Q3,Aug,Garden Animal Moulds,1,0,241530
INV-01602,2022,8,Q3,Aug,Temple Items,1,0,241530
INV-01609,2022,8,Q3,Aug,Molding Pati,1,0,241530
INV-01609,2022,8,Q3,Aug,Silparan Kota,2,0,241530
INV-01609,2022,8,Q3,Aug,Beeralu Moulds,1,0,241530
INV-01609,2022,8,Q3,Aug,Kanu Moulds,1,0,241530
INV-01615,2022,8,Q3,Aug,Silparan Kota,1,0,241530
INV-01615,2022,8,Q3,Aug,Slab Moulds,1,0,241530
INV-01615,2022,8,Q3,Aug,Molding Pati,2,0,241530
INV-01608,2022,8,Q3,Aug,Doors,1,0,241530
INV-01608,2022,8,Q3,Aug,Loover,2,0,241530
INV-01608,2022,8,Q3,Aug,Interlock,1,0,241530
INV-01608,2022,8,Q3,Aug,Roofing Sheets,1,0,241530
INV-01618,2022,8,Q3,Aug,Interlock,2,0,241530
INV-01618,2022,8,Q3,Aug,Doors,1,0,241530
INV-01607,2022,8,Q3,Aug,Roofing Sheets,1,0,241530
INV-01604,2022,8,Q3,Aug,Interlock,1,0,241530
INV-01604,2022,8,Q3,Aug,Doors,1,0,241530
INV-01605,2022,8,Q3,Aug,Silparan Kota,1,0,241530
INV-01605,2022,8,Q3,Aug,Slab Moulds,1,0,241530
INV-01600,2022,8,Q3,Aug,Loover,1,0,241530
INV-01600,2022,8,Q3,Aug,Roofing Sheets,1,0,241530
INV-01613,2022,8,Q3,Aug,Interlock,1,0,241530
INV-01623,2022,8,Q3,Aug,Kanu Moulds,1,0,241530
INV-01623,2022,8,Q3,Aug,Beeralu Moulds,1,0,241530
INV-01616,2022,8,Q3,Aug,Slab Moulds,1,0,241530
INV-01616,2022,8,Q3,Aug,Kalugal Moulds,1,0,241530
INV-01610,2022,8,Q3,Aug,Doors,1,0,241530
INV-01610,2022,8,Q3,Aug,Loover,1,0,241530
INV-01611,2022,8,Q3,Aug,Interlock,1,0,241530
INV-01601,2022,8,Q3,Aug,Interlock,1,0,241530
INV-01601,2022,8,Q3,Aug,Loover,1,0,241530
INV-01601,2022,8,Q3,Aug,Roofing Sheets,1,0,241530
INV-01603,2022,8,Q3,Aug,Garden Animal Moulds,1,0,241530
INV-01619,2022,8,Q3,Aug,Bathik Tanks,1,0,241530
INV-01614,2022,8,Q3,Aug,Kanu Moulds,2,0,241530
INV-01617,2022,8,Q3,Aug,Slab Moulds,4,0,241530
INV-01617,2022,8,Q3,Aug,Beeralu Moulds,25,0,241530
INV-01617,2022,8,Q3,Aug,Molding Pati,15,0,241530
INV-01620,2022,8,Q3,Aug,Interlock,1,0,241530
INV-01620,2022,8,Q3,Aug,Flower Pots,6,0,241530
INV-01620,2022,8,Q3,Aug,Garden Animal Moulds,1,0,241530
INV-01645,2022,9,Q3,Sep,Kalugal Moulds,3,0,185493
INV-01645,2022,9,Q3,Sep,Molding Pati,1,0,185493
INV-01653,2022,9,Q3,Sep,Garden Animal Moulds,1,0,185493
INV-01653,2022,9,Q3,Sep,Flower Pots,2,0,185493
INV-01648,2022,9,Q3,Sep,Temple Items,1,0,185493
INV-01648,2022,9,Q3,Sep,Flower Pots,1,0,185493
INV-01638,2022,9,Q3,Sep,Doors,1,0,185493
INV-01652,2022,9,Q3,Sep,Roofing Sheets,1,0,185493
INV-01658,2022,9,Q3,Sep,Flower Pots,2,0,185493
INV-01639,2022,9,Q3,Sep,Garden Animal Moulds,2,0,185493
INV-01641,2022,9,Q3,Sep,Molding Pati,4,0,185493
INV-01641,2022,9,Q3,Sep,Beeralu Moulds,5,0,185493
INV-01641,2022,9,Q3,Sep,Slab Moulds,1,0,185493
INV-01640,2022,9,Q3,Sep,Roofing Sheets,1,0,185493
INV-01640,2022,9,Q3,Sep,Interlock,2,0,185493
INV-01640,2022,9,Q3,Sep,Loover,1,0,185493
INV-01650,2022,9,Q3,Sep,Beeralu Moulds,1,0,185493
INV-01633,2022,9,Q3,Sep,Silparan Kota,9,0,185493
INV-01633,2022,9,Q3,Sep,Kanu Moulds,3,0,185493
INV-01642,2022,9,Q3,Sep,Loover,1,0,185493
INV-01651,2022,9,Q3,Sep,Molding Pati,2,0,185493
INV-01661,2022,9,Q3,Sep,Loover,1,0,185493
INV-01625,2022,9,Q3,Sep,Garden Animal Moulds,2,0,185493
INV-01630,2022,9,Q3,Sep,Garden Animal Moulds,1,0,185493
INV-01630,2022,9,Q3,Sep,Flower Pots,3,0,185493
INV-01662,2022,9,Q3,Sep,Roofing Sheets,1,0,185493
INV-01659,2022,9,Q3,Sep,Doors,1,0,185493
INV-01631,2022,9,Q3,Sep,Doors,1,0,185493
INV-01643,2022,9,Q3,Sep,Kalugal Moulds,1,0,185493
INV-01627,2022,9,Q3,Sep,Water Proof Tanks,1,0,185493
INV-01627,2022,9,Q3,Sep,Bathik Tanks,1,0,185493
INV-01635,2022,9,Q3,Sep,Kalugal Moulds,1,0,185493
INV-01628,2022,9,Q3,Sep,Kalugal Moulds,1,0,185493
INV-01634,2022,9,Q3,Sep,Bathik Tanks,1,0,185493
INV-01647,2022,9,Q3,Sep,Loover,1,0,185493
INV-01647,2022,9,Q3,Sep,Doors,1,0,185493
INV-01624,2022,9,Q3,Sep,Flower Pots,6,0,185493
INV-01624,2022,9,Q3,Sep,Garden Animal Moulds,1,0,185493
INV-01629,2022,9,Q3,Sep,Garden Animal Moulds,1,0,185493
INV-01629,2022,9,Q3,Sep,Flower Pots,1,0,185493
INV-01632,2022,9,Q3,Sep,Molding Pati,1,0,185493
INV-01632,2022,9,Q3,Sep,Kanu Moulds,2,0,185493
INV-01637,2022,9,Q3,Sep,Molding Pati,1,0,185493
INV-01649,2022,9,Q3,Sep,Tables and Benches,1,0,185493
INV-01655,2022,9,Q3,Sep,Roofing Sheets,1,0,185493
INV-01655,2022,9,Q3,Sep,Doors,1,0,185493
INV-01660,2022,9,Q3,Sep,Flower Pots,4,0,185493
INV-01626,2022,9,Q3,Sep,Flower Pots,3,0,185493
INV-01626,2022,9,Q3,Sep,Garden Animal Moulds,1,0,185493
INV-01656,2022,9,Q3,Sep,Kalugal Moulds,1,0,185493
INV-01656,2022,9,Q3,Sep,Kanu Moulds,1,0,185493
INV-01654,2022,9,Q3,Sep,Silparan Kota,2,0,185493
INV-01636,2022,9,Q3,Sep,Chemical Proof Tanks,1,0,185493
INV-01657,2022,9,Q3,Sep,Garden Animal Moulds,1,0,185493
INV-01644,2022,9,Q3,Sep,Kalugal Moulds,1,0,185493
INV-01644,2022,9,Q3,Sep,Silparan Kota,2,0,185493
INV-01644,2022,9,Q3,Sep,Kanu Moulds,1,0,185493
INV-01646,2022,9,Q3,Sep,Kalugal Moulds,2,0,185493
INV-01646,2022,9,Q3,Sep,Molding Pati,3,0,185493
INV-01694,2022,10,Q4,Oct,Kalugal Moulds,1,0,495715
INV-01694,2022,10,Q4,Oct,Beeralu Moulds,1,0,495715
INV-01694,2022,10,Q4,Oct,Silparan Kota,1,1,495715
INV-01684,2022,10,Q4,Oct,Silparan Kota,1,1,495715
INV-01684,2022,10,Q4,Oct,Beeralu Moulds,1,0,495715
INV-01684,2022,10,Q4,Oct,Molding Pati,1,0,495715
INV-01684,2022,10,Q4,Oct,Flower Pots,16,0,495715
INV-01665,2022,10,Q4,Oct,Loover,1,0,495715
INV-01665,2022,10,Q4,Oct,Interlock,1,0,495715
INV-01679,2022,10,Q4,Oct,Kanu Moulds,2,0,495715
INV-01679,2022,10,Q4,Oct,Molding Pati,1,0,495715
INV-01679,2022,10,Q4,Oct,Kalugal Moulds,1,0,495715
INV-01690,2022,10,Q4,Oct,Loover,1,0,495715
INV-01695,2022,10,Q4,Oct,Slab Moulds,3,0,495715
INV-01695,2022,10,Q4,Oct,Molding Pati,8,0,495715
INV-01695,2022,10,Q4,Oct,Beeralu Moulds,7,0,495715
INV-01695,2022,10,Q4,Oct,Kalugal Moulds,4,0,495715
INV-01697,2022,10,Q4,Oct,Loover,1,0,495715
INV-01664,2022,10,Q4,Oct,Silparan Kota,2,1,495715
INV-01664,2022,10,Q4,Oct,Slab Moulds,4,0,495715
INV-01675,2022,10,Q4,Oct,Doors,1,0,495715
INV-01675,2022,10,Q4,Oct,Loover,1,0,495715
INV-01693,2022,10,Q4,Oct,Doors,1,0,495715
INV-01693,2022,10,Q4,Oct,Interlock,1,0,495715
INV-01693,2022,10,Q4,Oct,Loover,1,0,495715
INV-01702,2022,10,Q4,Oct,Kalugal Moulds,1,0,495715
INV-01702,2022,10,Q4,Oct,Silparan Kota,2,1,495715
INV-01674,2022,10,Q4,Oct,Water Proof Tanks,1,0,495715
INV-01674,2022,10,Q4,Oct,Bathik Tanks,1,0,495715
INV-01674,2022,10,Q4,Oct,Silparan Kota,3,1,495715
INV-01689,2022,10,Q4,Oct,Water Proof Tanks,1,0,495715
INV-01680,2022,10,Q4,Oct,Interlock,1,0,495715
INV-01680,2022,10,Q4,Oct,Tables and Benches,1,0,495715
INV-01691,2022,10,Q4,Oct,Molding Pati,1,0,495715
INV-01691,2022,10,Q4,Oct,Beeralu Moulds,1,0,495715
INV-01691,2022,10,Q4,Oct,Silparan Kota,1,1,495715
INV-01698,2022,10,Q4,Oct,Roofing Sheets,1,0,495715
INV-01698,2022,10,Q4,Oct,Doors,1,0,495715
INV-01698,2022,10,Q4,Oct,Loover,1,0,495715
INV-01701,2022,10,Q4,Oct,Molding Pati,1,0,495715
INV-01701,2022,10,Q4,Oct,Kalugal Moulds,1,0,495715
INV-01701,2022,10,Q4,Oct,Kanu Moulds,2,0,495715
INV-01669,2022,10,Q4,Oct,Slab Moulds,1,0,495715
INV-01669,2022,10,Q4,Oct,Kanu Moulds,1,0,495715
INV-01670,2022,10,Q4,Oct,Silparan Kota,1,1,495715
INV-01670,2022,10,Q4,Oct,Kalugal Moulds,1,0,495715
INV-01670,2022,10,Q4,Oct,Molding Pati,1,0,495715
INV-01671,2022,10,Q4,Oct,Bathik Tanks,1,0,495715
INV-01671,2022,10,Q4,Oct,Water Proof Tanks,1,0,495715
INV-01681,2022,10,Q4,Oct,Water Proof Tanks,1,0,495715
INV-01676,2022,10,Q4,Oct,Slab Moulds,1,0,495715
INV-01686,2022,10,Q4,Oct,Molding Pati,1,0,495715
INV-01700,2022,10,Q4,Oct,Interlock,4,0,495715
INV-01700,2022,10,Q4,Oct,Roofing Sheets,1,0,495715
INV-01700,2022,10,Q4,Oct,Doors,1,0,495715
INV-01683,2022,10,Q4,Oct,Flower Pots,6,0,495715
INV-01663,2022,10,Q4,Oct,Flower Pots,2,0,495715
INV-01663,2022,10,Q4,Oct,Garden Animal Moulds,1,0,495715
INV-01666,2022,10,Q4,Oct,Garden Animal Moulds,6,0,495715
INV-01666,2022,10,Q4,Oct,Interlock,13,0,495715
INV-01666,2022,10,Q4,Oct,Molding Pati,13,0,495715
INV-01678,2022,10,Q4,Oct,Interlock,1,0,495715
INV-01678,2022,10,Q4,Oct,Doors,1,0,495715
INV-01682,2022,10,Q4,Oct,Loover,1,0,495715
INV-01682,2022,10,Q4,Oct,Roofing Sheets,1,0,495715
INV-01696,2022,10,Q4,Oct,Loover,1,0,495715
INV-01699,2022,10,Q4,Oct,Beeralu Moulds,4,0,495715
INV-01699,2022,10,Q4,Oct,Kalugal Moulds,4,0,495715
INV-01692,2022,10,Q4,Oct,Flower Pots,1,0,495715
INV-01667,2022,10,Q4,Oct,Garden Animal Moulds,1,0,495715
INV-01667,2022,10,Q4,Oct,Flower Pots,1,0,495715
INV-01677,2022,10,Q4,Oct,Silparan Kota,2,1,495715
INV-01677,2022,10,Q4,Oct,Molding Pati,1,0,495715
INV-01687,2022,10,Q4,Oct,Kalugal Moulds,1,0,495715
INV-01687,2022,10,Q4,Oct,Silparan Kota,3,1,495715
INV-01688,2022,10,Q4,Oct,Tables and Benches,1,0,495715
INV-01672,2022,10,Q4,Oct,Silparan Kota,2,1,495715
INV-01672,2022,10,Q4,Oct,Slab Moulds,1,0,495715
INV-01673,2022,10,Q4,Oct,Doors,1,0,495715
INV-01685,2022,10,Q4,Oct,Garden Animal Moulds,1,0,495715
INV-01668,2022,10,Q4,Oct,Kalugal Moulds,1,0,495715
INV-01668,2022,10,Q4,Oct,Silparan Kota,1,1,495715
INV-01723,2022,11,Q4,Nov,Chemical Proof Tanks,1,0,888883
INV-01723,2022,11,Q4,Nov,Water Proof Tanks,1,0,888883
INV-01750,2022,11,Q4,Nov,Tables and Benches,1,0,888883
INV-01703,2022,11,Q4,Nov,Flower Pots,1,0,888883
INV-01756,2022,11,Q4,Nov,Interlock,1,0,888883
INV-01756,2022,11,Q4,Nov,Loover,1,1,888883
INV-01765,2022,11,Q4,Nov,Molding Pati,4,0,888883
INV-01765,2022,11,Q4,Nov,Beeralu Moulds,3,0,888883
INV-01707,2022,11,Q4,Nov,Flower Pots,7,0,888883
INV-01707,2022,11,Q4,Nov,Temple Items,1,0,888883
INV-01714,2022,11,Q4,Nov,Bathik Tanks,1,0,888883
INV-01714,2022,11,Q4,Nov,Chemical Proof Tanks,1,0,888883
INV-01718,2022,11,Q4,Nov,Water Proof Tanks,1,0,888883
INV-01718,2022,11,Q4,Nov,Bathik Tanks,1,0,888883
INV-01718,2022,11,Q4,Nov,Chemical Proof Tanks,1,0,888883
INV-01744,2022,11,Q4,Nov,Water Proof Tanks,1,0,888883
INV-01744,2022,11,Q4,Nov,Bathik Tanks,1,0,888883
INV-01757,2022,11,Q4,Nov,Garden Animal Moulds,1,0,888883
INV-01757,2022,11,Q4,Nov,Tables and Benches,1,0,888883
INV-01757,2022,11,Q4,Nov,Molding Pati,2,0,888883
INV-01734,2022,11,Q4,Nov,Silparan Kota,2,1,888883
INV-01712,2022,11,Q4,Nov,Silparan Kota,1,1,888883
INV-01715,2022,11,Q4,Nov,Slab Moulds,1,0,888883
INV-01715,2022,11,Q4,Nov,Kanu Moulds,6,0,888883
INV-01715,2022,11,Q4,Nov,Silparan Kota,2,1,888883
INV-01715,2022,11,Q4,Nov,Beeralu Moulds,4,0,888883
INV-01739,2022,11,Q4,Nov,Silparan Kota,4,1,888883
INV-01739,2022,11,Q4,Nov,Kalugal Moulds,1,0,888883
INV-01766,2022,11,Q4,Nov,Roofing Sheets,1,0,888883
INV-01766,2022,11,Q4,Nov,Loover,1,1,888883
INV-01766,2022,11,Q4,Nov,Water Proof Tanks,1,0,888883
INV-01708,2022,11,Q4,Nov,Slab Moulds,1,0,888883
INV-01760,2022,11,Q4,Nov,Roofing Sheets,1,0,888883
INV-01760,2022,11,Q4,Nov,Loover,2,1,888883
INV-01768,2022,11,Q4,Nov,Kanu Moulds,4,0,888883
INV-01710,2022,11,Q4,Nov,Garden Animal Moulds,1,0,888883
INV-01736,2022,11,Q4,Nov,Garden Animal Moulds,1,0,888883
INV-01736,2022,11,Q4,Nov,Tables and Benches,1,0,888883
INV-01736,2022,11,Q4,Nov,Interlock,1,0,888883
INV-01740,2022,11,Q4,Nov,Bathik Tanks,1,0,888883
INV-01748,2022,11,Q4,Nov,Silparan Kota,6,1,888883
INV-01748,2022,11,Q4,Nov,Slab Moulds,1,0,888883
INV-01748,2022,11,Q4,Nov,Molding Pati,3,0,888883
INV-01753,2022,11,Q4,Nov,Roofing Sheets,1,0,888883
INV-01753,2022,11,Q4,Nov,Doors,1,0,888883
INV-01755,2022,11,Q4,Nov,Silparan Kota,3,1,888883
INV-01755,2022,11,Q4,Nov,Molding Pati,1,0,888883
INV-01730,2022,11,Q4,Nov,Silparan Kota,3,1,888883
INV-01730,2022,11,Q4,Nov,Kanu Moulds,1,0,888883
INV-01730,2022,11,Q4,Nov,Beeralu Moulds,1,0,888883
INV-01730,2022,11,Q4,Nov,Kalugal Moulds,4,0,888883
INV-01733,2022,11,Q4,Nov,Tables and Benches,1,0,888883
INV-01716,2022,11,Q4,Nov,Temple Items,1,0,888883
INV-01763,2022,11,Q4,Nov,Interlock,6,0,888883
INV-01763,2022,11,Q4,Nov,Tables and Benches,1,0,888883
INV-01731,2022,11,Q4,Nov,Flower Pots,6,0,888883
INV-01731,2022,11,Q4,Nov,Temple Items,1,0,888883
INV-01731,2022,11,Q4,Nov,Garden Animal Moulds,2,0,888883
INV-01704,2022,11,Q4,Nov,Slab Moulds,2,0,888883
INV-01721,2022,11,Q4,Nov,Water Proof Tanks,1,0,888883
INV-01745,2022,11,Q4,Nov,Flower Pots,1,0,888883
INV-01745,2022,11,Q4,Nov,Tables and Benches,1,0,888883
INV-01745,2022,11,Q4,Nov,Interlock,1,0,888883
INV-01722,2022,11,Q4,Nov,Molding Pati,3,0,888883
INV-01722,2022,11,Q4,Nov,Slab Moulds,1,0,888883
INV-01722,2022,11,Q4,Nov,Kanu Moulds,4,0,888883
INV-01724,2022,11,Q4,Nov,Water Proof Tanks,1,0,888883
INV-01720,2022,11,Q4,Nov,Water Proof Tanks,1,0,888883
INV-01720,2022,11,Q4,Nov,Bathik Tanks,1,0,888883
INV-01720,2022,11,Q4,Nov,Chemical Proof Tanks,1,0,888883
INV-01725,2022,11,Q4,Nov,Slab Moulds,1,0,888883
INV-01725,2022,11,Q4,Nov,Silparan Kota,4,1,888883
INV-01725,2022,11,Q4,Nov,Molding Pati,2,0,888883
INV-01725,2022,11,Q4,Nov,Kalugal Moulds,1,0,888883
INV-01770,2022,11,Q4,Nov,Loover,1,1,888883
INV-01770,2022,11,Q4,Nov,Interlock,1,0,888883
INV-01770,2022,11,Q4,Nov,Roofing Sheets,1,0,888883
INV-01705,2022,11,Q4,Nov,Beeralu Moulds,1,0,888883
INV-01705,2022,11,Q4,Nov,Kalugal Moulds,1,0,888883
INV-01742,2022,11,Q4,Nov,Tables and Benches,1,0,888883
INV-01742,2022,11,Q4,Nov,Interlock,1,0,888883
INV-01706,2022,11,Q4,Nov,Water Proof Tanks,1,0,888883
INV-01706,2022,11,Q4,Nov,Bathik Tanks,1,0,888883
INV-01706,2022,11,Q4,Nov,Chemical Proof Tanks,1,0,888883
INV-01729,2022,11,Q4,Nov,Garden Animal Moulds,1,0,888883
INV-01729,2022,11,Q4,Nov,Flower Pots,7,0,888883
INV-01741,2022,11,Q4,Nov,Temple Items,2,0,888883
INV-01741,2022,11,Q4,Nov,Flower Pots,8,0,888883
INV-01741,2022,11,Q4,Nov,Beeralu Moulds,9,0,888883
INV-01746,2022,11,Q4,Nov,Silparan Kota,1,1,888883
INV-01746,2022,11,Q4,Nov,Kanu Moulds,1,0,888883
INV-01751,2022,11,Q4,Nov,Flower Pots,4,0,888883
INV-01751,2022,11,Q4,Nov,Garden Animal Moulds,1,0,888883
INV-01762,2022,11,Q4,Nov,Doors,1,0,888883
INV-01762,2022,11,Q4,Nov,Interlock,1,0,888883
INV-01762,2022,11,Q4,Nov,Loover,1,1,888883
INV-01762,2022,11,Q4,Nov,Roofing Sheets,2,0,888883
INV-01764,2022,11,Q4,Nov,Water Proof Tanks,2,0,888883
INV-01764,2022,11,Q4,Nov,Chemical Proof Tanks,1,0,888883
INV-01711,2022,11,Q4,Nov,Chemical Proof Tanks,1,0,888883
INV-01711,2022,11,Q4,Nov,Water Proof Tanks,1,0,888883
INV-01713,2022,11,Q4,Nov,Garden Animal Moulds,1,0,888883
INV-01713,2022,11,Q4,Nov,Flower Pots,7,0,888883
INV-01727,2022,11,Q4,Nov,Slab Moulds,1,0,888883
INV-01735,2022,11,Q4,Nov,Garden Animal Moulds,1,0,888883
INV-01735,2022,11,Q4,Nov,Temple Items,1,0,888883
INV-01735,2022,11,Q4,Nov,Flower Pots,1,0,888883
INV-01743,2022,11,Q4,Nov,Garden Animal Moulds,1,0,888883
INV-01743,2022,11,Q4,Nov,Flower Pots,1,0,888883
INV-01769,2022,11,Q4,Nov,Doors,1,0,888883
INV-01769,2022,11,Q4,Nov,Interlock,1,0,888883
INV-01747,2022,11,Q4,Nov,Bathik Tanks,1,0,888883
INV-01747,2022,11,Q4,Nov,Chemical Proof Tanks,1,0,888883
INV-01747,2022,11,Q4,Nov,Water Proof Tanks,1,0,888883
INV-01758,2022,11,Q4,Nov,Beeralu Moulds,1,0,888883
INV-01758,2022,11,Q4,Nov,Kanu Moulds,2,0,888883
INV-01758,2022,11,Q4,Nov,Silparan Kota,2,1,888883
INV-01758,2022,11,Q4,Nov,Slab Moulds,1,0,888883
INV-01759,2022,11,Q4,Nov,Garden Animal Moulds,1,0,888883
INV-01759,2022,11,Q4,Nov,Flower Pots,2,0,888883
INV-01726,2022,11,Q4,Nov,Chemical Proof Tanks,1,0,888883
INV-01726,2022,11,Q4,Nov,Bathik Tanks,1,0,888883
INV-01726,2022,11,Q4,Nov,Water Proof Tanks,1,0,888883
INV-01726,2022,11,Q4,Nov,Loover,1,1,888883
INV-01732,2022,11,Q4,Nov,Flower Pots,2,0,888883
INV-01752,2022,11,Q4,Nov,Kalugal Moulds,1,0,888883
INV-01717,2022,11,Q4,Nov,Water Proof Tanks,1,0,888883
INV-01717,2022,11,Q4,Nov,Chemical Proof Tanks,1,0,888883
INV-01717,2022,11,Q4,Nov,Bathik Tanks,1,0,888883
INV-01749,2022,11,Q4,Nov,Chemical Proof Tanks,1,0,888883
INV-01749,2022,11,Q4,Nov,Bathik Tanks,1,0,888883
INV-01749,2022,11,Q4,Nov,Water Proof Tanks,1,0,888883
INV-01761,2022,11,Q4,Nov,Loover,1,1,888883
INV-01761,2022,11,Q4,Nov,Roofing Sheets,1,0,888883
INV-01761,2022,11,Q4,Nov,Interlock,1,0,888883
INV-01709,2022,11,Q4,Nov,Garden Animal Moulds,1,0,888883
INV-01709,2022,11,Q4,Nov,Temple Items,3,0,888883
INV-01709,2022,11,Q4,Nov,Doors,1,0,888883
INV-01728,2022,11,Q4,Nov,Loover,1,1,888883
INV-01754,2022,11,Q4,Nov,Chemical Proof Tanks,1,0,888883
INV-01754,2022,11,Q4,Nov,Bathik Tanks,1,0,888883
INV-01754,2022,11,Q4,Nov,Water Proof Tanks,1,0,888883
INV-01737,2022,11,Q4,Nov,Silparan Kota,1,1,888883
INV-01737,2022,11,Q4,Nov,Beeralu Moulds,1,0,888883
INV-01737,2022,11,Q4,Nov,Kalugal Moulds,1,0,888883
INV-01737,2022,11,Q4,Nov,Slab Moulds,1,0,888883
INV-01767,2022,11,Q4,Nov,Flower Pots,2,0,888883
INV-01719,2022,11,Q4,Nov,Temple Items,1,0,888883
INV-01719,2022,11,Q4,Nov,Garden Animal Moulds,1,0,888883
INV-01719,2022,11,Q4,Nov,Flower Pots,12,0,888883
INV-01738,2022,11,Q4,Nov,Interlock,4,0,888883
INV-01738,2022,11,Q4,Nov,Tables and Benches,1,0,888883
INV-01806,2022,12,Q4,Dec,Molding Pati,1,0,357545
INV-01779,2022,12,Q4,Dec,Bathik Tanks,1,0,357545
INV-01774,2022,12,Q4,Dec,Beeralu Moulds,4,0,357545
INV-01805,2022,12,Q4,Dec,Molding Pati,1,0,357545
INV-01805,2022,12,Q4,Dec,Kanu Moulds,1,0,357545
INV-01785,2022,12,Q4,Dec,Tables and Benches,1,1,357545
INV-01785,2022,12,Q4,Dec,Flower Pots,2,1,357545
INV-01796,2022,12,Q4,Dec,Temple Items,1,1,357545
INV-01796,2022,12,Q4,Dec,Flower Pots,2,1,357545
INV-01772,2022,12,Q4,Dec,Water Proof Tanks,1,0,357545
INV-01772,2022,12,Q4,Dec,Chemical Proof Tanks,1,0,357545
INV-01790,2022,12,Q4,Dec,Flower Pots,36,1,357545
INV-01790,2022,12,Q4,Dec,Garden Animal Moulds,4,0,357545
INV-01790,2022,12,Q4,Dec,Tables and Benches,1,1,357545
INV-01778,2022,12,Q4,Dec,Loover,1,1,357545
INV-01778,2022,12,Q4,Dec,Doors,1,0,357545
INV-01778,2022,12,Q4,Dec,Roofing Sheets,1,1,357545
INV-01780,2022,12,Q4,Dec,Kalugal Moulds,1,0,357545
INV-01780,2022,12,Q4,Dec,Kanu Moulds,1,0,357545
INV-01797,2022,12,Q4,Dec,Interlock,7,0,357545
INV-01797,2022,12,Q4,Dec,Garden Animal Moulds,2,0,357545
INV-01788,2022,12,Q4,Dec,Tables and Benches,1,1,357545
INV-01788,2022,12,Q4,Dec,Flower Pots,6,1,357545
INV-01788,2022,12,Q4,Dec,Temple Items,1,1,357545
INV-01794,2022,12,Q4,Dec,Loover,1,1,357545
INV-01801,2022,12,Q4,Dec,Roofing Sheets,1,1,357545
INV-01801,2022,12,Q4,Dec,Loover,1,1,357545
INV-01775,2022,12,Q4,Dec,Flower Pots,1,1,357545
INV-01775,2022,12,Q4,Dec,Interlock,1,0,357545
INV-01775,2022,12,Q4,Dec,Tables and Benches,1,1,357545
INV-01802,2022,12,Q4,Dec,Flower Pots,1,1,357545
INV-01804,2022,12,Q4,Dec,Chemical Proof Tanks,1,0,357545
INV-01804,2022,12,Q4,Dec,Water Proof Tanks,1,0,357545
INV-01804,2022,12,Q4,Dec,Bathik Tanks,1,0,357545
INV-01776,2022,12,Q4,Dec,Silparan Kota,1,0,357545
INV-01787,2022,12,Q4,Dec,Beeralu Moulds,2,0,357545
INV-01787,2022,12,Q4,Dec,Molding Pati,1,0,357545
INV-01792,2022,12,Q4,Dec,Doors,1,0,357545
INV-01792,2022,12,Q4,Dec,Roofing Sheets,1,1,357545
INV-01799,2022,12,Q4,Dec,Water Proof Tanks,1,0,357545
INV-01799,2022,12,Q4,Dec,Chemical Proof Tanks,1,0,357545
INV-01799,2022,12,Q4,Dec,Bathik Tanks,1,0,357545
INV-01777,2022,12,Q4,Dec,Molding Pati,3,0,357545
INV-01783,2022,12,Q4,Dec,Kalugal Moulds,2,0,357545
INV-01783,2022,12,Q4,Dec,Molding Pati,1,0,357545
INV-01791,2022,12,Q4,Dec,Kalugal Moulds,1,0,357545
INV-01791,2022,12,Q4,Dec,Silparan Kota,1,0,357545
INV-01793,2022,12,Q4,Dec,Flower Pots,1,1,357545
INV-01793,2022,12,Q4,Dec,Garden Animal Moulds,1,0,357545
INV-01795,2022,12,Q4,Dec,Molding Pati,9,0,357545
INV-01795,2022,12,Q4,Dec,Kanu Moulds,3,0,357545
INV-01773,2022,12,Q4,Dec,Kalugal Moulds,1,0,357545
INV-01782,2022,12,Q4,Dec,Chemical Proof Tanks,1,0,357545
INV-01782,2022,12,Q4,Dec,Water Proof Tanks,1,0,357545
INV-01789,2022,12,Q4,Dec,Beeralu Moulds,1,0,357545
INV-01807,2022,12,Q4,Dec,Tables and Benches,1,1,357545
INV-01807,2022,12,Q4,Dec,Garden Animal Moulds,1,0,357545
INV-01807,2022,12,Q4,Dec,Flower Pots,5,1,357545
INV-01771,2022,12,Q4,Dec,Roofing Sheets,1,1,357545
INV-01771,2022,12,Q4,Dec,Doors,1,0,357545
INV-01771,2022,12,Q4,Dec,Loover,1,1,357545
INV-01771,2022,12,Q4,Dec,Interlock,4,0,357545
INV-01784,2022,12,Q4,Dec,Tables and Benches,1,1,357545
INV-01784,2022,12,Q4,Dec,Flower Pots,1,1,357545
INV-01784,2022,12,Q4,Dec,Interlock,1,0,357545
INV-01786,2022,12,Q4,Dec,Interlock,1,0,357545
INV-01803,2022,12,Q4,Dec,Chemical Proof Tanks,1,0,357545
INV-01781,2022,12,Q4,Dec,Water Proof Tanks,1,0,357545
INV-01781,2022,12,Q4,Dec,Bathik Tanks,1,0,357545
INV-01800,2022,12,Q4,Dec,Chemical Proof Tanks,1,0,357545
INV-01800,2022,12,Q4,Dec,Bathik Tanks,1,0,357545
INV-01800,2022,12,Q4,Dec,Water Proof Tanks,1,0,357545
INV-01798,2022,12,Q4,Dec,Roofing Sheets,1,1,357545
INV-01798,2022,12,Q4,Dec,Loover,1,1,357545
INV-01798,2022,12,Q4,Dec,Interlock,1,0,357545
INV-01820,2023,1,Q1,Jan,Kanu Moulds,3,0,659675
INV-01820,2023,1,Q1,Jan,Silparan Kota,4,1,659675
INV-01822,2023,1,Q1,Jan,Loover,1,1,659675
INV-01822,2023,1,Q1,Jan,Doors,1,1,659675
INV-01822,2023,1,Q1,Jan,Roofing Sheets,1,1,659675
INV-01836,2023,1,Q1,Jan,Flower Pots,1,0,659675
INV-01836,2023,1,Q1,Jan,Garden Animal Moulds,2,0,659675
INV-01836,2023,1,Q1,Jan,Interlock,1,0,659675
INV-01845,2023,1,Q1,Jan,Garden Animal Moulds,1,0,659675
INV-01845,2023,1,Q1,Jan,Flower Pots,6,0,659675
INV-01872,2023,1,Q1,Jan,Flower Pots,5,0,659675
INV-01814,2023,1,Q1,Jan,Slab Moulds,1,1,659675
INV-01814,2023,1,Q1,Jan,Beeralu Moulds,1,0,659675
INV-01821,2023,1,Q1,Jan,Temple Items,1,1,659675
INV-01821,2023,1,Q1,Jan,Flower Pots,7,0,659675
INV-01821,2023,1,Q1,Jan,Garden Animal Moulds,1,0,659675
INV-01838,2023,1,Q1,Jan,Temple Items,1,1,659675
INV-01847,2023,1,Q1,Jan,Molding Pati,2,1,659675
INV-01852,2023,1,Q1,Jan,Loover,1,1,659675
INV-01855,2023,1,Q1,Jan,Water Proof Tanks,1,1,659675
INV-01855,2023,1,Q1,Jan,Chemical Proof Tanks,1,1,659675
INV-01828,2023,1,Q1,Jan,Kalugal Moulds,1,1,659675
INV-01842,2023,1,Q1,Jan,Doors,1,1,659675
INV-01842,2023,1,Q1,Jan,Interlock,1,0,659675
INV-01857,2023,1,Q1,Jan,Molding Pati,1,1,659675
INV-01857,2023,1,Q1,Jan,Kalugal Moulds,1,1,659675
INV-01882,2023,1,Q1,Jan,Silparan Kota,2,1,659675
INV-01882,2023,1,Q1,Jan,Slab Moulds,1,1,659675
INV-01840,2023,1,Q1,Jan,Interlock,2,0,659675
INV-01840,2023,1,Q1,Jan,Tables and Benches,1,0,659675
INV-01840,2023,1,Q1,Jan,Garden Animal Moulds,1,0,659675
INV-01851,2023,1,Q1,Jan,Slab Moulds,1,1,659675
INV-01851,2023,1,Q1,Jan,Beeralu Moulds,1,0,659675
INV-01875,2023,1,Q1,Jan,Interlock,1,0,659675
INV-01875,2023,1,Q1,Jan,Doors,1,1,659675
INV-01875,2023,1,Q1,Jan,Roofing Sheets,1,1,659675
INV-01815,2023,1,Q1,Jan,Chemical Proof Tanks,1,1,659675
INV-01815,2023,1,Q1,Jan,Water Proof Tanks,1,1,659675
INV-01843,2023,1,Q1,Jan,Garden Animal Moulds,1,0,659675
INV-01848,2023,1,Q1,Jan,Silparan Kota,1,1,659675
INV-01865,2023,1,Q1,Jan,Chemical Proof Tanks,1,1,659675
INV-01865,2023,1,Q1,Jan,Bathik Tanks,1,1,659675
INV-01865,2023,1,Q1,Jan,Water Proof Tanks,1,1,659675
INV-01824,2023,1,Q1,Jan,Silparan Kota,1,1,659675
INV-01824,2023,1,Q1,Jan,Kalugal Moulds,1,1,659675
INV-01824,2023,1,Q1,Jan,Beeralu Moulds,1,0,659675
INV-01824,2023,1,Q1,Jan,Kanu Moulds,1,0,659675
INV-01861,2023,1,Q1,Jan,Flower Pots,3,0,659675
INV-01861,2023,1,Q1,Jan,Garden Animal Moulds,1,0,659675
INV-01823,2023,1,Q1,Jan,Flower Pots,3,0,659675
INV-01850,2023,1,Q1,Jan,Silparan Kota,3,1,659675
INV-01860,2023,1,Q1,Jan,Beeralu Moulds,4,0,659675
INV-01860,2023,1,Q1,Jan,Kalugal Moulds,1,1,659675
INV-01860,2023,1,Q1,Jan,Slab Moulds,1,1,659675
INV-01818,2023,1,Q1,Jan,Loover,1,1,659675
INV-01818,2023,1,Q1,Jan,Doors,1,1,659675
INV-01818,2023,1,Q1,Jan,Interlock,1,0,659675
INV-01819,2023,1,Q1,Jan,Loover,1,1,659675
INV-01837,2023,1,Q1,Jan,Molding Pati,1,1,659675
INV-01837,2023,1,Q1,Jan,Kalugal Moulds,1,1,659675
INV-01878,2023,1,Q1,Jan,Roofing Sheets,1,1,659675
INV-01878,2023,1,Q1,Jan,Loover,1,1,659675
INV-01878,2023,1,Q1,Jan,Doors,1,1,659675
INV-01817,2023,1,Q1,Jan,Tables and Benches,1,0,659675
INV-01817,2023,1,Q1,Jan,Garden Animal Moulds,2,0,659675
INV-01817,2023,1,Q1,Jan,Interlock,1,0,659675
INV-01862,2023,1,Q1,Jan,Roofing Sheets,1,1,659675
INV-01862,2023,1,Q1,Jan,Doors,1,1,659675
INV-01862,2023,1,Q1,Jan,Interlock,2,0,659675
INV-01877,2023,1,Q1,Jan,Doors,1,1,659675
INV-01877,2023,1,Q1,Jan,Roofing Sheets,1,1,659675
INV-01877,2023,1,Q1,Jan,Interlock,1,0,659675
INV-01853,2023,1,Q1,Jan,Bathik Tanks,1,1,659675
INV-01853,2023,1,Q1,Jan,Water Proof Tanks,1,1,659675
INV-01863,2023,1,Q1,Jan,Kalugal Moulds,1,1,659675
INV-01846,2023,1,Q1,Jan,Silparan Kota,4,1,659675
INV-01849,2023,1,Q1,Jan,Silparan Kota,3,1,659675
INV-01849,2023,1,Q1,Jan,Kalugal Moulds,2,1,659675
INV-01849,2023,1,Q1,Jan,Slab Moulds,2,1,659675
INV-01849,2023,1,Q1,Jan,Molding Pati,3,1,659675
INV-01883,2023,1,Q1,Jan,Temple Items,1,1,659675
INV-01883,2023,1,Q1,Jan,Garden Animal Moulds,4,0,659675
INV-01883,2023,1,Q1,Jan,Flower Pots,4,0,659675
INV-01825,2023,1,Q1,Jan,Doors,1,1,659675
INV-01825,2023,1,Q1,Jan,Loover,1,1,659675
INV-01831,2023,1,Q1,Jan,Kalugal Moulds,1,1,659675
INV-01831,2023,1,Q1,Jan,Molding Pati,1,1,659675
INV-01859,2023,1,Q1,Jan,Beeralu Moulds,1,0,659675
INV-01864,2023,1,Q1,Jan,Silparan Kota,1,1,659675
INV-01812,2023,1,Q1,Jan,Tables and Benches,1,0,659675
INV-01844,2023,1,Q1,Jan,Water Proof Tanks,1,1,659675
INV-01844,2023,1,Q1,Jan,Chemical Proof Tanks,1,1,659675
INV-01854,2023,1,Q1,Jan,Temple Items,1,1,659675
INV-01854,2023,1,Q1,Jan,Flower Pots,2,0,659675
INV-01879,2023,1,Q1,Jan,Molding Pati,1,1,659675
INV-01879,2023,1,Q1,Jan,Beeralu Moulds,1,0,659675
INV-01879,2023,1,Q1,Jan,Kalugal Moulds,1,1,659675
INV-01879,2023,1,Q1,Jan,Chemical Proof Tanks,1,1,659675
INV-01813,2023,1,Q1,Jan,Silparan Kota,1,1,659675
INV-01813,2023,1,Q1,Jan,Kalugal Moulds,1,1,659675
INV-01810,2023,1,Q1,Jan,Doors,1,1,659675
INV-01810,2023,1,Q1,Jan,Roofing Sheets,1,1,659675
INV-01810,2023,1,Q1,Jan,Loover,1,1,659675
INV-01829,2023,1,Q1,Jan,Roofing Sheets,1,1,659675
INV-01829,2023,1,Q1,Jan,Loover,1,1,659675
INV-01839,2023,1,Q1,Jan,Doors,1,1,659675
INV-01839,2023,1,Q1,Jan,Loover,1,1,659675
INV-01839,2023,1,Q1,Jan,Roofing Sheets,1,1,659675
INV-01839,2023,1,Q1,Jan,Interlock,1,0,659675
INV-01867,2023,1,Q1,Jan,Bathik Tanks,1,1,659675
INV-01867,2023,1,Q1,Jan,Chemical Proof Tanks,1,1,659675
INV-01868,2023,1,Q1,Jan,Temple Items,1,1,659675
INV-01868,2023,1,Q1,Jan,Garden Animal Moulds,1,0,659675
INV-01868,2023,1,Q1,Jan,Flower Pots,4,0,659675
INV-01876,2023,1,Q1,Jan,Doors,1,1,659675
INV-01876,2023,1,Q1,Jan,Interlock,1,0,659675
INV-01871,2023,1,Q1,Jan,Flower Pots,7,0,659675
INV-01874,2023,1,Q1,Jan,Silparan Kota,1,1,659675
INV-01874,2023,1,Q1,Jan,Slab Moulds,1,1,659675
INV-01874,2023,1,Q1,Jan,Molding Pati,1,1,659675
INV-01881,2023,1,Q1,Jan,Loover,1,1,659675
INV-01856,2023,1,Q1,Jan,Loover,2,1,659675
INV-01856,2023,1,Q1,Jan,Roofing Sheets,1,1,659675
INV-01856,2023,1,Q1,Jan,Doors,1,1,659675
INV-01856,2023,1,Q1,Jan,Interlock,2,0,659675
INV-01858,2023,1,Q1,Jan,Interlock,2,0,659675
INV-01858,2023,1,Q1,Jan,Loover,1,1,659675
INV-01858,2023,1,Q1,Jan,Doors,1,1,659675
INV-01880,2023,1,Q1,Jan,Silparan Kota,1,1,659675
INV-01880,2023,1,Q1,Jan,Molding Pati,6,1,659675
INV-01880,2023,1,Q1,Jan,Kalugal Moulds,1,1,659675
INV-01808,2023,1,Q1,Jan,Slab Moulds,1,1,659675
INV-01809,2023,1,Q1,Jan,Flower Pots,5,0,659675
INV-01809,2023,1,Q1,Jan,Garden Animal Moulds,1,0,659675
INV-01809,2023,1,Q1,Jan,Interlock,1,0,659675
INV-01811,2023,1,Q1,Jan,Garden Animal Moulds,1,0,659675
INV-01816,2023,1,Q1,Jan,Bathik Tanks,1,1,659675
INV-01816,2023,1,Q1,Jan,Chemical Proof Tanks,1,1,659675
INV-01816,2023,1,Q1,Jan,Water Proof Tanks,1,1,659675
INV-01827,2023,1,Q1,Jan,Garden Animal Moulds,1,0,659675
INV-01870,2023,1,Q1,Jan,Doors,1,1,659675
INV-01870,2023,1,Q1,Jan,Roofing Sheets,1,1,659675
INV-01830,2023,1,Q1,Jan,Bathik Tanks,1,1,659675
INV-01830,2023,1,Q1,Jan,Chemical Proof Tanks,1,1,659675
INV-01833,2023,1,Q1,Jan,Flower Pots,20,0,659675
INV-01833,2023,1,Q1,Jan,Interlock,1,0,659675
INV-01835,2023,1,Q1,Jan,Roofing Sheets,1,1,659675
INV-01835,2023,1,Q1,Jan,Interlock,1,0,659675
INV-01841,2023,1,Q1,Jan,Water Proof Tanks,1,1,659675
INV-01869,2023,1,Q1,Jan,Silparan Kota,4,1,659675
INV-01869,2023,1,Q1,Jan,Beeralu Moulds,5,0,659675
INV-01832,2023,1,Q1,Jan,Flower Pots,4,0,659675
INV-01832,2023,1,Q1,Jan,Garden Animal Moulds,17,0,659675
INV-01832,2023,1,Q1,Jan,Tables and Benches,1,0,659675
INV-01832,2023,1,Q1,Jan,Interlock,1,0,659675
INV-01866,2023,1,Q1,Jan,Silparan Kota,1,1,659675
INV-01866,2023,1,Q1,Jan,Kalugal Moulds,1,1,659675
INV-01873,2023,1,Q1,Jan,Flower Pots,2,0,659675
INV-01873,2023,1,Q1,Jan,Interlock,1,0,659675
INV-01826,2023,1,Q1,Jan,Silparan Kota,1,1,659675
INV-01826,2023,1,Q1,Jan,Kalugal Moulds,1,1,659675
INV-01834,2023,1,Q1,Jan,Doors,1,1,659675
INV-01834,2023,1,Q1,Jan,Roofing Sheets,1,1,659675
INV-01900,2023,2,Q1,Feb,Interlock,13,1,272456
INV-01900,2023,2,Q1,Feb,Garden Animal Moulds,6,0,272456
INV-01903,2023,2,Q1,Feb,Slab Moulds,1,1,272456
INV-01903,2023,2,Q1,Feb,Molding Pati,1,1,272456
INV-01910,2023,2,Q1,Feb,Tables and Benches,1,0,272456
INV-01910,2023,2,Q1,Feb,Interlock,1,1,272456
INV-01911,2023,2,Q1,Feb,Doors,1,1,272456
INV-01887,2023,2,Q1,Feb,Beeralu Moulds,1,1,272456
INV-01887,2023,2,Q1,Feb,Kalugal Moulds,5,1,272456
INV-01887,2023,2,Q1,Feb,Interlock,2,1,272456
INV-01897,2023,2,Q1,Feb,Beeralu Moulds,8,1,272456
INV-01913,2023,2,Q1,Feb,Chemical Proof Tanks,1,1,272456
INV-01906,2023,2,Q1,Feb,Interlock,1,1,272456
INV-01884,2023,2,Q1,Feb,Garden Animal Moulds,1,0,272456
INV-01884,2023,2,Q1,Feb,Interlock,1,1,272456
INV-01886,2023,2,Q1,Feb,Interlock,1,1,272456
INV-01888,2023,2,Q1,Feb,Water Proof Tanks,1,1,272456
INV-01888,2023,2,Q1,Feb,Bathik Tanks,1,1,272456
INV-01914,2023,2,Q1,Feb,Molding Pati,22,1,272456
INV-01914,2023,2,Q1,Feb,Slab Moulds,1,1,272456
INV-01909,2023,2,Q1,Feb,Roofing Sheets,1,1,272456
INV-01909,2023,2,Q1,Feb,Doors,1,1,272456
INV-01889,2023,2,Q1,Feb,Molding Pati,1,1,272456
INV-01889,2023,2,Q1,Feb,Kanu Moulds,1,1,272456
INV-01901,2023,2,Q1,Feb,Interlock,1,1,272456
INV-01885,2023,2,Q1,Feb,Garden Animal Moulds,1,0,272456
INV-01891,2023,2,Q1,Feb,Tables and Benches,1,0,272456
INV-01891,2023,2,Q1,Feb,Interlock,2,1,272456
INV-01896,2023,2,Q1,Feb,Garden Animal Moulds,1,0,272456
INV-01896,2023,2,Q1,Feb,Flower Pots,1,0,272456
INV-01896,2023,2,Q1,Feb,Tables and Benches,1,0,272456
INV-01902,2023,2,Q1,Feb,Interlock,1,1,272456
INV-01893,2023,2,Q1,Feb,Garden Animal Moulds,1,0,272456
INV-01908,2023,2,Q1,Feb,Interlock,1,1,272456
INV-01908,2023,2,Q1,Feb,Flower Pots,2,0,272456
INV-01908,2023,2,Q1,Feb,Tables and Benches,1,0,272456
INV-01912,2023,2,Q1,Feb,Water Proof Tanks,1,1,272456
INV-01912,2023,2,Q1,Feb,Bathik Tanks,1,1,272456
INV-01904,2023,2,Q1,Feb,Loover,1,1,272456
INV-01904,2023,2,Q1,Feb,Roofing Sheets,1,1,272456
INV-01904,2023,2,Q1,Feb,Interlock,1,1,272456
INV-01904,2023,2,Q1,Feb,Garden Animal Moulds,2,0,272456
INV-01890,2023,2,Q1,Feb,Doors,1,1,272456
INV-01894,2023,2,Q1,Feb,Beeralu Moulds,2,1,272456
INV-01894,2023,2,Q1,Feb,Kanu Moulds,1,1,272456
INV-01895,2023,2,Q1,Feb,Interlock,1,1,272456
INV-01895,2023,2,Q1,Feb,Flower Pots,1,0,272456
INV-01895,2023,2,Q1,Feb,Tables and Benches,1,0,272456
INV-01895,2023,2,Q1,Feb,Garden Animal Moulds,1,0,272456
INV-01915,2023,2,Q1,Feb,Chemical Proof Tanks,1,1,272456
INV-01915,2023,2,Q1,Feb,Bathik Tanks,1,1,272456
INV-01915,2023,2,Q1,Feb,Water Proof Tanks,1,1,272456
INV-01905,2023,2,Q1,Feb,Roofing Sheets,1,1,272456
INV-01905,2023,2,Q1,Feb,Loover,1,1,272456
INV-01907,2023,2,Q1,Feb,Water Proof Tanks,1,1,272456
INV-01907,2023,2,Q1,Feb,Chemical Proof Tanks,1,1,272456
INV-01907,2023,2,Q1,Feb,Bathik Tanks,1,1,272456
INV-01899,2023,2,Q1,Feb,Doors,1,1,272456
INV-01899,2023,2,Q1,Feb,Loover,4,1,272456
INV-01892,2023,2,Q1,Feb,Bathik Tanks,1,1,272456
INV-01898,2023,2,Q1,Feb,Beeralu Moulds,2,1,272456
INV-01898,2023,2,Q1,Feb,Molding Pati,1,1,272456
INV-01898,2023,2,Q1,Feb,Kalugal Moulds,1,1,272456
INV-01966,2023,3,Q1,Mar,Garden Animal Moulds,1,1,516697
INV-01975,2023,3,Q1,Mar,Garden Animal Moulds,1,1,516697
INV-01975,2023,3,Q1,Mar,Tables and Benches,1,1,516697
INV-01975,2023,3,Q1,Mar,Interlock,1,1,516697
INV-01936,2023,3,Q1,Mar,Tables and Benches,1,1,516697
INV-01936,2023,3,Q1,Mar,Garden Animal Moulds,2,1,516697
INV-01970,2023,3,Q1,Mar,Doors,1,1,516697
INV-01970,2023,3,Q1,Mar,Roofing Sheets,1,1,516697
INV-01973,2023,3,Q1,Mar,Flower Pots,3,1,516697
INV-01973,2023,3,Q1,Mar,Interlock,2,1,516697
INV-01925,2023,3,Q1,Mar,Kanu Moulds,1,1,516697
INV-01928,2023,3,Q1,Mar,Garden Animal Moulds,2,1,516697
INV-01931,2023,3,Q1,Mar,Interlock,1,1,516697
INV-01931,2023,3,Q1,Mar,Tables and Benches,1,1,516697
INV-01931,2023,3,Q1,Mar,Flower Pots,1,1,516697
INV-01941,2023,3,Q1,Mar,Roofing Sheets,1,1,516697
INV-01947,2023,3,Q1,Mar,Beeralu Moulds,1,1,516697
INV-01932,2023,3,Q1,Mar,Garden Animal Moulds,2,1,516697
INV-01950,2023,3,Q1,Mar,Bathik Tanks,1,1,516697
INV-01967,2023,3,Q1,Mar,Interlock,3,1,516697
INV-01967,2023,3,Q1,Mar,Loover,1,1,516697
INV-01967,2023,3,Q1,Mar,Tables and Benches,1,1,516697
INV-01918,2023,3,Q1,Mar,Tables and Benches,1,1,516697
INV-01918,2023,3,Q1,Mar,Flower Pots,3,1,516697
INV-01918,2023,3,Q1,Mar,Interlock,1,1,516697
INV-01918,2023,3,Q1,Mar,Garden Animal Moulds,1,1,516697
INV-01965,2023,3,Q1,Mar,Doors,2,1,516697
INV-01965,2023,3,Q1,Mar,Roofing Sheets,1,1,516697
INV-01965,2023,3,Q1,Mar,Interlock,2,1,516697
INV-01965,2023,3,Q1,Mar,Loover,2,1,516697
INV-01974,2023,3,Q1,Mar,Garden Animal Moulds,1,1,516697
INV-01974,2023,3,Q1,Mar,Flower Pots,1,1,516697
INV-01945,2023,3,Q1,Mar,Interlock,1,1,516697
INV-01945,2023,3,Q1,Mar,Garden Animal Moulds,1,1,516697
INV-01954,2023,3,Q1,Mar,Roofing Sheets,1,1,516697
INV-01954,2023,3,Q1,Mar,Doors,1,1,516697
INV-01962,2023,3,Q1,Mar,Doors,1,1,516697
INV-01962,2023,3,Q1,Mar,Loover,1,1,516697
INV-01962,2023,3,Q1,Mar,Roofing Sheets,1,1,516697
INV-01924,2023,3,Q1,Mar,Garden Animal Moulds,1,1,516697
INV-01924,2023,3,Q1,Mar,Temple Items,1,0,516697
INV-01937,2023,3,Q1,Mar,Flower Pots,5,1,516697
INV-01937,2023,3,Q1,Mar,Garden Animal Moulds,2,1,516697
INV-01969,2023,3,Q1,Mar,Chemical Proof Tanks,1,1,516697
INV-01951,2023,3,Q1,Mar,Flower Pots,28,1,516697
INV-01951,2023,3,Q1,Mar,Garden Animal Moulds,1,1,516697
INV-01953,2023,3,Q1,Mar,Kanu Moulds,1,1,516697
INV-01957,2023,3,Q1,Mar,Kanu Moulds,2,1,516697
INV-01972,2023,3,Q1,Mar,Kalugal Moulds,3,1,516697
INV-01972,2023,3,Q1,Mar,Slab Moulds,1,1,516697
INV-01972,2023,3,Q1,Mar,Silparan Kota,7,1,516697
INV-01972,2023,3,Q1,Mar,Water Proof Tanks,1,1,516697
INV-01949,2023,3,Q1,Mar,Roofing Sheets,1,1,516697
INV-01963,2023,3,Q1,Mar,Silparan Kota,2,1,516697
INV-01971,2023,3,Q1,Mar,Silparan Kota,3,1,516697
INV-01927,2023,3,Q1,Mar,Silparan Kota,1,1,516697
INV-01927,2023,3,Q1,Mar,Kanu Moulds,1,1,516697
INV-01952,2023,3,Q1,Mar,Water Proof Tanks,1,1,516697
INV-01952,2023,3,Q1,Mar,Chemical Proof Tanks,1,1,516697
INV-01968,2023,3,Q1,Mar,Flower Pots,1,1,516697
INV-01968,2023,3,Q1,Mar,Garden Animal Moulds,1,1,516697
INV-01923,2023,3,Q1,Mar,Interlock,1,1,516697
INV-01942,2023,3,Q1,Mar,Kalugal Moulds,1,1,516697
INV-01935,2023,3,Q1,Mar,Interlock,2,1,516697
INV-01955,2023,3,Q1,Mar,Loover,1,1,516697
INV-01956,2023,3,Q1,Mar,Water Proof Tanks,1,1,516697
INV-01956,2023,3,Q1,Mar,Chemical Proof Tanks,1,1,516697
INV-01939,2023,3,Q1,Mar,Flower Pots,19,1,516697
INV-01939,2023,3,Q1,Mar,Garden Animal Moulds,1,1,516697
INV-01917,2023,3,Q1,Mar,Tables and Benches,1,1,516697
INV-01917,2023,3,Q1,Mar,Garden Animal Moulds,1,1,516697
INV-01917,2023,3,Q1,Mar,Flower Pots,3,1,516697
INV-01919,2023,3,Q1,Mar,Garden Animal Moulds,1,1,516697
INV-01919,2023,3,Q1,Mar,Interlock,2,1,516697
INV-01919,2023,3,Q1,Mar,Flower Pots,3,1,516697
INV-01919,2023,3,Q1,Mar,Tables and Benches,1,1,516697
INV-01929,2023,3,Q1,Mar,Flower Pots,1,1,516697
INV-01948,2023,3,Q1,Mar,Interlock,1,1,516697
INV-01948,2023,3,Q1,Mar,Tables and Benches,1,1,516697
INV-01948,2023,3,Q1,Mar,Garden Animal Moulds,1,1,516697
INV-01948,2023,3,Q1,Mar,Flower Pots,3,1,516697
INV-01921,2023,3,Q1,Mar,Kanu Moulds,4,1,516697
INV-01958,2023,3,Q1,Mar,Slab Moulds,1,1,516697
INV-01958,2023,3,Q1,Mar,Kanu Moulds,1,1,516697
INV-01958,2023,3,Q1,Mar,Molding Pati,1,1,516697
INV-01958,2023,3,Q1,Mar,Kalugal Moulds,1,1,516697
INV-01961,2023,3,Q1,Mar,Tables and Benches,1,1,516697
INV-01964,2023,3,Q1,Mar,Garden Animal Moulds,1,1,516697
INV-01964,2023,3,Q1,Mar,Flower Pots,1,1,516697
INV-01964,2023,3,Q1,Mar,Tables and Benches,1,1,516697
INV-01922,2023,3,Q1,Mar,Slab Moulds,1,1,516697
INV-01922,2023,3,Q1,Mar,Kalugal Moulds,1,1,516697
INV-01922,2023,3,Q1,Mar,Beeralu Moulds,1,1,516697
INV-01960,2023,3,Q1,Mar,Doors,1,1,516697
INV-01960,2023,3,Q1,Mar,Loover,1,1,516697
INV-01934,2023,3,Q1,Mar,Loover,1,1,516697
INV-01940,2023,3,Q1,Mar,Garden Animal Moulds,1,1,516697
INV-01940,2023,3,Q1,Mar,Flower Pots,4,1,516697
INV-01940,2023,3,Q1,Mar,Interlock,1,1,516697
INV-01940,2023,3,Q1,Mar,Tables and Benches,1,1,516697
INV-01930,2023,3,Q1,Mar,Kanu Moulds,2,1,516697
INV-01930,2023,3,Q1,Mar,Silparan Kota,2,1,516697
INV-01930,2023,3,Q1,Mar,Beeralu Moulds,1,1,516697
INV-01938,2023,3,Q1,Mar,Beeralu Moulds,1,1,516697
INV-01938,2023,3,Q1,Mar,Kanu Moulds,1,1,516697
INV-01938,2023,3,Q1,Mar,Slab Moulds,1,1,516697
INV-01946,2023,3,Q1,Mar,Garden Animal Moulds,1,1,516697
INV-01946,2023,3,Q1,Mar,Flower Pots,20,1,516697
INV-01920,2023,3,Q1,Mar,Interlock,1,1,516697
INV-01933,2023,3,Q1,Mar,Garden Animal Moulds,1,1,516697
INV-01933,2023,3,Q1,Mar,Temple Items,1,0,516697
INV-01933,2023,3,Q1,Mar,Flower Pots,6,1,516697
INV-01933,2023,3,Q1,Mar,Roofing Sheets,1,1,516697
INV-01926,2023,3,Q1,Mar,Flower Pots,1,1,516697
INV-01926,2023,3,Q1,Mar,Garden Animal Moulds,1,1,516697
INV-01943,2023,3,Q1,Mar,Interlock,1,1,516697
INV-01959,2023,3,Q1,Mar,Kalugal Moulds,2,1,516697
INV-01959,2023,3,Q1,Mar,Slab Moulds,1,1,516697
INV-01944,2023,3,Q1,Mar,Kalugal Moulds,1,1,516697
INV-01916,2023,3,Q1,Mar,Kanu Moulds,1,1,516697
INV-02031,2023,4,Q2,Apr,Flower Pots,1,1,610674
INV-02031,2023,4,Q2,Apr,Temple Items,1,1,610674
INV-02019,2023,4,Q2,Apr,Garden Animal Moulds,1,1,610674
INV-02019,2023,4,Q2,Apr,Tables and Benches,1,1,610674
INV-02027,2023,4,Q2,Apr,Molding Pati,1,1,610674
INV-02027,2023,4,Q2,Apr,Beeralu Moulds,2,1,610674
INV-02027,2023,4,Q2,Apr,Silparan Kota,1,0,610674
INV-01984,2023,4,Q2,Apr,Interlock,1,1,610674
INV-01991,2023,4,Q2,Apr,Flower Pots,1,1,610674
INV-01991,2023,4,Q2,Apr,Garden Animal Moulds,2,1,610674
INV-01992,2023,4,Q2,Apr,Chemical Proof Tanks,1,1,610674
INV-01992,2023,4,Q2,Apr,Water Proof Tanks,1,1,610674
INV-02016,2023,4,Q2,Apr,Temple Items,1,1,610674
INV-02025,2023,4,Q2,Apr,Flower Pots,2,1,610674
INV-01980,2023,4,Q2,Apr,Molding Pati,52,1,610674
INV-01980,2023,4,Q2,Apr,Slab Moulds,8,1,610674
INV-02036,2023,4,Q2,Apr,Flower Pots,2,1,610674
INV-02036,2023,4,Q2,Apr,Tables and Benches,1,1,610674
INV-01976,2023,4,Q2,Apr,Tables and Benches,1,1,610674
INV-01976,2023,4,Q2,Apr,Interlock,1,1,610674
INV-01976,2023,4,Q2,Apr,Flower Pots,2,1,610674
INV-01976,2023,4,Q2,Apr,Garden Animal Moulds,3,1,610674
INV-01988,2023,4,Q2,Apr,Roofing Sheets,2,1,610674
INV-01988,2023,4,Q2,Apr,Loover,4,0,610674
INV-02011,2023,4,Q2,Apr,Beeralu Moulds,3,1,610674
INV-02011,2023,4,Q2,Apr,Molding Pati,1,1,610674
INV-02011,2023,4,Q2,Apr,Slab Moulds,1,1,610674
INV-02001,2023,4,Q2,Apr,Slab Moulds,1,1,610674
INV-02001,2023,4,Q2,Apr,Molding Pati,4,1,610674
INV-02012,2023,4,Q2,Apr,Slab Moulds,1,1,610674
INV-01993,2023,4,Q2,Apr,Beeralu Moulds,2,1,610674
INV-02013,2023,4,Q2,Apr,Bathik Tanks,1,0,610674
INV-02022,2023,4,Q2,Apr,Flower Pots,1,1,610674
INV-01985,2023,4,Q2,Apr,Tables and Benches,1,1,610674
INV-01985,2023,4,Q2,Apr,Flower Pots,1,1,610674
INV-01985,2023,4,Q2,Apr,Interlock,1,1,610674
INV-01985,2023,4,Q2,Apr,Doors,1,1,610674
INV-02005,2023,4,Q2,Apr,Kanu Moulds,1,1,610674
INV-02005,2023,4,Q2,Apr,Molding Pati,1,1,610674
INV-02008,2023,4,Q2,Apr,Kanu Moulds,1,1,610674
INV-02008,2023,4,Q2,Apr,Slab Moulds,1,1,610674
INV-01979,2023,4,Q2,Apr,Bathik Tanks,1,0,610674
INV-01979,2023,4,Q2,Apr,Water Proof Tanks,1,1,610674
INV-02003,2023,4,Q2,Apr,Silparan Kota,1,0,610674
INV-02003,2023,4,Q2,Apr,Beeralu Moulds,4,1,610674
INV-02003,2023,4,Q2,Apr,Kalugal Moulds,1,1,610674
INV-02015,2023,4,Q2,Apr,Temple Items,1,1,610674
INV-02015,2023,4,Q2,Apr,Garden Animal Moulds,1,1,610674
INV-02015,2023,4,Q2,Apr,Flower Pots,4,1,610674
INV-02038,2023,4,Q2,Apr,Slab Moulds,1,1,610674
INV-02038,2023,4,Q2,Apr,Beeralu Moulds,2,1,610674
INV-01982,2023,4,Q2,Apr,Interlock,1,1,610674
INV-01982,2023,4,Q2,Apr,Flower Pots,2,1,610674
INV-01982,2023,4,Q2,Apr,Garden Animal Moulds,1,1,610674
INV-02000,2023,4,Q2,Apr,Water Proof Tanks,1,1,610674
INV-02000,2023,4,Q2,Apr,Chemical Proof Tanks,1,1,610674
INV-02000,2023,4,Q2,Apr,Bathik Tanks,1,0,610674
INV-02024,2023,4,Q2,Apr,Kalugal Moulds,1,1,610674
INV-02024,2023,4,Q2,Apr,Molding Pati,1,1,610674
INV-01990,2023,4,Q2,Apr,Kanu Moulds,1,1,610674
INV-02026,2023,4,Q2,Apr,Garden Animal Moulds,2,1,610674
INV-02026,2023,4,Q2,Apr,Flower Pots,6,1,610674
INV-02026,2023,4,Q2,Apr,Temple Items,1,1,610674
INV-02037,2023,4,Q2,Apr,Tables and Benches,1,1,610674
INV-02037,2023,4,Q2,Apr,Flower Pots,5,1,610674
INV-01995,2023,4,Q2,Apr,Flower Pots,1,1,610674
INV-01995,2023,4,Q2,Apr,Interlock,1,1,610674
INV-01995,2023,4,Q2,Apr,Tables and Benches,1,1,610674
INV-02029,2023,4,Q2,Apr,Garden Animal Moulds,1,1,610674
INV-02029,2023,4,Q2,Apr,Temple Items,1,1,610674
INV-02029,2023,4,Q2,Apr,Flower Pots,2,1,610674
INV-02030,2023,4,Q2,Apr,Doors,1,1,610674
INV-02030,2023,4,Q2,Apr,Loover,1,0,610674
INV-01999,2023,4,Q2,Apr,Water Proof Tanks,1,1,610674
INV-02035,2023,4,Q2,Apr,Bathik Tanks,1,0,610674
INV-02035,2023,4,Q2,Apr,Water Proof Tanks,1,1,610674
INV-01977,2023,4,Q2,Apr,Garden Animal Moulds,1,1,610674
INV-01977,2023,4,Q2,Apr,Flower Pots,3,1,610674
INV-01983,2023,4,Q2,Apr,Beeralu Moulds,3,1,610674
INV-01983,2023,4,Q2,Apr,Kalugal Moulds,1,1,610674
INV-02007,2023,4,Q2,Apr,Beeralu Moulds,1,1,610674
INV-02034,2023,4,Q2,Apr,Molding Pati,1,1,610674
INV-01989,2023,4,Q2,Apr,Tables and Benches,1,1,610674
INV-01989,2023,4,Q2,Apr,Flower Pots,2,1,610674
INV-02009,2023,4,Q2,Apr,Doors,1,1,610674
INV-02032,2023,4,Q2,Apr,Flower Pots,1,1,610674
INV-02032,2023,4,Q2,Apr,Tables and Benches,1,1,610674
INV-02032,2023,4,Q2,Apr,Interlock,1,1,610674
INV-01978,2023,4,Q2,Apr,Doors,1,1,610674
INV-01978,2023,4,Q2,Apr,Roofing Sheets,1,1,610674
INV-01978,2023,4,Q2,Apr,Interlock,1,1,610674
INV-02020,2023,4,Q2,Apr,Slab Moulds,1,1,610674
INV-02020,2023,4,Q2,Apr,Molding Pati,1,1,610674
INV-02033,2023,4,Q2,Apr,Kalugal Moulds,1,1,610674
INV-02017,2023,4,Q2,Apr,Tables and Benches,1,1,610674
INV-02017,2023,4,Q2,Apr,Flower Pots,16,1,610674
INV-02004,2023,4,Q2,Apr,Flower Pots,1,1,610674
INV-02006,2023,4,Q2,Apr,Doors,1,1,610674
INV-02006,2023,4,Q2,Apr,Interlock,2,1,610674
INV-02010,2023,4,Q2,Apr,Flower Pots,18,1,610674
INV-02010,2023,4,Q2,Apr,Garden Animal Moulds,4,1,610674
INV-01981,2023,4,Q2,Apr,Water Proof Tanks,1,1,610674
INV-01981,2023,4,Q2,Apr,Chemical Proof Tanks,1,1,610674
INV-01996,2023,4,Q2,Apr,Beeralu Moulds,1,1,610674
INV-01996,2023,4,Q2,Apr,Kalugal Moulds,1,1,610674
INV-01996,2023,4,Q2,Apr,Slab Moulds,1,1,610674
INV-01997,2023,4,Q2,Apr,Interlock,1,1,610674
INV-01997,2023,4,Q2,Apr,Roofing Sheets,1,1,610674
INV-01997,2023,4,Q2,Apr,Doors,1,1,610674
INV-02018,2023,4,Q2,Apr,Molding Pati,3,1,610674
INV-02018,2023,4,Q2,Apr,Kalugal Moulds,1,1,610674
INV-02023,2023,4,Q2,Apr,Water Proof Tanks,1,1,610674
INV-01994,2023,4,Q2,Apr,Interlock,1,1,610674
INV-02002,2023,4,Q2,Apr,Garden Animal Moulds,1,1,610674
INV-02002,2023,4,Q2,Apr,Flower Pots,3,1,610674
INV-02002,2023,4,Q2,Apr,Tables and Benches,1,1,610674
INV-01987,2023,4,Q2,Apr,Doors,1,1,610674
INV-01987,2023,4,Q2,Apr,Interlock,1,1,610674
INV-02014,2023,4,Q2,Apr,Interlock,1,1,610674
INV-02014,2023,4,Q2,Apr,Garden Animal Moulds,1,1,610674
INV-02014,2023,4,Q2,Apr,Flower Pots,1,1,610674
INV-02014,2023,4,Q2,Apr,Tables and Benches,1,1,610674
INV-02028,2023,4,Q2,Apr,Water Proof Tanks,1,1,610674
INV-02028,2023,4,Q2,Apr,Chemical Proof Tanks,1,1,610674
INV-02028,2023,4,Q2,Apr,Bathik Tanks,1,0,610674
INV-01998,2023,4,Q2,Apr,Garden Animal Moulds,1,1,610674
INV-01998,2023,4,Q2,Apr,Flower Pots,9,1,610674
INV-02021,2023,4,Q2,Apr,Garden Animal Moulds,1,1,610674
INV-02021,2023,4,Q2,Apr,Temple Items,1,1,610674
INV-01986,2023,4,Q2,Apr,Slab Moulds,1,1,610674
INV-01986,2023,4,Q2,Apr,Kalugal Moulds,1,1,610674
INV-02045,2023,5,Q2,May,Garden Animal Moulds,1,1,579732
INV-02045,2023,5,Q2,May,Interlock,1,1,579732
INV-02056,2023,5,Q2,May,Water Proof Tanks,1,1,579732
INV-02051,2023,5,Q2,May,Chemical Proof Tanks,1,0,579732
INV-02051,2023,5,Q2,May,Water Proof Tanks,1,1,579732
INV-02051,2023,5,Q2,May,Bathik Tanks,1,0,579732
INV-02068,2023,5,Q2,May,Kanu Moulds,1,1,579732
INV-02068,2023,5,Q2,May,Kalugal Moulds,1,1,579732
INV-02068,2023,5,Q2,May,Slab Moulds,1,1,579732
INV-02082,2023,5,Q2,May,Garden Animal Moulds,1,1,579732
INV-02082,2023,5,Q2,May,Interlock,1,1,579732
INV-02079,2023,5,Q2,May,Garden Animal Moulds,2,1,579732
INV-02079,2023,5,Q2,May,Temple Items,1,0,579732
INV-02046,2023,5,Q2,May,Roofing Sheets,1,0,579732
INV-02046,2023,5,Q2,May,Interlock,1,1,579732
INV-02083,2023,5,Q2,May,Doors,1,0,579732
INV-02043,2023,5,Q2,May,Kanu Moulds,3,1,579732
INV-02043,2023,5,Q2,May,Kalugal Moulds,1,1,579732
INV-02043,2023,5,Q2,May,Silparan Kota,1,0,579732
INV-02043,2023,5,Q2,May,Beeralu Moulds,2,0,579732
INV-02058,2023,5,Q2,May,Water Proof Tanks,1,1,579732
INV-02058,2023,5,Q2,May,Chemical Proof Tanks,1,0,579732
INV-02058,2023,5,Q2,May,Bathik Tanks,1,0,579732
INV-02078,2023,5,Q2,May,Water Proof Tanks,1,1,579732
INV-02078,2023,5,Q2,May,Bathik Tanks,1,0,579732
INV-02076,2023,5,Q2,May,Garden Animal Moulds,1,1,579732
INV-02085,2023,5,Q2,May,Interlock,2,1,579732
INV-02069,2023,5,Q2,May,Slab Moulds,1,1,579732
INV-02069,2023,5,Q2,May,Molding Pati,3,0,579732
INV-02054,2023,5,Q2,May,Kanu Moulds,1,1,579732
INV-02054,2023,5,Q2,May,Beeralu Moulds,2,0,579732
INV-02050,2023,5,Q2,May,Loover,1,0,579732
INV-02050,2023,5,Q2,May,Doors,1,0,579732
INV-02050,2023,5,Q2,May,Interlock,1,1,579732
INV-02050,2023,5,Q2,May,Roofing Sheets,1,0,579732
INV-02063,2023,5,Q2,May,Water Proof Tanks,1,1,579732
INV-02063,2023,5,Q2,May,Chemical Proof Tanks,1,0,579732
INV-02067,2023,5,Q2,May,Water Proof Tanks,1,1,579732
INV-02067,2023,5,Q2,May,Chemical Proof Tanks,1,0,579732
INV-02067,2023,5,Q2,May,Kalugal Moulds,1,1,579732
INV-02071,2023,5,Q2,May,Doors,1,0,579732
INV-02071,2023,5,Q2,May,Interlock,1,1,579732
INV-02071,2023,5,Q2,May,Temple Items,1,0,579732
INV-02066,2023,5,Q2,May,Garden Animal Moulds,2,1,579732
INV-02053,2023,5,Q2,May,Silparan Kota,1,0,579732
INV-02074,2023,5,Q2,May,Interlock,1,1,579732
INV-02052,2023,5,Q2,May,Kalugal Moulds,1,1,579732
INV-02052,2023,5,Q2,May,Silparan Kota,1,0,579732
INV-02080,2023,5,Q2,May,Silparan Kota,1,0,579732
INV-02047,2023,5,Q2,May,Kanu Moulds,1,1,579732
INV-02047,2023,5,Q2,May,Kalugal Moulds,1,1,579732
INV-02047,2023,5,Q2,May,Slab Moulds,1,1,579732
INV-02042,2023,5,Q2,May,Water Proof Tanks,1,1,579732
INV-02042,2023,5,Q2,May,Chemical Proof Tanks,1,0,579732
INV-02042,2023,5,Q2,May,Bathik Tanks,1,0,579732
INV-02042,2023,5,Q2,May,Molding Pati,2,0,579732
INV-02049,2023,5,Q2,May,Garden Animal Moulds,1,1,579732
INV-02049,2023,5,Q2,May,Tables and Benches,1,1,579732
INV-02049,2023,5,Q2,May,Flower Pots,1,1,579732
INV-02039,2023,5,Q2,May,Garden Animal Moulds,3,1,579732
INV-02039,2023,5,Q2,May,Interlock,11,1,579732
INV-02039,2023,5,Q2,May,Flower Pots,18,1,579732
INV-02039,2023,5,Q2,May,Tables and Benches,1,1,579732
INV-02059,2023,5,Q2,May,Garden Animal Moulds,1,1,579732
INV-02059,2023,5,Q2,May,Interlock,1,1,579732
INV-02064,2023,5,Q2,May,Flower Pots,12,1,579732
INV-02064,2023,5,Q2,May,Tables and Benches,1,1,579732
INV-02065,2023,5,Q2,May,Interlock,2,1,579732
INV-02065,2023,5,Q2,May,Roofing Sheets,5,0,579732
INV-02065,2023,5,Q2,May,Loover,2,0,579732
INV-02040,2023,5,Q2,May,Chemical Proof Tanks,1,0,579732
INV-02040,2023,5,Q2,May,Bathik Tanks,1,0,579732
INV-02061,2023,5,Q2,May,Bathik Tanks,1,0,579732
INV-02070,2023,5,Q2,May,Flower Pots,6,1,579732
INV-02041,2023,5,Q2,May,Water Proof Tanks,1,1,579732
INV-02041,2023,5,Q2,May,Bathik Tanks,1,0,579732
INV-02041,2023,5,Q2,May,Chemical Proof Tanks,1,0,579732
INV-02044,2023,5,Q2,May,Water Proof Tanks,1,1,579732
INV-02044,2023,5,Q2,May,Chemical Proof Tanks,1,0,579732
INV-02062,2023,5,Q2,May,Kalugal Moulds,1,1,579732
INV-02062,2023,5,Q2,May,Kanu Moulds,11,1,579732
INV-02062,2023,5,Q2,May,Silparan Kota,5,0,579732
INV-02062,2023,5,Q2,May,Molding Pati,1,0,579732
INV-02073,2023,5,Q2,May,Flower Pots,2,1,579732
INV-02073,2023,5,Q2,May,Tables and Benches,1,1,579732
INV-02077,2023,5,Q2,May,Flower Pots,1,1,579732
INV-02077,2023,5,Q2,May,Garden Animal Moulds,1,1,579732
INV-02077,2023,5,Q2,May,Temple Items,2,0,579732
INV-02060,2023,5,Q2,May,Flower Pots,2,1,579732
INV-02072,2023,5,Q2,May,Garden Animal Moulds,2,1,579732
INV-02072,2023,5,Q2,May,Tables and Benches,2,1,579732
INV-02072,2023,5,Q2,May,Interlock,1,1,579732
INV-02081,2023,5,Q2,May,Temple Items,1,0,579732
INV-02081,2023,5,Q2,May,Garden Animal Moulds,2,1,579732
INV-02048,2023,5,Q2,May,Kalugal Moulds,1,1,579732
INV-02057,2023,5,Q2,May,Kanu Moulds,1,1,579732
INV-02057,2023,5,Q2,May,Slab Moulds,1,1,579732
INV-02057,2023,5,Q2,May,Kalugal Moulds,5,1,579732
INV-02057,2023,5,Q2,May,Silparan Kota,10,0,579732
INV-02075,2023,5,Q2,May,Garden Animal Moulds,1,1,579732
INV-02084,2023,5,Q2,May,Bathik Tanks,1,0,579732
INV-02055,2023,5,Q2,May,Flower Pots,1,1,579732
INV-02055,2023,5,Q2,May,Garden Animal Moulds,1,1,579732
INV-02087,2023,6,Q2,Jun,Interlock,1,1,456585
INV-02087,2023,6,Q2,Jun,Doors,1,0,456585
INV-02100,2023,6,Q2,Jun,Water Proof Tanks,1,0,456585
INV-02100,2023,6,Q2,Jun,Chemical Proof Tanks,1,0,456585
INV-02100,2023,6,Q2,Jun,Bathik Tanks,1,0,456585
INV-02100,2023,6,Q2,Jun,Doors,1,0,456585
INV-02121,2023,6,Q2,Jun,Molding Pati,1,0,456585
INV-02121,2023,6,Q2,Jun,Slab Moulds,1,0,456585
INV-02128,2023,6,Q2,Jun,Interlock,1,1,456585
INV-02136,2023,6,Q2,Jun,Doors,1,0,456585
INV-02136,2023,6,Q2,Jun,Loover,1,0,456585
INV-02136,2023,6,Q2,Jun,Roofing Sheets,1,0,456585
INV-02122,2023,6,Q2,Jun,Water Proof Tanks,1,0,456585
INV-02086,2023,6,Q2,Jun,Beeralu Moulds,2,0,456585
INV-02086,2023,6,Q2,Jun,Kanu Moulds,1,0,456585
INV-02086,2023,6,Q2,Jun,Kalugal Moulds,1,0,456585
INV-02086,2023,6,Q2,Jun,Chemical Proof Tanks,1,0,456585
INV-02109,2023,6,Q2,Jun,Garden Animal Moulds,1,1,456585
INV-02109,2023,6,Q2,Jun,Temple Items,1,0,456585
INV-02109,2023,6,Q2,Jun,Flower Pots,3,0,456585
INV-02117,2023,6,Q2,Jun,Doors,1,0,456585
INV-02120,2023,6,Q2,Jun,Silparan Kota,1,0,456585
INV-02138,2023,6,Q2,Jun,Beeralu Moulds,1,0,456585
INV-02138,2023,6,Q2,Jun,Silparan Kota,1,0,456585
INV-02106,2023,6,Q2,Jun,Loover,1,0,456585
INV-02112,2023,6,Q2,Jun,Slab Moulds,3,0,456585
INV-02112,2023,6,Q2,Jun,Silparan Kota,2,0,456585
INV-02112,2023,6,Q2,Jun,Kanu Moulds,1,0,456585
INV-02124,2023,6,Q2,Jun,Kalugal Moulds,1,0,456585
INV-02124,2023,6,Q2,Jun,Beeralu Moulds,1,0,456585
INV-02099,2023,6,Q2,Jun,Interlock,2,1,456585
INV-02099,2023,6,Q2,Jun,Tables and Benches,1,0,456585
INV-02111,2023,6,Q2,Jun,Interlock,1,1,456585
INV-02111,2023,6,Q2,Jun,Doors,1,0,456585
INV-02119,2023,6,Q2,Jun,Garden Animal Moulds,1,1,456585
INV-02119,2023,6,Q2,Jun,Temple Items,1,0,456585
INV-02119,2023,6,Q2,Jun,Flower Pots,7,0,456585
INV-02130,2023,6,Q2,Jun,Kanu Moulds,2,0,456585
INV-02096,2023,6,Q2,Jun,Bathik Tanks,1,0,456585
INV-02096,2023,6,Q2,Jun,Chemical Proof Tanks,1,0,456585
INV-02126,2023,6,Q2,Jun,Flower Pots,3,0,456585
INV-02126,2023,6,Q2,Jun,Garden Animal Moulds,1,1,456585
INV-02126,2023,6,Q2,Jun,Temple Items,2,0,456585
INV-02139,2023,6,Q2,Jun,Garden Animal Moulds,1,1,456585
INV-02139,2023,6,Q2,Jun,Temple Items,1,0,456585
INV-02107,2023,6,Q2,Jun,Molding Pati,1,0,456585
INV-02107,2023,6,Q2,Jun,Kalugal Moulds,1,0,456585
INV-02127,2023,6,Q2,Jun,Doors,1,0,456585
INV-02127,2023,6,Q2,Jun,Roofing Sheets,1,0,456585
INV-02127,2023,6,Q2,Jun,Interlock,1,1,456585
INV-02127,2023,6,Q2,Jun,Loover,1,0,456585
INV-02110,2023,6,Q2,Jun,Interlock,1,1,456585
INV-02110,2023,6,Q2,Jun,Doors,1,0,456585
INV-02133,2023,6,Q2,Jun,Interlock,1,1,456585
INV-02105,2023,6,Q2,Jun,Chemical Proof Tanks,1,0,456585
INV-02105,2023,6,Q2,Jun,Bathik Tanks,1,0,456585
INV-02105,2023,6,Q2,Jun,Water Proof Tanks,1,0,456585
INV-02116,2023,6,Q2,Jun,Interlock,4,1,456585
INV-02116,2023,6,Q2,Jun,Garden Animal Moulds,3,1,456585
INV-02091,2023,6,Q2,Jun,Kalugal Moulds,3,0,456585
INV-02091,2023,6,Q2,Jun,Silparan Kota,41,0,456585
INV-02091,2023,6,Q2,Jun,Slab Moulds,1,0,456585
INV-02098,2023,6,Q2,Jun,Garden Animal Moulds,1,1,456585
INV-02089,2023,6,Q2,Jun,Silparan Kota,62,0,456585
INV-02089,2023,6,Q2,Jun,Slab Moulds,1,0,456585
INV-02089,2023,6,Q2,Jun,Kalugal Moulds,1,0,456585
INV-02089,2023,6,Q2,Jun,Flower Pots,5,0,456585
INV-02102,2023,6,Q2,Jun,Chemical Proof Tanks,1,0,456585
INV-02104,2023,6,Q2,Jun,Silparan Kota,1,0,456585
INV-02125,2023,6,Q2,Jun,Kalugal Moulds,1,0,456585
INV-02125,2023,6,Q2,Jun,Silparan Kota,1,0,456585
INV-02095,2023,6,Q2,Jun,Slab Moulds,1,0,456585
INV-02090,2023,6,Q2,Jun,Chemical Proof Tanks,1,0,456585
INV-02097,2023,6,Q2,Jun,Garden Animal Moulds,1,1,456585
INV-02097,2023,6,Q2,Jun,Flower Pots,1,0,456585
INV-02097,2023,6,Q2,Jun,Interlock,1,1,456585
INV-02097,2023,6,Q2,Jun,Doors,1,0,456585
INV-02108,2023,6,Q2,Jun,Doors,1,0,456585
INV-02108,2023,6,Q2,Jun,Interlock,1,1,456585
INV-02108,2023,6,Q2,Jun,Roofing Sheets,1,0,456585
INV-02131,2023,6,Q2,Jun,Garden Animal Moulds,1,1,456585
INV-02093,2023,6,Q2,Jun,Flower Pots,2,0,456585
INV-02093,2023,6,Q2,Jun,Interlock,3,1,456585
INV-02094,2023,6,Q2,Jun,Interlock,1,1,456585
INV-02094,2023,6,Q2,Jun,Roofing Sheets,1,0,456585
INV-02118,2023,6,Q2,Jun,Interlock,1,1,456585
INV-02118,2023,6,Q2,Jun,Garden Animal Moulds,1,1,456585
INV-02140,2023,6,Q2,Jun,Kanu Moulds,1,0,456585
INV-02114,2023,6,Q2,Jun,Bathik Tanks,1,0,456585
INV-02092,2023,6,Q2,Jun,Roofing Sheets,1,0,456585
INV-02123,2023,6,Q2,Jun,Bathik Tanks,1,0,456585
INV-02123,2023,6,Q2,Jun,Water Proof Tanks,1,0,456585
INV-02123,2023,6,Q2,Jun,Chemical Proof Tanks,1,0,456585
INV-02115,2023,6,Q2,Jun,Slab Moulds,2,0,456585
INV-02115,2023,6,Q2,Jun,Molding Pati,1,0,456585
INV-02129,2023,6,Q2,Jun,Silparan Kota,1,0,456585
INV-02134,2023,6,Q2,Jun,Doors,1,0,456585
INV-02135,2023,6,Q2,Jun,Interlock,1,1,456585
INV-02137,2023,6,Q2,Jun,Chemical Proof Tanks,1,0,456585
INV-02137,2023,6,Q2,Jun,Water Proof Tanks,1,0,456585
INV-02137,2023,6,Q2,Jun,Bathik Tanks,1,0,456585
INV-02088,2023,6,Q2,Jun,Interlock,1,1,456585
INV-02088,2023,6,Q2,Jun,Garden Animal Moulds,1,1,456585
INV-02101,2023,6,Q2,Jun,Garden Animal Moulds,1,1,456585
INV-02101,2023,6,Q2,Jun,Interlock,1,1,456585
INV-02101,2023,6,Q2,Jun,Tables and Benches,1,0,456585
INV-02132,2023,6,Q2,Jun,Chemical Proof Tanks,1,0,456585
INV-02132,2023,6,Q2,Jun,Bathik Tanks,1,0,456585
INV-02103,2023,6,Q2,Jun,Interlock,2,1,456585
INV-02103,2023,6,Q2,Jun,Loover,1,0,456585
INV-02103,2023,6,Q2,Jun,Roofing Sheets,1,0,456585
INV-02103,2023,6,Q2,Jun,Doors,1,0,456585
INV-02113,2023,6,Q2,Jun,Interlock,1,1,456585
INV-02113,2023,6,Q2,Jun,Flower Pots,4,0,456585
INV-02113,2023,6,Q2,Jun,Tables and Benches,1,0,456585
INV-02141,2023,6,Q2,Jun,Beeralu Moulds,2,0,456585
INV-02141,2023,6,Q2,Jun,Silparan Kota,5,0,456585
INV-02148,2023,7,Q3,Jul,Tables and Benches,1,0,267989
INV-02148,2023,7,Q3,Jul,Garden Animal Moulds,1,0,267989
INV-02148,2023,7,Q3,Jul,Flower Pots,6,0,267989
INV-02151,2023,7,Q3,Jul,Tables and Benches,1,0,267989
INV-02144,2023,7,Q3,Jul,Temple Items,1,1,267989
INV-02144,2023,7,Q3,Jul,Flower Pots,1,0,267989
INV-02176,2023,7,Q3,Jul,Beeralu Moulds,1,0,267989
INV-02176,2023,7,Q3,Jul,Molding Pati,3,0,267989
INV-02176,2023,7,Q3,Jul,Kalugal Moulds,1,0,267989
INV-02161,2023,7,Q3,Jul,Kanu Moulds,1,0,267989
INV-02178,2023,7,Q3,Jul,Molding Pati,1,0,267989
INV-02178,2023,7,Q3,Jul,Slab Moulds,1,0,267989
INV-02165,2023,7,Q3,Jul,Garden Animal Moulds,1,0,267989
INV-02165,2023,7,Q3,Jul,Tables and Benches,1,0,267989
INV-02174,2023,7,Q3,Jul,Garden Animal Moulds,1,0,267989
INV-02179,2023,7,Q3,Jul,Tables and Benches,1,0,267989
INV-02150,2023,7,Q3,Jul,Interlock,1,0,267989
INV-02154,2023,7,Q3,Jul,Water Proof Tanks,1,0,267989
INV-02158,2023,7,Q3,Jul,Kanu Moulds,9,0,267989
INV-02158,2023,7,Q3,Jul,Silparan Kota,1,0,267989
INV-02158,2023,7,Q3,Jul,Molding Pati,5,0,267989
INV-02173,2023,7,Q3,Jul,Bathik Tanks,1,0,267989
INV-02147,2023,7,Q3,Jul,Water Proof Tanks,1,0,267989
INV-02160,2023,7,Q3,Jul,Beeralu Moulds,1,0,267989
INV-02160,2023,7,Q3,Jul,Kalugal Moulds,1,0,267989
INV-02160,2023,7,Q3,Jul,Silparan Kota,2,0,267989
INV-02160,2023,7,Q3,Jul,Slab Moulds,1,0,267989
INV-02145,2023,7,Q3,Jul,Kalugal Moulds,1,0,267989
INV-02145,2023,7,Q3,Jul,Slab Moulds,1,0,267989
INV-02170,2023,7,Q3,Jul,Water Proof Tanks,1,0,267989
INV-02170,2023,7,Q3,Jul,Bathik Tanks,1,0,267989
INV-02149,2023,7,Q3,Jul,Loover,1,0,267989
INV-02156,2023,7,Q3,Jul,Kanu Moulds,1,0,267989
INV-02156,2023,7,Q3,Jul,Molding Pati,1,0,267989
INV-02156,2023,7,Q3,Jul,Kalugal Moulds,1,0,267989
INV-02168,2023,7,Q3,Jul,Temple Items,1,1,267989
INV-02168,2023,7,Q3,Jul,Flower Pots,4,0,267989
INV-02171,2023,7,Q3,Jul,Chemical Proof Tanks,1,0,267989
INV-02171,2023,7,Q3,Jul,Water Proof Tanks,1,0,267989
INV-02155,2023,7,Q3,Jul,Kanu Moulds,1,0,267989
INV-02155,2023,7,Q3,Jul,Kalugal Moulds,1,0,267989
INV-02157,2023,7,Q3,Jul,Slab Moulds,1,0,267989
INV-02163,2023,7,Q3,Jul,Flower Pots,6,0,267989
INV-02164,2023,7,Q3,Jul,Kanu Moulds,1,0,267989
INV-02164,2023,7,Q3,Jul,Beeralu Moulds,1,0,267989
INV-02164,2023,7,Q3,Jul,Kalugal Moulds,1,0,267989
INV-02152,2023,7,Q3,Jul,Roofing Sheets,1,0,267989
INV-02152,2023,7,Q3,Jul,Doors,1,0,267989
INV-02152,2023,7,Q3,Jul,Loover,1,0,267989
INV-02152,2023,7,Q3,Jul,Interlock,3,0,267989
INV-02142,2023,7,Q3,Jul,Flower Pots,1,0,267989
INV-02162,2023,7,Q3,Jul,Roofing Sheets,1,0,267989
INV-02159,2023,7,Q3,Jul,Kanu Moulds,1,0,267989
INV-02153,2023,7,Q3,Jul,Slab Moulds,1,0,267989
INV-02177,2023,7,Q3,Jul,Kanu Moulds,1,0,267989
INV-02146,2023,7,Q3,Jul,Roofing Sheets,2,0,267989
INV-02146,2023,7,Q3,Jul,Interlock,1,0,267989
INV-02169,2023,7,Q3,Jul,Kalugal Moulds,1,0,267989
INV-02169,2023,7,Q3,Jul,Beeralu Moulds,2,0,267989
INV-02166,2023,7,Q3,Jul,Temple Items,1,1,267989
INV-02166,2023,7,Q3,Jul,Garden Animal Moulds,2,0,267989
INV-02166,2023,7,Q3,Jul,Flower Pots,1,0,267989
INV-02167,2023,7,Q3,Jul,Kalugal Moulds,1,0,267989
INV-02143,2023,7,Q3,Jul,Silparan Kota,1,0,267989
INV-02143,2023,7,Q3,Jul,Kalugal Moulds,2,0,267989
INV-02143,2023,7,Q3,Jul,Kanu Moulds,1,0,267989
INV-02143,2023,7,Q3,Jul,Roofing Sheets,1,0,267989
INV-02172,2023,7,Q3,Jul,Kanu Moulds,3,0,267989
INV-02172,2023,7,Q3,Jul,Slab Moulds,1,0,267989
INV-02175,2023,7,Q3,Jul,Interlock,2,0,267989
INV-02175,2023,7,Q3,Jul,Loover,3,0,267989
INV-02175,2023,7,Q3,Jul,Garden Animal Moulds,1,0,267989
INV-02221,2023,8,Q3,Aug,Water Proof Tanks,1,0,652406
INV-02221,2023,8,Q3,Aug,Bathik Tanks,1,0,652406
INV-02221,2023,8,Q3,Aug,Chemical Proof Tanks,1,0,652406
INV-02180,2023,8,Q3,Aug,Roofing Sheets,1,0,652406
INV-02180,2023,8,Q3,Aug,Doors,1,0,652406
INV-02180,2023,8,Q3,Aug,Interlock,3,0,652406
INV-02180,2023,8,Q3,Aug,Loover,1,0,652406
INV-02183,2023,8,Q3,Aug,Roofing Sheets,1,0,652406
INV-02183,2023,8,Q3,Aug,Loover,1,0,652406
INV-02183,2023,8,Q3,Aug,Doors,1,0,652406
INV-02186,2023,8,Q3,Aug,Molding Pati,1,0,652406
INV-02217,2023,8,Q3,Aug,Flower Pots,2,0,652406
INV-02217,2023,8,Q3,Aug,Garden Animal Moulds,1,0,652406
INV-02225,2023,8,Q3,Aug,Interlock,1,0,652406
INV-02196,2023,8,Q3,Aug,Beeralu Moulds,1,0,652406
INV-02236,2023,8,Q3,Aug,Kanu Moulds,1,0,652406
INV-02182,2023,8,Q3,Aug,Garden Animal Moulds,1,0,652406
INV-02205,2023,8,Q3,Aug,Interlock,1,0,652406
INV-02205,2023,8,Q3,Aug,Flower Pots,12,0,652406
INV-02205,2023,8,Q3,Aug,Tables and Benches,1,0,652406
INV-02226,2023,8,Q3,Aug,Garden Animal Moulds,1,0,652406
INV-02226,2023,8,Q3,Aug,Flower Pots,2,0,652406
INV-02181,2023,8,Q3,Aug,Beeralu Moulds,1,0,652406
INV-02199,2023,8,Q3,Aug,Roofing Sheets,1,0,652406
INV-02199,2023,8,Q3,Aug,Interlock,1,0,652406
INV-02198,2023,8,Q3,Aug,Tables and Benches,1,0,652406
INV-02198,2023,8,Q3,Aug,Interlock,1,0,652406
INV-02220,2023,8,Q3,Aug,Roofing Sheets,1,0,652406
INV-02220,2023,8,Q3,Aug,Interlock,1,0,652406
INV-02220,2023,8,Q3,Aug,Doors,1,0,652406
INV-02220,2023,8,Q3,Aug,Loover,2,0,652406
INV-02215,2023,8,Q3,Aug,Tables and Benches,1,0,652406
INV-02215,2023,8,Q3,Aug,Garden Animal Moulds,2,0,652406
INV-02215,2023,8,Q3,Aug,Flower Pots,2,0,652406
INV-02215,2023,8,Q3,Aug,Interlock,1,0,652406
INV-02219,2023,8,Q3,Aug,Molding Pati,2,0,652406
INV-02219,2023,8,Q3,Aug,Slab Moulds,1,0,652406
INV-02219,2023,8,Q3,Aug,Kalugal Moulds,1,0,652406
INV-02210,2023,8,Q3,Aug,Interlock,1,0,652406
INV-02210,2023,8,Q3,Aug,Roofing Sheets,1,0,652406
INV-02191,2023,8,Q3,Aug,Flower Pots,3,0,652406
INV-02191,2023,8,Q3,Aug,Garden Animal Moulds,3,0,652406
INV-02191,2023,8,Q3,Aug,Tables and Benches,1,0,652406
INV-02184,2023,8,Q3,Aug,Garden Animal Moulds,1,0,652406
INV-02184,2023,8,Q3,Aug,Interlock,1,0,652406
INV-02184,2023,8,Q3,Aug,Flower Pots,1,0,652406
INV-02229,2023,8,Q3,Aug,Interlock,1,0,652406
INV-02229,2023,8,Q3,Aug,Doors,1,0,652406
INV-02229,2023,8,Q3,Aug,Roofing Sheets,1,0,652406
INV-02229,2023,8,Q3,Aug,Loover,1,0,652406
INV-02190,2023,8,Q3,Aug,Bathik Tanks,1,0,652406
INV-02190,2023,8,Q3,Aug,Chemical Proof Tanks,1,0,652406
INV-02190,2023,8,Q3,Aug,Water Proof Tanks,1,0,652406
INV-02216,2023,8,Q3,Aug,Slab Moulds,1,0,652406
INV-02197,2023,8,Q3,Aug,Garden Animal Moulds,1,0,652406
INV-02197,2023,8,Q3,Aug,Interlock,1,0,652406
INV-02218,2023,8,Q3,Aug,Chemical Proof Tanks,1,0,652406
INV-02218,2023,8,Q3,Aug,Bathik Tanks,1,0,652406
INV-02218,2023,8,Q3,Aug,Water Proof Tanks,2,0,652406
INV-02218,2023,8,Q3,Aug,Molding Pati,13,0,652406
INV-02201,2023,8,Q3,Aug,Water Proof Tanks,1,0,652406
INV-02201,2023,8,Q3,Aug,Chemical Proof Tanks,1,0,652406
INV-02201,2023,8,Q3,Aug,Bathik Tanks,1,0,652406
INV-02206,2023,8,Q3,Aug,Garden Animal Moulds,1,0,652406
INV-02206,2023,8,Q3,Aug,Tables and Benches,1,0,652406
INV-02206,2023,8,Q3,Aug,Flower Pots,4,0,652406
INV-02223,2023,8,Q3,Aug,Kalugal Moulds,2,0,652406
INV-02200,2023,8,Q3,Aug,Garden Animal Moulds,2,0,652406
INV-02200,2023,8,Q3,Aug,Interlock,1,0,652406
INV-02200,2023,8,Q3,Aug,Tables and Benches,1,0,652406
INV-02200,2023,8,Q3,Aug,Loover,1,0,652406
INV-02203,2023,8,Q3,Aug,Bathik Tanks,1,0,652406
INV-02203,2023,8,Q3,Aug,Chemical Proof Tanks,1,0,652406
INV-02203,2023,8,Q3,Aug,Water Proof Tanks,1,0,652406
INV-02213,2023,8,Q3,Aug,Flower Pots,1,0,652406
INV-02213,2023,8,Q3,Aug,Interlock,1,0,652406
INV-02227,2023,8,Q3,Aug,Roofing Sheets,1,0,652406
INV-02233,2023,8,Q3,Aug,Bathik Tanks,1,0,652406
INV-02233,2023,8,Q3,Aug,Water Proof Tanks,1,0,652406
INV-02185,2023,8,Q3,Aug,Doors,1,0,652406
INV-02185,2023,8,Q3,Aug,Interlock,1,0,652406
INV-02194,2023,8,Q3,Aug,Roofing Sheets,1,0,652406
INV-02194,2023,8,Q3,Aug,Loover,1,0,652406
INV-02208,2023,8,Q3,Aug,Chemical Proof Tanks,1,0,652406
INV-02208,2023,8,Q3,Aug,Water Proof Tanks,1,0,652406
INV-02234,2023,8,Q3,Aug,Interlock,1,0,652406
INV-02207,2023,8,Q3,Aug,Kanu Moulds,2,0,652406
INV-02207,2023,8,Q3,Aug,Silparan Kota,1,0,652406
INV-02187,2023,8,Q3,Aug,Slab Moulds,1,0,652406
INV-02187,2023,8,Q3,Aug,Beeralu Moulds,1,0,652406
INV-02204,2023,8,Q3,Aug,Beeralu Moulds,1,0,652406
INV-02204,2023,8,Q3,Aug,Silparan Kota,1,0,652406
INV-02222,2023,8,Q3,Aug,Silparan Kota,1,0,652406
INV-02195,2023,8,Q3,Aug,Kalugal Moulds,1,0,652406
INV-02195,2023,8,Q3,Aug,Kanu Moulds,3,0,652406
INV-02195,2023,8,Q3,Aug,Slab Moulds,2,0,652406
INV-02195,2023,8,Q3,Aug,Silparan Kota,9,0,652406
INV-02202,2023,8,Q3,Aug,Doors,1,0,652406
INV-02202,2023,8,Q3,Aug,Interlock,2,0,652406
INV-02202,2023,8,Q3,Aug,Loover,1,0,652406
INV-02212,2023,8,Q3,Aug,Kanu Moulds,2,0,652406
INV-02212,2023,8,Q3,Aug,Molding Pati,1,0,652406
INV-02230,2023,8,Q3,Aug,Flower Pots,10,0,652406
INV-02230,2023,8,Q3,Aug,Temple Items,1,0,652406
INV-02230,2023,8,Q3,Aug,Garden Animal Moulds,1,0,652406
INV-02235,2023,8,Q3,Aug,Interlock,1,0,652406
INV-02211,2023,8,Q3,Aug,Loover,1,0,652406
INV-02214,2023,8,Q3,Aug,Kanu Moulds,1,0,652406
INV-02214,2023,8,Q3,Aug,Kalugal Moulds,1,0,652406
INV-02214,2023,8,Q3,Aug,Silparan Kota,5,0,652406
INV-02193,2023,8,Q3,Aug,Interlock,1,0,652406
INV-02228,2023,8,Q3,Aug,Silparan Kota,1,0,652406
INV-02228,2023,8,Q3,Aug,Slab Moulds,1,0,652406
INV-02231,2023,8,Q3,Aug,Tables and Benches,1,0,652406
INV-02231,2023,8,Q3,Aug,Flower Pots,1,0,652406
INV-02232,2023,8,Q3,Aug,Garden Animal Moulds,1,0,652406
INV-02232,2023,8,Q3,Aug,Interlock,1,0,652406
INV-02232,2023,8,Q3,Aug,Flower Pots,6,0,652406
INV-02232,2023,8,Q3,Aug,Tables and Benches,1,0,652406
INV-02192,2023,8,Q3,Aug,Garden Animal Moulds,1,0,652406
INV-02192,2023,8,Q3,Aug,Interlock,3,0,652406
INV-02209,2023,8,Q3,Aug,Kanu Moulds,1,0,652406
INV-02209,2023,8,Q3,Aug,Kalugal Moulds,1,0,652406
INV-02188,2023,8,Q3,Aug,Temple Items,1,0,652406
INV-02188,2023,8,Q3,Aug,Garden Animal Moulds,1,0,652406
INV-02189,2023,8,Q3,Aug,Garden Animal Moulds,1,0,652406
INV-02189,2023,8,Q3,Aug,Flower Pots,7,0,652406
INV-02189,2023,8,Q3,Aug,Temple Items,1,0,652406
INV-02224,2023,8,Q3,Aug,Kalugal Moulds,1,0,652406
INV-02241,2023,9,Q3,Sep,Flower Pots,1,0,624989
INV-02241,2023,9,Q3,Sep,Garden Animal Moulds,6,0,624989
INV-02263,2023,9,Q3,Sep,Garden Animal Moulds,1,0,624989
INV-02263,2023,9,Q3,Sep,Tables and Benches,1,0,624989
INV-02279,2023,9,Q3,Sep,Doors,1,0,624989
INV-02279,2023,9,Q3,Sep,Interlock,2,0,624989
INV-02284,2023,9,Q3,Sep,Loover,1,0,624989
INV-02284,2023,9,Q3,Sep,Interlock,1,0,624989
INV-02287,2023,9,Q3,Sep,Chemical Proof Tanks,1,0,624989
INV-02287,2023,9,Q3,Sep,Water Proof Tanks,1,0,624989
INV-02294,2023,9,Q3,Sep,Interlock,1,0,624989
INV-02243,2023,9,Q3,Sep,Water Proof Tanks,1,0,624989
INV-02243,2023,9,Q3,Sep,Bathik Tanks,1,0,624989
INV-02283,2023,9,Q3,Sep,Tables and Benches,1,0,624989
INV-02283,2023,9,Q3,Sep,Garden Animal Moulds,1,0,624989
INV-02283,2023,9,Q3,Sep,Flower Pots,1,0,624989
INV-02248,2023,9,Q3,Sep,Garden Animal Moulds,1,0,624989
INV-02248,2023,9,Q3,Sep,Flower Pots,1,0,624989
INV-02248,2023,9,Q3,Sep,Temple Items,1,0,624989
INV-02258,2023,9,Q3,Sep,Kanu Moulds,1,0,624989
INV-02258,2023,9,Q3,Sep,Slab Moulds,1,0,624989
INV-02260,2023,9,Q3,Sep,Beeralu Moulds,4,0,624989
INV-02260,2023,9,Q3,Sep,Slab Moulds,1,0,624989
INV-02269,2023,9,Q3,Sep,Garden Animal Moulds,1,0,624989
INV-02269,2023,9,Q3,Sep,Interlock,2,0,624989
INV-02290,2023,9,Q3,Sep,Garden Animal Moulds,1,0,624989
INV-02244,2023,9,Q3,Sep,Slab Moulds,1,0,624989
INV-02244,2023,9,Q3,Sep,Silparan Kota,1,0,624989
INV-02244,2023,9,Q3,Sep,Kalugal Moulds,1,0,624989
INV-02268,2023,9,Q3,Sep,Bathik Tanks,1,0,624989
INV-02268,2023,9,Q3,Sep,Water Proof Tanks,1,0,624989
INV-02268,2023,9,Q3,Sep,Chemical Proof Tanks,1,0,624989
INV-02271,2023,9,Q3,Sep,Doors,1,0,624989
INV-02271,2023,9,Q3,Sep,Interlock,1,0,624989
INV-02271,2023,9,Q3,Sep,Loover,1,0,624989
INV-02271,2023,9,Q3,Sep,Roofing Sheets,1,0,624989
INV-02278,2023,9,Q3,Sep,Garden Animal Moulds,1,0,624989
INV-02278,2023,9,Q3,Sep,Interlock,1,0,624989
INV-02278,2023,9,Q3,Sep,Flower Pots,3,0,624989
INV-02278,2023,9,Q3,Sep,Tables and Benches,1,0,624989
INV-02281,2023,9,Q3,Sep,Garden Animal Moulds,1,0,624989
INV-02292,2023,9,Q3,Sep,Water Proof Tanks,1,0,624989
INV-02292,2023,9,Q3,Sep,Chemical Proof Tanks,1,0,624989
INV-02255,2023,9,Q3,Sep,Loover,1,0,624989
INV-02245,2023,9,Q3,Sep,Flower Pots,1,0,624989
INV-02245,2023,9,Q3,Sep,Temple Items,1,0,624989
INV-02267,2023,9,Q3,Sep,Flower Pots,3,0,624989
INV-02267,2023,9,Q3,Sep,Temple Items,1,0,624989
INV-02267,2023,9,Q3,Sep,Garden Animal Moulds,1,0,624989
INV-02270,2023,9,Q3,Sep,Beeralu Moulds,3,0,624989
INV-02252,2023,9,Q3,Sep,Water Proof Tanks,1,0,624989
INV-02285,2023,9,Q3,Sep,Bathik Tanks,1,0,624989
INV-02285,2023,9,Q3,Sep,Water Proof Tanks,1,0,624989
INV-02285,2023,9,Q3,Sep,Chemical Proof Tanks,1,0,624989
INV-02272,2023,9,Q3,Sep,Flower Pots,1,0,624989
INV-02272,2023,9,Q3,Sep,Garden Animal Moulds,1,0,624989
INV-02250,2023,9,Q3,Sep,Garden Animal Moulds,1,0,624989
INV-02250,2023,9,Q3,Sep,Flower Pots,5,0,624989
INV-02259,2023,9,Q3,Sep,Flower Pots,3,0,624989
INV-02259,2023,9,Q3,Sep,Garden Animal Moulds,1,0,624989
INV-02259,2023,9,Q3,Sep,Temple Items,1,0,624989
INV-02259,2023,9,Q3,Sep,Kanu Moulds,3,0,624989
INV-02262,2023,9,Q3,Sep,Molding Pati,1,0,624989
INV-02262,2023,9,Q3,Sep,Kanu Moulds,1,0,624989
INV-02262,2023,9,Q3,Sep,Beeralu Moulds,1,0,624989
INV-02237,2023,9,Q3,Sep,Interlock,9,0,624989
INV-02237,2023,9,Q3,Sep,Doors,1,0,624989
INV-02237,2023,9,Q3,Sep,Kanu Moulds,1,0,624989
INV-02264,2023,9,Q3,Sep,Loover,1,0,624989
INV-02264,2023,9,Q3,Sep,Roofing Sheets,1,0,624989
INV-02264,2023,9,Q3,Sep,Water Proof Tanks,1,0,624989
INV-02297,2023,9,Q3,Sep,Beeralu Moulds,1,0,624989
INV-02297,2023,9,Q3,Sep,Kalugal Moulds,1,0,624989
INV-02242,2023,9,Q3,Sep,Molding Pati,1,0,624989
INV-02242,2023,9,Q3,Sep,Beeralu Moulds,1,0,624989
INV-02242,2023,9,Q3,Sep,Slab Moulds,1,0,624989
INV-02289,2023,9,Q3,Sep,Flower Pots,6,0,624989
INV-02289,2023,9,Q3,Sep,Temple Items,3,0,624989
INV-02289,2023,9,Q3,Sep,Garden Animal Moulds,1,0,624989
INV-02296,2023,9,Q3,Sep,Interlock,1,0,624989
INV-02238,2023,9,Q3,Sep,Flower Pots,9,0,624989
INV-02238,2023,9,Q3,Sep,Temple Items,1,0,624989
INV-02238,2023,9,Q3,Sep,Garden Animal Moulds,1,0,624989
INV-02253,2023,9,Q3,Sep,Slab Moulds,1,0,624989
INV-02253,2023,9,Q3,Sep,Beeralu Moulds,1,0,624989
INV-02261,2023,9,Q3,Sep,Interlock,3,0,624989
INV-02266,2023,9,Q3,Sep,Garden Animal Moulds,1,0,624989
INV-02266,2023,9,Q3,Sep,Flower Pots,2,0,624989
INV-02266,2023,9,Q3,Sep,Temple Items,1,0,624989
INV-02266,2023,9,Q3,Sep,Doors,1,0,624989
INV-02293,2023,9,Q3,Sep,Loover,1,0,624989
INV-02293,2023,9,Q3,Sep,Interlock,1,0,624989
INV-02293,2023,9,Q3,Sep,Doors,1,0,624989
INV-02293,2023,9,Q3,Sep,Kanu Moulds,2,0,624989
INV-02274,2023,9,Q3,Sep,Temple Items,1,0,624989
INV-02274,2023,9,Q3,Sep,Garden Animal Moulds,1,0,624989
INV-02274,2023,9,Q3,Sep,Flower Pots,2,0,624989
INV-02295,2023,9,Q3,Sep,Slab Moulds,1,0,624989
INV-02295,2023,9,Q3,Sep,Silparan Kota,1,0,624989
INV-02276,2023,9,Q3,Sep,Garden Animal Moulds,1,0,624989
INV-02276,2023,9,Q3,Sep,Interlock,2,0,624989
INV-02276,2023,9,Q3,Sep,Flower Pots,2,0,624989
INV-02277,2023,9,Q3,Sep,Molding Pati,6,0,624989
INV-02256,2023,9,Q3,Sep,Interlock,2,0,624989
INV-02240,2023,9,Q3,Sep,Beeralu Moulds,1,0,624989
INV-02240,2023,9,Q3,Sep,Silparan Kota,1,0,624989
INV-02240,2023,9,Q3,Sep,Kalugal Moulds,1,0,624989
INV-02288,2023,9,Q3,Sep,Molding Pati,1,0,624989
INV-02298,2023,9,Q3,Sep,Kalugal Moulds,1,0,624989
INV-02280,2023,9,Q3,Sep,Garden Animal Moulds,1,0,624989
INV-02280,2023,9,Q3,Sep,Flower Pots,1,0,624989
INV-02286,2023,9,Q3,Sep,Tables and Benches,1,0,624989
INV-02286,2023,9,Q3,Sep,Interlock,1,0,624989
INV-02286,2023,9,Q3,Sep,Garden Animal Moulds,3,0,624989
INV-02246,2023,9,Q3,Sep,Doors,1,0,624989
INV-02246,2023,9,Q3,Sep,Loover,5,0,624989
INV-02246,2023,9,Q3,Sep,Roofing Sheets,1,0,624989
INV-02251,2023,9,Q3,Sep,Temple Items,1,0,624989
INV-02251,2023,9,Q3,Sep,Garden Animal Moulds,1,0,624989
INV-02257,2023,9,Q3,Sep,Tables and Benches,1,0,624989
INV-02275,2023,9,Q3,Sep,Garden Animal Moulds,1,0,624989
INV-02247,2023,9,Q3,Sep,Tables and Benches,1,0,624989
INV-02247,2023,9,Q3,Sep,Flower Pots,1,0,624989
INV-02254,2023,9,Q3,Sep,Roofing Sheets,1,0,624989
INV-02254,2023,9,Q3,Sep,Loover,1,0,624989
INV-02249,2023,9,Q3,Sep,Garden Animal Moulds,1,0,624989
INV-02249,2023,9,Q3,Sep,Tables and Benches,1,0,624989
INV-02265,2023,9,Q3,Sep,Chemical Proof Tanks,1,0,624989
INV-02265,2023,9,Q3,Sep,Water Proof Tanks,1,0,624989
INV-02265,2023,9,Q3,Sep,Bathik Tanks,1,0,624989
INV-02273,2023,9,Q3,Sep,Bathik Tanks,1,0,624989
INV-02282,2023,9,Q3,Sep,Doors,1,0,624989
INV-02282,2023,9,Q3,Sep,Interlock,1,0,624989
INV-02239,2023,9,Q3,Sep,Kalugal Moulds,1,0,624989
INV-02291,2023,9,Q3,Sep,Doors,1,0,624989
INV-02291,2023,9,Q3,Sep,Roofing Sheets,1,0,624989
INV-02347,2023,10,Q4,Oct,Kanu Moulds,1,0,627751
INV-02338,2023,10,Q4,Oct,Silparan Kota,1,1,627751
INV-02338,2023,10,Q4,Oct,Molding Pati,1,0,627751
INV-02338,2023,10,Q4,Oct,Beeralu Moulds,2,0,627751
INV-02338,2023,10,Q4,Oct,Slab Moulds,2,0,627751
INV-02318,2023,10,Q4,Oct,Roofing Sheets,1,0,627751
INV-02318,2023,10,Q4,Oct,Interlock,1,0,627751
INV-02318,2023,10,Q4,Oct,Loover,1,0,627751
INV-02304,2023,10,Q4,Oct,Silparan Kota,1,1,627751
INV-02304,2023,10,Q4,Oct,Kalugal Moulds,1,0,627751
INV-02312,2023,10,Q4,Oct,Interlock,1,0,627751
INV-02312,2023,10,Q4,Oct,Doors,1,0,627751
INV-02312,2023,10,Q4,Oct,Loover,1,0,627751
INV-02312,2023,10,Q4,Oct,Roofing Sheets,1,0,627751
INV-02315,2023,10,Q4,Oct,Bathik Tanks,1,0,627751
INV-02315,2023,10,Q4,Oct,Water Proof Tanks,1,0,627751
INV-02315,2023,10,Q4,Oct,Chemical Proof Tanks,1,0,627751
INV-02324,2023,10,Q4,Oct,Interlock,1,0,627751
INV-02324,2023,10,Q4,Oct,Flower Pots,1,0,627751
INV-02325,2023,10,Q4,Oct,Molding Pati,1,0,627751
INV-02334,2023,10,Q4,Oct,Flower Pots,1,0,627751
INV-02334,2023,10,Q4,Oct,Garden Animal Moulds,1,0,627751
INV-02307,2023,10,Q4,Oct,Kanu Moulds,1,0,627751
INV-02328,2023,10,Q4,Oct,Tables and Benches,1,0,627751
INV-02328,2023,10,Q4,Oct,Garden Animal Moulds,1,0,627751
INV-02308,2023,10,Q4,Oct,Kalugal Moulds,5,0,627751
INV-02303,2023,10,Q4,Oct,Flower Pots,2,0,627751
INV-02303,2023,10,Q4,Oct,Temple Items,1,0,627751
INV-02329,2023,10,Q4,Oct,Molding Pati,1,0,627751
INV-02329,2023,10,Q4,Oct,Silparan Kota,3,1,627751
INV-02329,2023,10,Q4,Oct,Kalugal Moulds,1,0,627751
INV-02329,2023,10,Q4,Oct,Beeralu Moulds,1,0,627751
INV-02332,2023,10,Q4,Oct,Interlock,1,0,627751
INV-02332,2023,10,Q4,Oct,Roofing Sheets,1,0,627751
INV-02332,2023,10,Q4,Oct,Loover,1,0,627751
INV-02332,2023,10,Q4,Oct,Molding Pati,3,0,627751
INV-02344,2023,10,Q4,Oct,Garden Animal Moulds,4,0,627751
INV-02344,2023,10,Q4,Oct,Flower Pots,4,0,627751
INV-02344,2023,10,Q4,Oct,Temple Items,2,0,627751
INV-02314,2023,10,Q4,Oct,Silparan Kota,15,1,627751
INV-02314,2023,10,Q4,Oct,Molding Pati,14,0,627751
INV-02321,2023,10,Q4,Oct,Interlock,1,0,627751
INV-02321,2023,10,Q4,Oct,Loover,1,0,627751
INV-02321,2023,10,Q4,Oct,Roofing Sheets,1,0,627751
INV-02309,2023,10,Q4,Oct,Silparan Kota,1,1,627751
INV-02309,2023,10,Q4,Oct,Molding Pati,1,0,627751
INV-02339,2023,10,Q4,Oct,Bathik Tanks,1,0,627751
INV-02339,2023,10,Q4,Oct,Chemical Proof Tanks,1,0,627751
INV-02348,2023,10,Q4,Oct,Interlock,2,0,627751
INV-02348,2023,10,Q4,Oct,Roofing Sheets,2,0,627751
INV-02348,2023,10,Q4,Oct,Doors,1,0,627751
INV-02330,2023,10,Q4,Oct,Beeralu Moulds,1,0,627751
INV-02330,2023,10,Q4,Oct,Molding Pati,1,0,627751
INV-02330,2023,10,Q4,Oct,Kalugal Moulds,1,0,627751
INV-02333,2023,10,Q4,Oct,Silparan Kota,1,1,627751
INV-02305,2023,10,Q4,Oct,Garden Animal Moulds,4,0,627751
INV-02305,2023,10,Q4,Oct,Temple Items,1,0,627751
INV-02317,2023,10,Q4,Oct,Kalugal Moulds,1,0,627751
INV-02317,2023,10,Q4,Oct,Molding Pati,6,0,627751
INV-02317,2023,10,Q4,Oct,Beeralu Moulds,2,0,627751
INV-02327,2023,10,Q4,Oct,Chemical Proof Tanks,1,0,627751
INV-02345,2023,10,Q4,Oct,Bathik Tanks,1,0,627751
INV-02345,2023,10,Q4,Oct,Chemical Proof Tanks,1,0,627751
INV-02326,2023,10,Q4,Oct,Slab Moulds,1,0,627751
INV-02326,2023,10,Q4,Oct,Kanu Moulds,1,0,627751
INV-02331,2023,10,Q4,Oct,Bathik Tanks,1,0,627751
INV-02331,2023,10,Q4,Oct,Chemical Proof Tanks,1,0,627751
INV-02331,2023,10,Q4,Oct,Water Proof Tanks,1,0,627751
INV-02306,2023,10,Q4,Oct,Slab Moulds,1,0,627751
INV-02306,2023,10,Q4,Oct,Silparan Kota,1,1,627751
INV-02310,2023,10,Q4,Oct,Loover,1,0,627751
INV-02310,2023,10,Q4,Oct,Doors,1,0,627751
INV-02310,2023,10,Q4,Oct,Roofing Sheets,1,0,627751
INV-02323,2023,10,Q4,Oct,Beeralu Moulds,1,0,627751
INV-02323,2023,10,Q4,Oct,Kanu Moulds,1,0,627751
INV-02323,2023,10,Q4,Oct,Silparan Kota,1,1,627751
INV-02346,2023,10,Q4,Oct,Beeralu Moulds,1,0,627751
INV-02346,2023,10,Q4,Oct,Slab Moulds,1,0,627751
INV-02311,2023,10,Q4,Oct,Roofing Sheets,1,0,627751
INV-02337,2023,10,Q4,Oct,Roofing Sheets,1,0,627751
INV-02337,2023,10,Q4,Oct,Interlock,1,0,627751
INV-02337,2023,10,Q4,Oct,Doors,1,0,627751
INV-02340,2023,10,Q4,Oct,Roofing Sheets,1,0,627751
INV-02340,2023,10,Q4,Oct,Interlock,1,0,627751
INV-02340,2023,10,Q4,Oct,Doors,1,0,627751
INV-02340,2023,10,Q4,Oct,Loover,1,0,627751
INV-02322,2023,10,Q4,Oct,Beeralu Moulds,1,0,627751
INV-02322,2023,10,Q4,Oct,Kalugal Moulds,6,0,627751
INV-02322,2023,10,Q4,Oct,Silparan Kota,1,1,627751
INV-02322,2023,10,Q4,Oct,Kanu Moulds,3,0,627751
INV-02320,2023,10,Q4,Oct,Water Proof Tanks,1,0,627751
INV-02320,2023,10,Q4,Oct,Bathik Tanks,1,0,627751
INV-02335,2023,10,Q4,Oct,Doors,1,0,627751
INV-02335,2023,10,Q4,Oct,Interlock,10,0,627751
INV-02335,2023,10,Q4,Oct,Roofing Sheets,1,0,627751
INV-02342,2023,10,Q4,Oct,Kalugal Moulds,1,0,627751
INV-02299,2023,10,Q4,Oct,Loover,2,0,627751
INV-02301,2023,10,Q4,Oct,Interlock,1,0,627751
INV-02301,2023,10,Q4,Oct,Loover,1,0,627751
INV-02301,2023,10,Q4,Oct,Roofing Sheets,1,0,627751
INV-02301,2023,10,Q4,Oct,Doors,1,0,627751
INV-02343,2023,10,Q4,Oct,Flower Pots,2,0,627751
INV-02343,2023,10,Q4,Oct,Garden Animal Moulds,1,0,627751
INV-02300,2023,10,Q4,Oct,Interlock,1,0,627751
INV-02300,2023,10,Q4,Oct,Doors,1,0,627751
INV-02300,2023,10,Q4,Oct,Roofing Sheets,1,0,627751
INV-02313,2023,10,Q4,Oct,Slab Moulds,1,0,627751
INV-02313,2023,10,Q4,Oct,Molding Pati,4,0,627751
INV-02319,2023,10,Q4,Oct,Molding Pati,1,0,627751
INV-02319,2023,10,Q4,Oct,Kanu Moulds,1,0,627751
INV-02319,2023,10,Q4,Oct,Beeralu Moulds,3,0,627751
INV-02341,2023,10,Q4,Oct,Interlock,1,0,627751
INV-02316,2023,10,Q4,Oct,Molding Pati,1,0,627751
INV-02316,2023,10,Q4,Oct,Beeralu Moulds,1,0,627751
INV-02302,2023,10,Q4,Oct,Tables and Benches,1,0,627751
INV-02336,2023,10,Q4,Oct,Flower Pots,1,0,627751
INV-02336,2023,10,Q4,Oct,Tables and Benches,1,0,627751
INV-02361,2023,11,Q4,Nov,Kanu Moulds,2,0,369602
INV-02382,2023,11,Q4,Nov,Doors,1,0,369602
INV-02382,2023,11,Q4,Nov,Roofing Sheets,2,0,369602
INV-02351,2023,11,Q4,Nov,Water Proof Tanks,1,0,369602
INV-02355,2023,11,Q4,Nov,Interlock,1,0,369602
INV-02355,2023,11,Q4,Nov,Flower Pots,2,0,369602
INV-02390,2023,11,Q4,Nov,Water Proof Tanks,2,0,369602
INV-02390,2023,11,Q4,Nov,Bathik Tanks,1,0,369602
INV-02368,2023,11,Q4,Nov,Flower Pots,3,0,369602
INV-02368,2023,11,Q4,Nov,Interlock,1,0,369602
INV-02385,2023,11,Q4,Nov,Garden Animal Moulds,1,0,369602
INV-02385,2023,11,Q4,Nov,Flower Pots,2,0,369602
INV-02358,2023,11,Q4,Nov,Silparan Kota,2,1,369602
INV-02358,2023,11,Q4,Nov,Kalugal Moulds,1,0,369602
INV-02378,2023,11,Q4,Nov,Beeralu Moulds,1,0,369602
INV-02356,2023,11,Q4,Nov,Interlock,2,0,369602
INV-02356,2023,11,Q4,Nov,Flower Pots,14,0,369602
INV-02389,2023,11,Q4,Nov,Interlock,1,0,369602
INV-02389,2023,11,Q4,Nov,Tables and Benches,1,0,369602
INV-02372,2023,11,Q4,Nov,Tables and Benches,1,0,369602
INV-02372,2023,11,Q4,Nov,Flower Pots,1,0,369602
INV-02372,2023,11,Q4,Nov,Garden Animal Moulds,1,0,369602
INV-02374,2023,11,Q4,Nov,Loover,1,1,369602
INV-02379,2023,11,Q4,Nov,Temple Items,1,0,369602
INV-02379,2023,11,Q4,Nov,Garden Animal Moulds,1,0,369602
INV-02383,2023,11,Q4,Nov,Flower Pots,2,0,369602
INV-02383,2023,11,Q4,Nov,Garden Animal Moulds,1,0,369602
INV-02383,2023,11,Q4,Nov,Tables and Benches,1,0,369602
INV-02386,2023,11,Q4,Nov,Loover,1,1,369602
INV-02380,2023,11,Q4,Nov,Kalugal Moulds,1,0,369602
INV-02380,2023,11,Q4,Nov,Beeralu Moulds,1,0,369602
INV-02376,2023,11,Q4,Nov,Garden Animal Moulds,1,0,369602
INV-02376,2023,11,Q4,Nov,Flower Pots,6,0,369602
INV-02376,2023,11,Q4,Nov,Temple Items,1,0,369602
INV-02364,2023,11,Q4,Nov,Chemical Proof Tanks,1,0,369602
INV-02364,2023,11,Q4,Nov,Water Proof Tanks,1,0,369602
INV-02364,2023,11,Q4,Nov,Bathik Tanks,1,0,369602
INV-02352,2023,11,Q4,Nov,Silparan Kota,1,1,369602
INV-02352,2023,11,Q4,Nov,Slab Moulds,1,0,369602
INV-02360,2023,11,Q4,Nov,Tables and Benches,1,0,369602
INV-02360,2023,11,Q4,Nov,Flower Pots,1,0,369602
INV-02360,2023,11,Q4,Nov,Garden Animal Moulds,1,0,369602
INV-02354,2023,11,Q4,Nov,Tables and Benches,1,0,369602
INV-02357,2023,11,Q4,Nov,Temple Items,1,0,369602
INV-02357,2023,11,Q4,Nov,Flower Pots,4,0,369602
INV-02357,2023,11,Q4,Nov,Garden Animal Moulds,1,0,369602
INV-02377,2023,11,Q4,Nov,Slab Moulds,1,0,369602
INV-02384,2023,11,Q4,Nov,Tables and Benches,1,0,369602
INV-02384,2023,11,Q4,Nov,Garden Animal Moulds,1,0,369602
INV-02350,2023,11,Q4,Nov,Slab Moulds,1,0,369602
INV-02350,2023,11,Q4,Nov,Kalugal Moulds,1,0,369602
INV-02350,2023,11,Q4,Nov,Silparan Kota,1,1,369602
INV-02371,2023,11,Q4,Nov,Bathik Tanks,1,0,369602
INV-02370,2023,11,Q4,Nov,Temple Items,1,0,369602
INV-02387,2023,11,Q4,Nov,Water Proof Tanks,1,0,369602
INV-02365,2023,11,Q4,Nov,Beeralu Moulds,2,0,369602
INV-02367,2023,11,Q4,Nov,Chemical Proof Tanks,1,0,369602
INV-02367,2023,11,Q4,Nov,Water Proof Tanks,1,0,369602
INV-02349,2023,11,Q4,Nov,Water Proof Tanks,1,0,369602
INV-02349,2023,11,Q4,Nov,Chemical Proof Tanks,1,0,369602
INV-02366,2023,11,Q4,Nov,Tables and Benches,1,0,369602
INV-02369,2023,11,Q4,Nov,Loover,6,1,369602
INV-02369,2023,11,Q4,Nov,Interlock,3,0,369602
INV-02369,2023,11,Q4,Nov,Doors,1,0,369602
INV-02375,2023,11,Q4,Nov,Kalugal Moulds,1,0,369602
INV-02353,2023,11,Q4,Nov,Flower Pots,2,0,369602
INV-02353,2023,11,Q4,Nov,Garden Animal Moulds,1,0,369602
INV-02388,2023,11,Q4,Nov,Kalugal Moulds,1,0,369602
INV-02373,2023,11,Q4,Nov,Water Proof Tanks,1,0,369602
INV-02373,2023,11,Q4,Nov,Bathik Tanks,1,0,369602
INV-02373,2023,11,Q4,Nov,Loover,1,1,369602
INV-02381,2023,11,Q4,Nov,Water Proof Tanks,1,0,369602
INV-02381,2023,11,Q4,Nov,Chemical Proof Tanks,1,0,369602
INV-02381,2023,11,Q4,Nov,Bathik Tanks,1,0,369602
INV-02359,2023,11,Q4,Nov,Silparan Kota,2,1,369602
INV-02359,2023,11,Q4,Nov,Kanu Moulds,1,0,369602
INV-02362,2023,11,Q4,Nov,Bathik Tanks,1,0,369602
INV-02362,2023,11,Q4,Nov,Chemical Proof Tanks,1,0,369602
INV-02362,2023,11,Q4,Nov,Water Proof Tanks,1,0,369602
INV-02363,2023,11,Q4,Nov,Loover,1,1,369602
INV-02425,2023,12,Q4,Dec,Kanu Moulds,1,0,874557
INV-02425,2023,12,Q4,Dec,Slab Moulds,1,0,874557
INV-02441,2023,12,Q4,Dec,Roofing Sheets,1,1,874557
INV-02441,2023,12,Q4,Dec,Interlock,12,0,874557
INV-02441,2023,12,Q4,Dec,Doors,2,0,874557
INV-02453,2023,12,Q4,Dec,Water Proof Tanks,1,0,874557
INV-02453,2023,12,Q4,Dec,Bathik Tanks,1,0,874557
INV-02453,2023,12,Q4,Dec,Chemical Proof Tanks,1,0,874557
INV-02405,2023,12,Q4,Dec,Kalugal Moulds,1,0,874557
INV-02405,2023,12,Q4,Dec,Molding Pati,2,0,874557
INV-02405,2023,12,Q4,Dec,Slab Moulds,1,0,874557
INV-02435,2023,12,Q4,Dec,Kalugal Moulds,1,0,874557
INV-02435,2023,12,Q4,Dec,Beeralu Moulds,1,0,874557
INV-02435,2023,12,Q4,Dec,Molding Pati,1,0,874557
INV-02401,2023,12,Q4,Dec,Kanu Moulds,1,0,874557
INV-02401,2023,12,Q4,Dec,Silparan Kota,3,0,874557
INV-02440,2023,12,Q4,Dec,Bathik Tanks,1,0,874557
INV-02440,2023,12,Q4,Dec,Water Proof Tanks,1,0,874557
INV-02392,2023,12,Q4,Dec,Temple Items,3,1,874557
INV-02392,2023,12,Q4,Dec,Garden Animal Moulds,3,0,874557
INV-02392,2023,12,Q4,Dec,Flower Pots,41,1,874557
INV-02402,2023,12,Q4,Dec,Loover,1,1,874557
INV-02402,2023,12,Q4,Dec,Roofing Sheets,1,1,874557
INV-02402,2023,12,Q4,Dec,Interlock,4,0,874557
INV-02402,2023,12,Q4,Dec,Doors,1,0,874557
INV-02431,2023,12,Q4,Dec,Flower Pots,2,1,874557
INV-02393,2023,12,Q4,Dec,Garden Animal Moulds,2,0,874557
INV-02404,2023,12,Q4,Dec,Molding Pati,1,0,874557
INV-02404,2023,12,Q4,Dec,Silparan Kota,1,0,874557
INV-02416,2023,12,Q4,Dec,Beeralu Moulds,1,0,874557
INV-02422,2023,12,Q4,Dec,Water Proof Tanks,1,0,874557
INV-02428,2023,12,Q4,Dec,Kanu Moulds,3,0,874557
INV-02428,2023,12,Q4,Dec,Silparan Kota,3,0,874557
INV-02428,2023,12,Q4,Dec,Molding Pati,2,0,874557
INV-02415,2023,12,Q4,Dec,Doors,1,0,874557
INV-02448,2023,12,Q4,Dec,Slab Moulds,1,0,874557
INV-02409,2023,12,Q4,Dec,Kalugal Moulds,1,0,874557
INV-02409,2023,12,Q4,Dec,Silparan Kota,7,0,874557
INV-02450,2023,12,Q4,Dec,Flower Pots,3,1,874557
INV-02391,2023,12,Q4,Dec,Flower Pots,1,1,874557
INV-02403,2023,12,Q4,Dec,Chemical Proof Tanks,1,0,874557
INV-02403,2023,12,Q4,Dec,Bathik Tanks,1,0,874557
INV-02403,2023,12,Q4,Dec,Water Proof Tanks,1,0,874557
INV-02410,2023,12,Q4,Dec,Water Proof Tanks,1,0,874557
INV-02420,2023,12,Q4,Dec,Chemical Proof Tanks,1,0,874557
INV-02426,2023,12,Q4,Dec,Water Proof Tanks,1,0,874557
INV-02426,2023,12,Q4,Dec,Bathik Tanks,1,0,874557
INV-02446,2023,12,Q4,Dec,Bathik Tanks,1,0,874557
INV-02397,2023,12,Q4,Dec,Beeralu Moulds,1,0,874557
INV-02447,2023,12,Q4,Dec,Doors,1,0,874557
INV-02447,2023,12,Q4,Dec,Roofing Sheets,1,1,874557
INV-02447,2023,12,Q4,Dec,Interlock,1,0,874557
INV-02417,2023,12,Q4,Dec,Water Proof Tanks,1,0,874557
INV-02417,2023,12,Q4,Dec,Chemical Proof Tanks,1,0,874557
INV-02417,2023,12,Q4,Dec,Bathik Tanks,1,0,874557
INV-02432,2023,12,Q4,Dec,Beeralu Moulds,3,0,874557
INV-02432,2023,12,Q4,Dec,Molding Pati,1,0,874557
INV-02432,2023,12,Q4,Dec,Kanu Moulds,1,0,874557
INV-02407,2023,12,Q4,Dec,Kalugal Moulds,1,0,874557
INV-02407,2023,12,Q4,Dec,Silparan Kota,1,0,874557
INV-02407,2023,12,Q4,Dec,Slab Moulds,1,0,874557
INV-02407,2023,12,Q4,Dec,Beeralu Moulds,1,0,874557
INV-02430,2023,12,Q4,Dec,Loover,1,1,874557
INV-02424,2023,12,Q4,Dec,Temple Items,1,1,874557
INV-02424,2023,12,Q4,Dec,Flower Pots,1,1,874557
INV-02424,2023,12,Q4,Dec,Garden Animal Moulds,1,0,874557
INV-02454,2023,12,Q4,Dec,Water Proof Tanks,1,0,874557
INV-02456,2023,12,Q4,Dec,Temple Items,1,1,874557
INV-02456,2023,12,Q4,Dec,Flower Pots,3,1,874557
INV-02456,2023,12,Q4,Dec,Garden Animal Moulds,5,0,874557
INV-02437,2023,12,Q4,Dec,Kalugal Moulds,1,0,874557
INV-02437,2023,12,Q4,Dec,Slab Moulds,1,0,874557
INV-02395,2023,12,Q4,Dec,Bathik Tanks,1,0,874557
INV-02436,2023,12,Q4,Dec,Temple Items,1,1,874557
INV-02436,2023,12,Q4,Dec,Flower Pots,5,1,874557
INV-02438,2023,12,Q4,Dec,Silparan Kota,1,0,874557
INV-02438,2023,12,Q4,Dec,Kanu Moulds,1,0,874557
INV-02443,2023,12,Q4,Dec,Molding Pati,1,0,874557
INV-02443,2023,12,Q4,Dec,Silparan Kota,2,0,874557
INV-02411,2023,12,Q4,Dec,Water Proof Tanks,1,0,874557
INV-02411,2023,12,Q4,Dec,Chemical Proof Tanks,1,0,874557
INV-02412,2023,12,Q4,Dec,Kalugal Moulds,1,0,874557
INV-02412,2023,12,Q4,Dec,Slab Moulds,1,0,874557
INV-02412,2023,12,Q4,Dec,Molding Pati,1,0,874557
INV-02419,2023,12,Q4,Dec,Flower Pots,3,1,874557
INV-02427,2023,12,Q4,Dec,Tables and Benches,2,1,874557
INV-02427,2023,12,Q4,Dec,Interlock,2,0,874557
INV-02444,2023,12,Q4,Dec,Doors,1,0,874557
INV-02444,2023,12,Q4,Dec,Interlock,1,0,874557
INV-02406,2023,12,Q4,Dec,Loover,5,1,874557
INV-02406,2023,12,Q4,Dec,Doors,1,0,874557
INV-02406,2023,12,Q4,Dec,Interlock,3,0,874557
INV-02406,2023,12,Q4,Dec,Roofing Sheets,2,1,874557
INV-02421,2023,12,Q4,Dec,Bathik Tanks,1,0,874557
INV-02442,2023,12,Q4,Dec,Loover,1,1,874557
INV-02442,2023,12,Q4,Dec,Doors,1,0,874557
INV-02442,2023,12,Q4,Dec,Silparan Kota,1,0,874557
INV-02394,2023,12,Q4,Dec,Loover,1,1,874557
INV-02394,2023,12,Q4,Dec,Interlock,1,0,874557
INV-02394,2023,12,Q4,Dec,Doors,1,0,874557
INV-02413,2023,12,Q4,Dec,Tables and Benches,1,1,874557
INV-02413,2023,12,Q4,Dec,Flower Pots,1,1,874557
INV-02418,2023,12,Q4,Dec,Molding Pati,1,0,874557
INV-02418,2023,12,Q4,Dec,Beeralu Moulds,1,0,874557
INV-02398,2023,12,Q4,Dec,Loover,1,1,874557
INV-02400,2023,12,Q4,Dec,Roofing Sheets,1,1,874557
INV-02400,2023,12,Q4,Dec,Loover,2,1,874557
INV-02400,2023,12,Q4,Dec,Interlock,1,0,874557
INV-02445,2023,12,Q4,Dec,Chemical Proof Tanks,1,0,874557
INV-02445,2023,12,Q4,Dec,Water Proof Tanks,1,0,874557
INV-02414,2023,12,Q4,Dec,Tables and Benches,1,1,874557
INV-02414,2023,12,Q4,Dec,Garden Animal Moulds,2,0,874557
INV-02414,2023,12,Q4,Dec,Flower Pots,1,1,874557
INV-02423,2023,12,Q4,Dec,Chemical Proof Tanks,1,0,874557
INV-02423,2023,12,Q4,Dec,Water Proof Tanks,1,0,874557
INV-02451,2023,12,Q4,Dec,Flower Pots,23,1,874557
INV-02451,2023,12,Q4,Dec,Garden Animal Moulds,1,0,874557
INV-02451,2023,12,Q4,Dec,Interlock,2,0,874557
INV-02434,2023,12,Q4,Dec,Molding Pati,9,0,874557
INV-02434,2023,12,Q4,Dec,Kanu Moulds,8,0,874557
INV-02434,2023,12,Q4,Dec,Silparan Kota,14,0,874557
INV-02399,2023,12,Q4,Dec,Roofing Sheets,1,1,874557
INV-02399,2023,12,Q4,Dec,Loover,1,1,874557
INV-02399,2023,12,Q4,Dec,Interlock,1,0,874557
INV-02399,2023,12,Q4,Dec,Doors,1,0,874557
INV-02433,2023,12,Q4,Dec,Doors,1,0,874557
INV-02408,2023,12,Q4,Dec,Interlock,5,0,874557
INV-02408,2023,12,Q4,Dec,Loover,4,1,874557
INV-02408,2023,12,Q4,Dec,Flower Pots,21,1,874557
INV-02429,2023,12,Q4,Dec,Slab Moulds,1,0,874557
INV-02429,2023,12,Q4,Dec,Silparan Kota,2,0,874557
INV-02439,2023,12,Q4,Dec,Molding Pati,1,0,874557
INV-02439,2023,12,Q4,Dec,Kalugal Moulds,1,0,874557
INV-02439,2023,12,Q4,Dec,Silparan Kota,1,0,874557
INV-02439,2023,12,Q4,Dec,Slab Moulds,1,0,874557
INV-02452,2023,12,Q4,Dec,Water Proof Tanks,1,0,874557
INV-02455,2023,12,Q4,Dec,Kanu Moulds,17,0,874557
INV-02455,2023,12,Q4,Dec,Beeralu Moulds,1,0,874557
INV-02396,2023,12,Q4,Dec,Tables and Benches,1,1,874557
INV-02396,2023,12,Q4,Dec,Interlock,1,0,874557
INV-02449,2023,12,Q4,Dec,Temple Items,1,1,874557
INV-02472,2024,1,Q1,Jan,Garden Animal Moulds,1,0,377096
INV-02472,2024,1,Q1,Jan,Flower Pots,4,0,377096
INV-02479,2024,1,Q1,Jan,Interlock,8,0,377096
INV-02479,2024,1,Q1,Jan,Loover,1,1,377096
INV-02479,2024,1,Q1,Jan,Doors,1,1,377096
INV-02480,2024,1,Q1,Jan,Interlock,1,0,377096
INV-02480,2024,1,Q1,Jan,Flower Pots,1,0,377096
INV-02480,2024,1,Q1,Jan,Garden Animal Moulds,1,0,377096
INV-02481,2024,1,Q1,Jan,Doors,1,1,377096
INV-02481,2024,1,Q1,Jan,Roofing Sheets,1,1,377096
INV-02481,2024,1,Q1,Jan,Loover,1,1,377096
INV-02487,2024,1,Q1,Jan,Slab Moulds,1,1,377096
INV-02487,2024,1,Q1,Jan,Beeralu Moulds,1,0,377096
INV-02487,2024,1,Q1,Jan,Kalugal Moulds,1,1,377096
INV-02473,2024,1,Q1,Jan,Interlock,1,0,377096
INV-02473,2024,1,Q1,Jan,Tables and Benches,1,0,377096
INV-02459,2024,1,Q1,Jan,Chemical Proof Tanks,1,1,377096
INV-02459,2024,1,Q1,Jan,Bathik Tanks,1,1,377096
INV-02459,2024,1,Q1,Jan,Water Proof Tanks,1,1,377096
INV-02471,2024,1,Q1,Jan,Molding Pati,1,1,377096
INV-02493,2024,1,Q1,Jan,Loover,1,1,377096
INV-02493,2024,1,Q1,Jan,Interlock,1,0,377096
INV-02493,2024,1,Q1,Jan,Roofing Sheets,1,1,377096
INV-02493,2024,1,Q1,Jan,Doors,1,1,377096
INV-02469,2024,1,Q1,Jan,Garden Animal Moulds,1,0,377096
INV-02469,2024,1,Q1,Jan,Interlock,1,0,377096
INV-02466,2024,1,Q1,Jan,Kanu Moulds,1,0,377096
INV-02466,2024,1,Q1,Jan,Slab Moulds,1,1,377096
INV-02467,2024,1,Q1,Jan,Garden Animal Moulds,2,0,377096
INV-02467,2024,1,Q1,Jan,Temple Items,1,1,377096
INV-02467,2024,1,Q1,Jan,Flower Pots,7,0,377096
INV-02467,2024,1,Q1,Jan,Bathik Tanks,1,1,377096
INV-02477,2024,1,Q1,Jan,Interlock,5,0,377096
INV-02477,2024,1,Q1,Jan,Doors,1,1,377096
INV-02468,2024,1,Q1,Jan,Roofing Sheets,1,1,377096
INV-02485,2024,1,Q1,Jan,Bathik Tanks,1,1,377096
INV-02495,2024,1,Q1,Jan,Roofing Sheets,1,1,377096
INV-02495,2024,1,Q1,Jan,Doors,1,1,377096
INV-02495,2024,1,Q1,Jan,Loover,1,1,377096
INV-02460,2024,1,Q1,Jan,Loover,1,1,377096
INV-02460,2024,1,Q1,Jan,Roofing Sheets,1,1,377096
INV-02460,2024,1,Q1,Jan,Interlock,2,0,377096
INV-02464,2024,1,Q1,Jan,Loover,1,1,377096
INV-02470,2024,1,Q1,Jan,Loover,1,1,377096
INV-02484,2024,1,Q1,Jan,Slab Moulds,1,1,377096
INV-02484,2024,1,Q1,Jan,Kalugal Moulds,1,1,377096
INV-02488,2024,1,Q1,Jan,Chemical Proof Tanks,1,1,377096
INV-02490,2024,1,Q1,Jan,Water Proof Tanks,1,1,377096
INV-02490,2024,1,Q1,Jan,Chemical Proof Tanks,1,1,377096
INV-02492,2024,1,Q1,Jan,Molding Pati,3,1,377096
INV-02461,2024,1,Q1,Jan,Loover,1,1,377096
INV-02465,2024,1,Q1,Jan,Chemical Proof Tanks,1,1,377096
INV-02465,2024,1,Q1,Jan,Water Proof Tanks,1,1,377096
INV-02465,2024,1,Q1,Jan,Bathik Tanks,1,1,377096
INV-02474,2024,1,Q1,Jan,Tables and Benches,1,0,377096
INV-02474,2024,1,Q1,Jan,Flower Pots,1,0,377096
INV-02478,2024,1,Q1,Jan,Doors,1,1,377096
INV-02476,2024,1,Q1,Jan,Slab Moulds,1,1,377096
INV-02463,2024,1,Q1,Jan,Roofing Sheets,1,1,377096
INV-02463,2024,1,Q1,Jan,Interlock,1,0,377096
INV-02494,2024,1,Q1,Jan,Chemical Proof Tanks,1,1,377096
INV-02494,2024,1,Q1,Jan,Water Proof Tanks,1,1,377096
INV-02494,2024,1,Q1,Jan,Garden Animal Moulds,2,0,377096
INV-02483,2024,1,Q1,Jan,Interlock,1,0,377096
INV-02483,2024,1,Q1,Jan,Roofing Sheets,1,1,377096
INV-02483,2024,1,Q1,Jan,Loover,1,1,377096
INV-02483,2024,1,Q1,Jan,Doors,1,1,377096
INV-02491,2024,1,Q1,Jan,Bathik Tanks,1,1,377096
INV-02491,2024,1,Q1,Jan,Chemical Proof Tanks,1,1,377096
INV-02491,2024,1,Q1,Jan,Water Proof Tanks,1,1,377096
INV-02496,2024,1,Q1,Jan,Temple Items,1,1,377096
INV-02496,2024,1,Q1,Jan,Garden Animal Moulds,1,0,377096
INV-02496,2024,1,Q1,Jan,Flower Pots,6,0,377096
INV-02482,2024,1,Q1,Jan,Molding Pati,3,1,377096
INV-02482,2024,1,Q1,Jan,Beeralu Moulds,3,0,377096
INV-02482,2024,1,Q1,Jan,Interlock,1,0,377096
INV-02457,2024,1,Q1,Jan,Interlock,1,0,377096
INV-02486,2024,1,Q1,Jan,Interlock,7,0,377096
INV-02486,2024,1,Q1,Jan,Roofing Sheets,1,1,377096
INV-02489,2024,1,Q1,Jan,Garden Animal Moulds,6,0,377096
INV-02489,2024,1,Q1,Jan,Interlock,1,0,377096
INV-02489,2024,1,Q1,Jan,Tables and Benches,3,0,377096
INV-02462,2024,1,Q1,Jan,Silparan Kota,3,1,377096
INV-02462,2024,1,Q1,Jan,Molding Pati,1,1,377096
INV-02458,2024,1,Q1,Jan,Molding Pati,1,1,377096
INV-02458,2024,1,Q1,Jan,Kalugal Moulds,1,1,377096
INV-02458,2024,1,Q1,Jan,Silparan Kota,1,1,377096
INV-02475,2024,1,Q1,Jan,Interlock,1,0,377096
INV-02475,2024,1,Q1,Jan,Doors,1,1,377096
INV-02475,2024,1,Q1,Jan,Loover,1,1,377096
INV-02534,2024,2,Q1,Feb,Garden Animal Moulds,1,0,396899
INV-02534,2024,2,Q1,Feb,Flower Pots,4,0,396899
INV-02534,2024,2,Q1,Feb,Tables and Benches,1,0,396899
INV-02534,2024,2,Q1,Feb,Interlock,1,1,396899
INV-02514,2024,2,Q1,Feb,Water Proof Tanks,1,1,396899
INV-02514,2024,2,Q1,Feb,Chemical Proof Tanks,1,1,396899
INV-02501,2024,2,Q1,Feb,Flower Pots,2,0,396899
INV-02532,2024,2,Q1,Feb,Interlock,1,1,396899
INV-02532,2024,2,Q1,Feb,Doors,1,1,396899
INV-02508,2024,2,Q1,Feb,Kalugal Moulds,1,1,396899
INV-02508,2024,2,Q1,Feb,Kanu Moulds,4,1,396899
INV-02521,2024,2,Q1,Feb,Temple Items,1,0,396899
INV-02540,2024,2,Q1,Feb,Kalugal Moulds,1,1,396899
INV-02525,2024,2,Q1,Feb,Bathik Tanks,1,1,396899
INV-02525,2024,2,Q1,Feb,Chemical Proof Tanks,1,1,396899
INV-02536,2024,2,Q1,Feb,Interlock,1,1,396899
INV-02503,2024,2,Q1,Feb,Kanu Moulds,3,1,396899
INV-02515,2024,2,Q1,Feb,Water Proof Tanks,1,1,396899
INV-02530,2024,2,Q1,Feb,Beeralu Moulds,1,1,396899
INV-02530,2024,2,Q1,Feb,Molding Pati,2,1,396899
INV-02533,2024,2,Q1,Feb,Loover,3,1,396899
INV-02533,2024,2,Q1,Feb,Doors,1,1,396899
INV-02505,2024,2,Q1,Feb,Kanu Moulds,1,1,396899
INV-02505,2024,2,Q1,Feb,Slab Moulds,1,1,396899
INV-02517,2024,2,Q1,Feb,Silparan Kota,5,1,396899
INV-02539,2024,2,Q1,Feb,Interlock,1,1,396899
INV-02539,2024,2,Q1,Feb,Flower Pots,7,0,396899
INV-02509,2024,2,Q1,Feb,Roofing Sheets,1,1,396899
INV-02509,2024,2,Q1,Feb,Interlock,2,1,396899
INV-02509,2024,2,Q1,Feb,Doors,1,1,396899
INV-02509,2024,2,Q1,Feb,Loover,7,1,396899
INV-02529,2024,2,Q1,Feb,Silparan Kota,6,1,396899
INV-02529,2024,2,Q1,Feb,Slab Moulds,2,1,396899
INV-02529,2024,2,Q1,Feb,Molding Pati,4,1,396899
INV-02529,2024,2,Q1,Feb,Kalugal Moulds,2,1,396899
INV-02537,2024,2,Q1,Feb,Garden Animal Moulds,1,0,396899
INV-02537,2024,2,Q1,Feb,Tables and Benches,1,0,396899
INV-02537,2024,2,Q1,Feb,Interlock,1,1,396899
INV-02497,2024,2,Q1,Feb,Flower Pots,1,0,396899
INV-02499,2024,2,Q1,Feb,Slab Moulds,1,1,396899
INV-02499,2024,2,Q1,Feb,Kanu Moulds,1,1,396899
INV-02516,2024,2,Q1,Feb,Kalugal Moulds,1,1,396899
INV-02526,2024,2,Q1,Feb,Molding Pati,1,1,396899
INV-02498,2024,2,Q1,Feb,Bathik Tanks,1,1,396899
INV-02498,2024,2,Q1,Feb,Chemical Proof Tanks,1,1,396899
INV-02507,2024,2,Q1,Feb,Loover,1,1,396899
INV-02510,2024,2,Q1,Feb,Kalugal Moulds,1,1,396899
INV-02510,2024,2,Q1,Feb,Slab Moulds,1,1,396899
INV-02510,2024,2,Q1,Feb,Silparan Kota,1,1,396899
INV-02522,2024,2,Q1,Feb,Chemical Proof Tanks,1,1,396899
INV-02522,2024,2,Q1,Feb,Bathik Tanks,1,1,396899
INV-02522,2024,2,Q1,Feb,Water Proof Tanks,1,1,396899
INV-02506,2024,2,Q1,Feb,Flower Pots,6,0,396899
INV-02531,2024,2,Q1,Feb,Slab Moulds,1,1,396899
INV-02531,2024,2,Q1,Feb,Molding Pati,2,1,396899
INV-02520,2024,2,Q1,Feb,Silparan Kota,1,1,396899
INV-02538,2024,2,Q1,Feb,Kalugal Moulds,1,1,396899
INV-02538,2024,2,Q1,Feb,Silparan Kota,1,1,396899
INV-02538,2024,2,Q1,Feb,Beeralu Moulds,1,1,396899
INV-02538,2024,2,Q1,Feb,Molding Pati,1,1,396899
INV-02512,2024,2,Q1,Feb,Garden Animal Moulds,1,0,396899
INV-02512,2024,2,Q1,Feb,Temple Items,1,0,396899
INV-02512,2024,2,Q1,Feb,Flower Pots,1,0,396899
INV-02518,2024,2,Q1,Feb,Flower Pots,4,0,396899
INV-02524,2024,2,Q1,Feb,Slab Moulds,1,1,396899
INV-02524,2024,2,Q1,Feb,Kanu Moulds,1,1,396899
INV-02511,2024,2,Q1,Feb,Kalugal Moulds,1,1,396899
INV-02511,2024,2,Q1,Feb,Slab Moulds,1,1,396899
INV-02513,2024,2,Q1,Feb,Temple Items,1,0,396899
INV-02513,2024,2,Q1,Feb,Garden Animal Moulds,2,0,396899
INV-02500,2024,2,Q1,Feb,Interlock,1,1,396899
INV-02500,2024,2,Q1,Feb,Doors,1,1,396899
INV-02500,2024,2,Q1,Feb,Roofing Sheets,1,1,396899
INV-02504,2024,2,Q1,Feb,Bathik Tanks,1,1,396899
INV-02504,2024,2,Q1,Feb,Chemical Proof Tanks,1,1,396899
INV-02523,2024,2,Q1,Feb,Kanu Moulds,4,1,396899
INV-02523,2024,2,Q1,Feb,Kalugal Moulds,1,1,396899
INV-02523,2024,2,Q1,Feb,Beeralu Moulds,1,1,396899
INV-02523,2024,2,Q1,Feb,Silparan Kota,1,1,396899
INV-02528,2024,2,Q1,Feb,Slab Moulds,1,1,396899
INV-02528,2024,2,Q1,Feb,Molding Pati,2,1,396899
INV-02528,2024,2,Q1,Feb,Kanu Moulds,1,1,396899
INV-02502,2024,2,Q1,Feb,Kanu Moulds,1,1,396899
INV-02502,2024,2,Q1,Feb,Beeralu Moulds,1,1,396899
INV-02502,2024,2,Q1,Feb,Kalugal Moulds,4,1,396899
INV-02519,2024,2,Q1,Feb,Kanu Moulds,1,1,396899
INV-02535,2024,2,Q1,Feb,Water Proof Tanks,1,1,396899
INV-02527,2024,2,Q1,Feb,Molding Pati,1,1,396899
INV-02558,2024,3,Q1,Mar,Kalugal Moulds,1,1,425519
INV-02558,2024,3,Q1,Mar,Kanu Moulds,2,1,425519
INV-02574,2024,3,Q1,Mar,Beeralu Moulds,6,1,425519
INV-02574,2024,3,Q1,Mar,Slab Moulds,2,1,425519
INV-02574,2024,3,Q1,Mar,Kalugal Moulds,3,1,425519
INV-02545,2024,3,Q1,Mar,Tables and Benches,1,1,425519
INV-02543,2024,3,Q1,Mar,Flower Pots,40,1,425519
INV-02543,2024,3,Q1,Mar,Tables and Benches,2,1,425519
INV-02543,2024,3,Q1,Mar,Interlock,6,1,425519
INV-02543,2024,3,Q1,Mar,Garden Animal Moulds,15,1,425519
INV-02551,2024,3,Q1,Mar,Silparan Kota,1,1,425519
INV-02551,2024,3,Q1,Mar,Molding Pati,1,1,425519
INV-02541,2024,3,Q1,Mar,Doors,1,1,425519
INV-02541,2024,3,Q1,Mar,Interlock,1,1,425519
INV-02541,2024,3,Q1,Mar,Roofing Sheets,1,1,425519
INV-02568,2024,3,Q1,Mar,Interlock,1,1,425519
INV-02569,2024,3,Q1,Mar,Kanu Moulds,6,1,425519
INV-02569,2024,3,Q1,Mar,Slab Moulds,1,1,425519
INV-02553,2024,3,Q1,Mar,Flower Pots,1,1,425519
INV-02553,2024,3,Q1,Mar,Garden Animal Moulds,1,1,425519
INV-02559,2024,3,Q1,Mar,Flower Pots,3,1,425519
INV-02547,2024,3,Q1,Mar,Garden Animal Moulds,1,1,425519
INV-02572,2024,3,Q1,Mar,Kanu Moulds,18,1,425519
INV-02572,2024,3,Q1,Mar,Silparan Kota,9,1,425519
INV-02572,2024,3,Q1,Mar,Beeralu Moulds,4,1,425519
INV-02572,2024,3,Q1,Mar,Molding Pati,1,1,425519
INV-02549,2024,3,Q1,Mar,Roofing Sheets,1,1,425519
INV-02549,2024,3,Q1,Mar,Interlock,1,1,425519
INV-02549,2024,3,Q1,Mar,Doors,1,1,425519
INV-02563,2024,3,Q1,Mar,Beeralu Moulds,1,1,425519
INV-02565,2024,3,Q1,Mar,Roofing Sheets,1,1,425519
INV-02565,2024,3,Q1,Mar,Loover,1,1,425519
INV-02570,2024,3,Q1,Mar,Kanu Moulds,1,1,425519
INV-02570,2024,3,Q1,Mar,Kalugal Moulds,1,1,425519
INV-02571,2024,3,Q1,Mar,Doors,1,1,425519
INV-02571,2024,3,Q1,Mar,Interlock,1,1,425519
INV-02556,2024,3,Q1,Mar,Chemical Proof Tanks,1,1,425519
INV-02556,2024,3,Q1,Mar,Bathik Tanks,1,1,425519
INV-02552,2024,3,Q1,Mar,Tables and Benches,1,1,425519
INV-02552,2024,3,Q1,Mar,Flower Pots,1,1,425519
INV-02557,2024,3,Q1,Mar,Flower Pots,1,1,425519
INV-02557,2024,3,Q1,Mar,Temple Items,1,0,425519
INV-02550,2024,3,Q1,Mar,Garden Animal Moulds,1,1,425519
INV-02550,2024,3,Q1,Mar,Temple Items,1,0,425519
INV-02554,2024,3,Q1,Mar,Tables and Benches,1,1,425519
INV-02554,2024,3,Q1,Mar,Interlock,1,1,425519
INV-02548,2024,3,Q1,Mar,Interlock,1,1,425519
INV-02567,2024,3,Q1,Mar,Loover,1,1,425519
INV-02567,2024,3,Q1,Mar,Roofing Sheets,1,1,425519
INV-02567,2024,3,Q1,Mar,Doors,1,1,425519
INV-02567,2024,3,Q1,Mar,Interlock,2,1,425519
INV-02544,2024,3,Q1,Mar,Slab Moulds,1,1,425519
INV-02546,2024,3,Q1,Mar,Tables and Benches,1,1,425519
INV-02546,2024,3,Q1,Mar,Garden Animal Moulds,1,1,425519
INV-02546,2024,3,Q1,Mar,Interlock,1,1,425519
INV-02561,2024,3,Q1,Mar,Garden Animal Moulds,2,1,425519
INV-02575,2024,3,Q1,Mar,Tables and Benches,1,1,425519
INV-02575,2024,3,Q1,Mar,Interlock,6,1,425519
INV-02575,2024,3,Q1,Mar,Flower Pots,1,1,425519
INV-02573,2024,3,Q1,Mar,Chemical Proof Tanks,1,1,425519
INV-02573,2024,3,Q1,Mar,Bathik Tanks,1,1,425519
INV-02555,2024,3,Q1,Mar,Interlock,1,1,425519
INV-02555,2024,3,Q1,Mar,Tables and Benches,1,1,425519
INV-02562,2024,3,Q1,Mar,Molding Pati,3,1,425519
INV-02562,2024,3,Q1,Mar,Slab Moulds,1,1,425519
INV-02564,2024,3,Q1,Mar,Flower Pots,1,1,425519
INV-02542,2024,3,Q1,Mar,Molding Pati,2,1,425519
INV-02542,2024,3,Q1,Mar,Kanu Moulds,4,1,425519
INV-02542,2024,3,Q1,Mar,Chemical Proof Tanks,1,1,425519
INV-02560,2024,3,Q1,Mar,Bathik Tanks,1,1,425519
INV-02566,2024,3,Q1,Mar,Loover,1,1,425519
INV-02603,2024,4,Q2,Apr,Tables and Benches,1,1,626325
INV-02603,2024,4,Q2,Apr,Flower Pots,31,1,626325
INV-02603,2024,4,Q2,Apr,Interlock,3,1,626325
INV-02617,2024,4,Q2,Apr,Silparan Kota,1,0,626325
INV-02580,2024,4,Q2,Apr,Molding Pati,1,1,626325
INV-02580,2024,4,Q2,Apr,Silparan Kota,4,0,626325
INV-02580,2024,4,Q2,Apr,Beeralu Moulds,1,1,626325
INV-02590,2024,4,Q2,Apr,Doors,1,1,626325
INV-02621,2024,4,Q2,Apr,Tables and Benches,1,1,626325
INV-02621,2024,4,Q2,Apr,Interlock,5,1,626325
INV-02621,2024,4,Q2,Apr,Flower Pots,6,1,626325
INV-02584,2024,4,Q2,Apr,Bathik Tanks,1,0,626325
INV-02584,2024,4,Q2,Apr,Water Proof Tanks,1,1,626325
INV-02597,2024,4,Q2,Apr,Garden Animal Moulds,1,1,626325
INV-02606,2024,4,Q2,Apr,Molding Pati,1,1,626325
INV-02606,2024,4,Q2,Apr,Beeralu Moulds,1,1,626325
INV-02610,2024,4,Q2,Apr,Chemical Proof Tanks,1,1,626325
INV-02610,2024,4,Q2,Apr,Water Proof Tanks,1,1,626325
INV-02610,2024,4,Q2,Apr,Bathik Tanks,1,0,626325
INV-02618,2024,4,Q2,Apr,Roofing Sheets,1,1,626325
INV-02618,2024,4,Q2,Apr,Interlock,1,1,626325
INV-02624,2024,4,Q2,Apr,Kanu Moulds,2,1,626325
INV-02624,2024,4,Q2,Apr,Beeralu Moulds,12,1,626325
INV-02582,2024,4,Q2,Apr,Loover,1,0,626325
INV-02602,2024,4,Q2,Apr,Interlock,5,1,626325
INV-02602,2024,4,Q2,Apr,Roofing Sheets,1,1,626325
INV-02625,2024,4,Q2,Apr,Garden Animal Moulds,4,1,626325
INV-02625,2024,4,Q2,Apr,Tables and Benches,1,1,626325
INV-02625,2024,4,Q2,Apr,Flower Pots,1,1,626325
INV-02615,2024,4,Q2,Apr,Tables and Benches,1,1,626325
INV-02615,2024,4,Q2,Apr,Interlock,1,1,626325
INV-02627,2024,4,Q2,Apr,Kalugal Moulds,1,1,626325
INV-02628,2024,4,Q2,Apr,Roofing Sheets,1,1,626325
INV-02628,2024,4,Q2,Apr,Doors,1,1,626325
INV-02620,2024,4,Q2,Apr,Beeralu Moulds,1,1,626325
INV-02593,2024,4,Q2,Apr,Chemical Proof Tanks,1,1,626325
INV-02619,2024,4,Q2,Apr,Garden Animal Moulds,1,1,626325
INV-02576,2024,4,Q2,Apr,Water Proof Tanks,1,1,626325
INV-02576,2024,4,Q2,Apr,Chemical Proof Tanks,1,1,626325
INV-02587,2024,4,Q2,Apr,Tables and Benches,2,1,626325
INV-02587,2024,4,Q2,Apr,Flower Pots,1,1,626325
INV-02587,2024,4,Q2,Apr,Garden Animal Moulds,1,1,626325
INV-02609,2024,4,Q2,Apr,Flower Pots,6,1,626325
INV-02614,2024,4,Q2,Apr,Tables and Benches,1,1,626325
INV-02614,2024,4,Q2,Apr,Garden Animal Moulds,1,1,626325
INV-02607,2024,4,Q2,Apr,Beeralu Moulds,1,1,626325
INV-02607,2024,4,Q2,Apr,Molding Pati,1,1,626325
INV-02598,2024,4,Q2,Apr,Silparan Kota,1,0,626325
INV-02611,2024,4,Q2,Apr,Garden Animal Moulds,1,1,626325
INV-02611,2024,4,Q2,Apr,Flower Pots,8,1,626325
INV-02586,2024,4,Q2,Apr,Interlock,1,1,626325
INV-02586,2024,4,Q2,Apr,Garden Animal Moulds,2,1,626325
INV-02586,2024,4,Q2,Apr,Roofing Sheets,1,1,626325
INV-02604,2024,4,Q2,Apr,Roofing Sheets,1,1,626325
INV-02604,2024,4,Q2,Apr,Interlock,1,1,626325
INV-02604,2024,4,Q2,Apr,Doors,1,1,626325
INV-02604,2024,4,Q2,Apr,Loover,1,0,626325
INV-02630,2024,4,Q2,Apr,Temple Items,4,1,626325
INV-02630,2024,4,Q2,Apr,Flower Pots,51,1,626325
INV-02588,2024,4,Q2,Apr,Garden Animal Moulds,1,1,626325
INV-02588,2024,4,Q2,Apr,Interlock,1,1,626325
INV-02588,2024,4,Q2,Apr,Tables and Benches,1,1,626325
INV-02588,2024,4,Q2,Apr,Flower Pots,2,1,626325
INV-02605,2024,4,Q2,Apr,Kanu Moulds,7,1,626325
INV-02605,2024,4,Q2,Apr,Kalugal Moulds,3,1,626325
INV-02600,2024,4,Q2,Apr,Interlock,1,1,626325
INV-02600,2024,4,Q2,Apr,Roofing Sheets,1,1,626325
INV-02577,2024,4,Q2,Apr,Flower Pots,2,1,626325
INV-02577,2024,4,Q2,Apr,Garden Animal Moulds,1,1,626325
INV-02577,2024,4,Q2,Apr,Interlock,1,1,626325
INV-02585,2024,4,Q2,Apr,Bathik Tanks,1,0,626325
INV-02613,2024,4,Q2,Apr,Molding Pati,1,1,626325
INV-02613,2024,4,Q2,Apr,Beeralu Moulds,1,1,626325
INV-02579,2024,4,Q2,Apr,Chemical Proof Tanks,1,1,626325
INV-02579,2024,4,Q2,Apr,Water Proof Tanks,1,1,626325
INV-02623,2024,4,Q2,Apr,Silparan Kota,1,0,626325
INV-02594,2024,4,Q2,Apr,Bathik Tanks,1,0,626325
INV-02596,2024,4,Q2,Apr,Garden Animal Moulds,1,1,626325
INV-02596,2024,4,Q2,Apr,Flower Pots,4,1,626325
INV-02596,2024,4,Q2,Apr,Tables and Benches,1,1,626325
INV-02596,2024,4,Q2,Apr,Interlock,2,1,626325
INV-02578,2024,4,Q2,Apr,Kanu Moulds,2,1,626325
INV-02578,2024,4,Q2,Apr,Molding Pati,2,1,626325
INV-02578,2024,4,Q2,Apr,Slab Moulds,1,1,626325
INV-02616,2024,4,Q2,Apr,Chemical Proof Tanks,1,1,626325
INV-02616,2024,4,Q2,Apr,Water Proof Tanks,1,1,626325
INV-02616,2024,4,Q2,Apr,Bathik Tanks,1,0,626325
INV-02622,2024,4,Q2,Apr,Doors,1,1,626325
INV-02622,2024,4,Q2,Apr,Loover,1,0,626325
INV-02622,2024,4,Q2,Apr,Roofing Sheets,1,1,626325
INV-02629,2024,4,Q2,Apr,Water Proof Tanks,1,1,626325
INV-02629,2024,4,Q2,Apr,Chemical Proof Tanks,1,1,626325
INV-02632,2024,4,Q2,Apr,Garden Animal Moulds,1,1,626325
INV-02632,2024,4,Q2,Apr,Flower Pots,21,1,626325
INV-02632,2024,4,Q2,Apr,Temple Items,1,1,626325
INV-02601,2024,4,Q2,Apr,Doors,1,1,626325
INV-02601,2024,4,Q2,Apr,Roofing Sheets,1,1,626325
INV-02595,2024,4,Q2,Apr,Beeralu Moulds,1,1,626325
INV-02595,2024,4,Q2,Apr,Slab Moulds,1,1,626325
INV-02595,2024,4,Q2,Apr,Kanu Moulds,1,1,626325
INV-02599,2024,4,Q2,Apr,Kalugal Moulds,1,1,626325
INV-02599,2024,4,Q2,Apr,Kanu Moulds,4,1,626325
INV-02599,2024,4,Q2,Apr,Beeralu Moulds,2,1,626325
INV-02612,2024,4,Q2,Apr,Chemical Proof Tanks,1,1,626325
INV-02612,2024,4,Q2,Apr,Water Proof Tanks,1,1,626325
INV-02612,2024,4,Q2,Apr,Bathik Tanks,1,0,626325
INV-02592,2024,4,Q2,Apr,Flower Pots,8,1,626325
INV-02592,2024,4,Q2,Apr,Garden Animal Moulds,1,1,626325
INV-02631,2024,4,Q2,Apr,Flower Pots,8,1,626325
INV-02631,2024,4,Q2,Apr,Garden Animal Moulds,1,1,626325
INV-02631,2024,4,Q2,Apr,Tables and Benches,1,1,626325
INV-02591,2024,4,Q2,Apr,Flower Pots,5,1,626325
INV-02591,2024,4,Q2,Apr,Temple Items,1,1,626325
INV-02591,2024,4,Q2,Apr,Garden Animal Moulds,7,1,626325
INV-02591,2024,4,Q2,Apr,Roofing Sheets,1,1,626325
INV-02581,2024,4,Q2,Apr,Roofing Sheets,1,1,626325
INV-02583,2024,4,Q2,Apr,Slab Moulds,1,1,626325
INV-02589,2024,4,Q2,Apr,Silparan Kota,2,0,626325
INV-02626,2024,4,Q2,Apr,Roofing Sheets,1,1,626325
INV-02626,2024,4,Q2,Apr,Doors,1,1,626325
INV-02608,2024,4,Q2,Apr,Flower Pots,4,1,626325
INV-02608,2024,4,Q2,Apr,Tables and Benches,1,1,626325
INV-02608,2024,4,Q2,Apr,Garden Animal Moulds,1,1,626325
INV-02645,2024,5,Q2,May,Flower Pots,2,1,325671
INV-02673,2024,5,Q2,May,Interlock,1,1,325671
INV-02673,2024,5,Q2,May,Loover,1,0,325671
INV-02643,2024,5,Q2,May,Roofing Sheets,1,0,325671
INV-02647,2024,5,Q2,May,Kanu Moulds,2,1,325671
INV-02647,2024,5,Q2,May,Kalugal Moulds,1,1,325671
INV-02637,2024,5,Q2,May,Kalugal Moulds,8,1,325671
INV-02637,2024,5,Q2,May,Beeralu Moulds,5,0,325671
INV-02637,2024,5,Q2,May,Molding Pati,2,0,325671
INV-02637,2024,5,Q2,May,Silparan Kota,8,0,325671
INV-02653,2024,5,Q2,May,Garden Animal Moulds,1,1,325671
INV-02660,2024,5,Q2,May,Kanu Moulds,7,1,325671
INV-02666,2024,5,Q2,May,Loover,2,0,325671
INV-02670,2024,5,Q2,May,Water Proof Tanks,1,1,325671
INV-02670,2024,5,Q2,May,Bathik Tanks,1,0,325671
INV-02648,2024,5,Q2,May,Kanu Moulds,1,1,325671
INV-02648,2024,5,Q2,May,Silparan Kota,1,0,325671
INV-02633,2024,5,Q2,May,Molding Pati,1,0,325671
INV-02662,2024,5,Q2,May,Water Proof Tanks,1,1,325671
INV-02662,2024,5,Q2,May,Chemical Proof Tanks,1,0,325671
INV-02638,2024,5,Q2,May,Slab Moulds,1,1,325671
INV-02668,2024,5,Q2,May,Interlock,1,1,325671
INV-02668,2024,5,Q2,May,Flower Pots,9,1,325671
INV-02657,2024,5,Q2,May,Flower Pots,1,1,325671
INV-02657,2024,5,Q2,May,Garden Animal Moulds,1,1,325671
INV-02671,2024,5,Q2,May,Kalugal Moulds,1,1,325671
INV-02671,2024,5,Q2,May,Kanu Moulds,1,1,325671
INV-02635,2024,5,Q2,May,Bathik Tanks,1,0,325671
INV-02649,2024,5,Q2,May,Kalugal Moulds,1,1,325671
INV-02654,2024,5,Q2,May,Flower Pots,16,1,325671
INV-02654,2024,5,Q2,May,Garden Animal Moulds,3,1,325671
INV-02663,2024,5,Q2,May,Slab Moulds,1,1,325671
INV-02642,2024,5,Q2,May,Molding Pati,1,0,325671
INV-02651,2024,5,Q2,May,Garden Animal Moulds,2,1,325671
INV-02655,2024,5,Q2,May,Tables and Benches,1,1,325671
INV-02640,2024,5,Q2,May,Loover,1,0,325671
INV-02640,2024,5,Q2,May,Doors,1,0,325671
INV-02659,2024,5,Q2,May,Interlock,5,1,325671
INV-02659,2024,5,Q2,May,Roofing Sheets,1,0,325671
INV-02659,2024,5,Q2,May,Loover,5,0,325671
INV-02669,2024,5,Q2,May,Kanu Moulds,2,1,325671
INV-02669,2024,5,Q2,May,Slab Moulds,1,1,325671
INV-02641,2024,5,Q2,May,Garden Animal Moulds,1,1,325671
INV-02639,2024,5,Q2,May,Water Proof Tanks,1,1,325671
INV-02646,2024,5,Q2,May,Doors,1,0,325671
INV-02665,2024,5,Q2,May,Kanu Moulds,1,1,325671
INV-02665,2024,5,Q2,May,Beeralu Moulds,1,0,325671
INV-02650,2024,5,Q2,May,Flower Pots,2,1,325671
INV-02650,2024,5,Q2,May,Temple Items,1,0,325671
INV-02650,2024,5,Q2,May,Garden Animal Moulds,2,1,325671
INV-02664,2024,5,Q2,May,Water Proof Tanks,1,1,325671
INV-02664,2024,5,Q2,May,Bathik Tanks,1,0,325671
INV-02644,2024,5,Q2,May,Roofing Sheets,1,0,325671
INV-02644,2024,5,Q2,May,Interlock,2,1,325671
INV-02644,2024,5,Q2,May,Doors,1,0,325671
INV-02644,2024,5,Q2,May,Loover,1,0,325671
INV-02652,2024,5,Q2,May,Chemical Proof Tanks,1,0,325671
INV-02652,2024,5,Q2,May,Water Proof Tanks,1,1,325671
INV-02667,2024,5,Q2,May,Doors,1,0,325671
INV-02667,2024,5,Q2,May,Interlock,1,1,325671
INV-02634,2024,5,Q2,May,Flower Pots,1,1,325671
INV-02634,2024,5,Q2,May,Tables and Benches,1,1,325671
INV-02634,2024,5,Q2,May,Garden Animal Moulds,1,1,325671
INV-02661,2024,5,Q2,May,Temple Items,1,0,325671
INV-02661,2024,5,Q2,May,Garden Animal Moulds,1,1,325671
INV-02636,2024,5,Q2,May,Loover,1,0,325671
INV-02672,2024,5,Q2,May,Tables and Benches,1,1,325671
INV-02672,2024,5,Q2,May,Garden Animal Moulds,1,1,325671
INV-02672,2024,5,Q2,May,Interlock,1,1,325671
INV-02656,2024,5,Q2,May,Interlock,2,1,325671
INV-02658,2024,5,Q2,May,Slab Moulds,1,1,325671
INV-02702,2024,6,Q2,Jun,Kanu Moulds,1,0,471379
INV-02702,2024,6,Q2,Jun,Silparan Kota,1,0,471379
INV-02703,2024,6,Q2,Jun,Interlock,1,1,471379
INV-02703,2024,6,Q2,Jun,Flower Pots,1,0,471379
INV-02682,2024,6,Q2,Jun,Bathik Tanks,1,0,471379
INV-02682,2024,6,Q2,Jun,Chemical Proof Tanks,1,0,471379
INV-02682,2024,6,Q2,Jun,Water Proof Tanks,1,0,471379
INV-02684,2024,6,Q2,Jun,Loover,1,0,471379
INV-02684,2024,6,Q2,Jun,Interlock,1,1,471379
INV-02684,2024,6,Q2,Jun,Roofing Sheets,1,0,471379
INV-02704,2024,6,Q2,Jun,Tables and Benches,1,0,471379
INV-02704,2024,6,Q2,Jun,Garden Animal Moulds,2,1,471379
INV-02712,2024,6,Q2,Jun,Molding Pati,2,0,471379
INV-02712,2024,6,Q2,Jun,Silparan Kota,5,0,471379
INV-02675,2024,6,Q2,Jun,Roofing Sheets,1,0,471379
INV-02675,2024,6,Q2,Jun,Interlock,1,1,471379
INV-02692,2024,6,Q2,Jun,Kanu Moulds,1,0,471379
INV-02692,2024,6,Q2,Jun,Kalugal Moulds,2,0,471379
INV-02696,2024,6,Q2,Jun,Loover,1,0,471379
INV-02696,2024,6,Q2,Jun,Roofing Sheets,1,0,471379
INV-02700,2024,6,Q2,Jun,Tables and Benches,1,0,471379
INV-02700,2024,6,Q2,Jun,Flower Pots,5,0,471379
INV-02700,2024,6,Q2,Jun,Garden Animal Moulds,2,1,471379
INV-02700,2024,6,Q2,Jun,Interlock,1,1,471379
INV-02678,2024,6,Q2,Jun,Slab Moulds,1,0,471379
INV-02678,2024,6,Q2,Jun,Kalugal Moulds,1,0,471379
INV-02678,2024,6,Q2,Jun,Kanu Moulds,1,0,471379
INV-02680,2024,6,Q2,Jun,Kalugal Moulds,2,0,471379
INV-02680,2024,6,Q2,Jun,Kanu Moulds,1,0,471379
INV-02683,2024,6,Q2,Jun,Doors,1,0,471379
INV-02693,2024,6,Q2,Jun,Molding Pati,1,0,471379
INV-02693,2024,6,Q2,Jun,Silparan Kota,1,0,471379
INV-02693,2024,6,Q2,Jun,Beeralu Moulds,1,0,471379
INV-02693,2024,6,Q2,Jun,Kanu Moulds,4,0,471379
INV-02686,2024,6,Q2,Jun,Interlock,1,1,471379
INV-02686,2024,6,Q2,Jun,Loover,1,0,471379
INV-02711,2024,6,Q2,Jun,Silparan Kota,1,0,471379
INV-02711,2024,6,Q2,Jun,Beeralu Moulds,5,0,471379
INV-02689,2024,6,Q2,Jun,Interlock,1,1,471379
INV-02689,2024,6,Q2,Jun,Loover,1,0,471379
INV-02689,2024,6,Q2,Jun,Doors,1,0,471379
INV-02713,2024,6,Q2,Jun,Kanu Moulds,2,0,471379
INV-02713,2024,6,Q2,Jun,Slab Moulds,1,0,471379
INV-02690,2024,6,Q2,Jun,Bathik Tanks,1,0,471379
INV-02690,2024,6,Q2,Jun,Chemical Proof Tanks,1,0,471379
INV-02690,2024,6,Q2,Jun,Water Proof Tanks,1,0,471379
INV-02697,2024,6,Q2,Jun,Interlock,1,1,471379
INV-02697,2024,6,Q2,Jun,Tables and Benches,1,0,471379
INV-02709,2024,6,Q2,Jun,Interlock,5,1,471379
INV-02709,2024,6,Q2,Jun,Doors,1,0,471379
INV-02709,2024,6,Q2,Jun,Molding Pati,3,0,471379
INV-02681,2024,6,Q2,Jun,Kanu Moulds,13,0,471379
INV-02681,2024,6,Q2,Jun,Silparan Kota,3,0,471379
INV-02688,2024,6,Q2,Jun,Kalugal Moulds,1,0,471379
INV-02688,2024,6,Q2,Jun,Slab Moulds,1,0,471379
INV-02688,2024,6,Q2,Jun,Beeralu Moulds,2,0,471379
INV-02688,2024,6,Q2,Jun,Doors,1,0,471379
INV-02715,2024,6,Q2,Jun,Silparan Kota,8,0,471379
INV-02717,2024,6,Q2,Jun,Slab Moulds,1,0,471379
INV-02717,2024,6,Q2,Jun,Beeralu Moulds,1,0,471379
INV-02698,2024,6,Q2,Jun,Slab Moulds,1,0,471379
INV-02714,2024,6,Q2,Jun,Loover,1,0,471379
INV-02695,2024,6,Q2,Jun,Tables and Benches,1,0,471379
INV-02695,2024,6,Q2,Jun,Flower Pots,1,0,471379
INV-02701,2024,6,Q2,Jun,Bathik Tanks,1,0,471379
INV-02701,2024,6,Q2,Jun,Chemical Proof Tanks,1,0,471379
INV-02701,2024,6,Q2,Jun,Water Proof Tanks,1,0,471379
INV-02710,2024,6,Q2,Jun,Temple Items,1,0,471379
INV-02708,2024,6,Q2,Jun,Molding Pati,1,0,471379
INV-02708,2024,6,Q2,Jun,Kalugal Moulds,1,0,471379
INV-02676,2024,6,Q2,Jun,Molding Pati,3,0,471379
INV-02676,2024,6,Q2,Jun,Beeralu Moulds,1,0,471379
INV-02677,2024,6,Q2,Jun,Kalugal Moulds,7,0,471379
INV-02677,2024,6,Q2,Jun,Kanu Moulds,5,0,471379
INV-02707,2024,6,Q2,Jun,Slab Moulds,1,0,471379
INV-02707,2024,6,Q2,Jun,Kanu Moulds,1,0,471379
INV-02691,2024,6,Q2,Jun,Interlock,1,1,471379
INV-02691,2024,6,Q2,Jun,Roofing Sheets,1,0,471379
INV-02691,2024,6,Q2,Jun,Loover,1,0,471379
INV-02674,2024,6,Q2,Jun,Slab Moulds,1,0,471379
INV-02685,2024,6,Q2,Jun,Slab Moulds,1,0,471379
INV-02685,2024,6,Q2,Jun,Kalugal Moulds,1,0,471379
INV-02685,2024,6,Q2,Jun,Beeralu Moulds,1,0,471379
INV-02694,2024,6,Q2,Jun,Interlock,1,1,471379
INV-02694,2024,6,Q2,Jun,Tables and Benches,1,0,471379
INV-02694,2024,6,Q2,Jun,Garden Animal Moulds,1,1,471379
INV-02694,2024,6,Q2,Jun,Flower Pots,3,0,471379
INV-02706,2024,6,Q2,Jun,Loover,1,0,471379
INV-02706,2024,6,Q2,Jun,Roofing Sheets,1,0,471379
INV-02706,2024,6,Q2,Jun,Doors,1,0,471379
INV-02706,2024,6,Q2,Jun,Interlock,1,1,471379
INV-02687,2024,6,Q2,Jun,Bathik Tanks,1,0,471379
INV-02716,2024,6,Q2,Jun,Interlock,6,1,471379
INV-02716,2024,6,Q2,Jun,Flower Pots,14,0,471379
INV-02716,2024,6,Q2,Jun,Garden Animal Moulds,7,1,471379
INV-02705,2024,6,Q2,Jun,Loover,1,0,471379
INV-02679,2024,6,Q2,Jun,Roofing Sheets,1,0,471379
INV-02699,2024,6,Q2,Jun,Silparan Kota,1,0,471379
INV-02768,2024,7,Q3,Jul,Doors,1,0,876541
INV-02768,2024,7,Q3,Jul,Interlock,1,0,876541
INV-02726,2024,7,Q3,Jul,Silparan Kota,11,0,876541
INV-02726,2024,7,Q3,Jul,Beeralu Moulds,1,0,876541
INV-02759,2024,7,Q3,Jul,Flower Pots,66,0,876541
INV-02759,2024,7,Q3,Jul,Temple Items,1,1,876541
INV-02759,2024,7,Q3,Jul,Garden Animal Moulds,9,0,876541
INV-02777,2024,7,Q3,Jul,Interlock,1,0,876541
INV-02777,2024,7,Q3,Jul,Tables and Benches,1,0,876541
INV-02764,2024,7,Q3,Jul,Tables and Benches,1,0,876541
INV-02764,2024,7,Q3,Jul,Interlock,1,0,876541
INV-02764,2024,7,Q3,Jul,Flower Pots,3,0,876541
INV-02729,2024,7,Q3,Jul,Kalugal Moulds,3,0,876541
INV-02729,2024,7,Q3,Jul,Slab Moulds,1,0,876541
INV-02729,2024,7,Q3,Jul,Kanu Moulds,8,0,876541
INV-02729,2024,7,Q3,Jul,Molding Pati,1,0,876541
INV-02734,2024,7,Q3,Jul,Water Proof Tanks,1,0,876541
INV-02734,2024,7,Q3,Jul,Chemical Proof Tanks,1,0,876541
INV-02734,2024,7,Q3,Jul,Bathik Tanks,1,0,876541
INV-02763,2024,7,Q3,Jul,Roofing Sheets,1,0,876541
INV-02763,2024,7,Q3,Jul,Loover,1,0,876541
INV-02738,2024,7,Q3,Jul,Interlock,1,0,876541
INV-02738,2024,7,Q3,Jul,Roofing Sheets,1,0,876541
INV-02738,2024,7,Q3,Jul,Loover,1,0,876541
INV-02738,2024,7,Q3,Jul,Doors,1,0,876541
INV-02740,2024,7,Q3,Jul,Beeralu Moulds,1,0,876541
INV-02740,2024,7,Q3,Jul,Silparan Kota,1,0,876541
INV-02740,2024,7,Q3,Jul,Slab Moulds,1,0,876541
INV-02740,2024,7,Q3,Jul,Kalugal Moulds,1,0,876541
INV-02744,2024,7,Q3,Jul,Water Proof Tanks,1,0,876541
INV-02744,2024,7,Q3,Jul,Chemical Proof Tanks,1,0,876541
INV-02744,2024,7,Q3,Jul,Bathik Tanks,1,0,876541
INV-02744,2024,7,Q3,Jul,Tables and Benches,1,0,876541
INV-02749,2024,7,Q3,Jul,Beeralu Moulds,2,0,876541
INV-02749,2024,7,Q3,Jul,Silparan Kota,29,0,876541
INV-02749,2024,7,Q3,Jul,Molding Pati,2,0,876541
INV-02769,2024,7,Q3,Jul,Kalugal Moulds,1,0,876541
INV-02769,2024,7,Q3,Jul,Silparan Kota,2,0,876541
INV-02719,2024,7,Q3,Jul,Chemical Proof Tanks,1,0,876541
INV-02719,2024,7,Q3,Jul,Water Proof Tanks,1,0,876541
INV-02742,2024,7,Q3,Jul,Garden Animal Moulds,1,0,876541
INV-02752,2024,7,Q3,Jul,Silparan Kota,2,0,876541
INV-02766,2024,7,Q3,Jul,Tables and Benches,1,0,876541
INV-02766,2024,7,Q3,Jul,Flower Pots,1,0,876541
INV-02736,2024,7,Q3,Jul,Flower Pots,2,0,876541
INV-02755,2024,7,Q3,Jul,Kanu Moulds,1,0,876541
INV-02755,2024,7,Q3,Jul,Molding Pati,2,0,876541
INV-02756,2024,7,Q3,Jul,Chemical Proof Tanks,1,0,876541
INV-02756,2024,7,Q3,Jul,Bathik Tanks,1,0,876541
INV-02767,2024,7,Q3,Jul,Roofing Sheets,29,0,876541
INV-02767,2024,7,Q3,Jul,Loover,3,0,876541
INV-02731,2024,7,Q3,Jul,Garden Animal Moulds,1,0,876541
INV-02731,2024,7,Q3,Jul,Tables and Benches,1,0,876541
INV-02746,2024,7,Q3,Jul,Flower Pots,25,0,876541
INV-02746,2024,7,Q3,Jul,Interlock,1,0,876541
INV-02724,2024,7,Q3,Jul,Kalugal Moulds,1,0,876541
INV-02724,2024,7,Q3,Jul,Molding Pati,1,0,876541
INV-02754,2024,7,Q3,Jul,Doors,1,0,876541
INV-02754,2024,7,Q3,Jul,Interlock,2,0,876541
INV-02754,2024,7,Q3,Jul,Roofing Sheets,1,0,876541
INV-02761,2024,7,Q3,Jul,Roofing Sheets,1,0,876541
INV-02761,2024,7,Q3,Jul,Loover,1,0,876541
INV-02761,2024,7,Q3,Jul,Interlock,1,0,876541
INV-02739,2024,7,Q3,Jul,Silparan Kota,1,0,876541
INV-02739,2024,7,Q3,Jul,Kalugal Moulds,1,0,876541
INV-02745,2024,7,Q3,Jul,Interlock,1,0,876541
INV-02753,2024,7,Q3,Jul,Tables and Benches,1,0,876541
INV-02753,2024,7,Q3,Jul,Interlock,1,0,876541
INV-02771,2024,7,Q3,Jul,Beeralu Moulds,9,0,876541
INV-02771,2024,7,Q3,Jul,Molding Pati,1,0,876541
INV-02774,2024,7,Q3,Jul,Loover,1,0,876541
INV-02774,2024,7,Q3,Jul,Roofing Sheets,1,0,876541
INV-02774,2024,7,Q3,Jul,Interlock,1,0,876541
INV-02721,2024,7,Q3,Jul,Doors,1,0,876541
INV-02721,2024,7,Q3,Jul,Loover,1,0,876541
INV-02737,2024,7,Q3,Jul,Interlock,7,0,876541
INV-02737,2024,7,Q3,Jul,Loover,2,0,876541
INV-02770,2024,7,Q3,Jul,Loover,1,0,876541
INV-02770,2024,7,Q3,Jul,Doors,1,0,876541
INV-02747,2024,7,Q3,Jul,Garden Animal Moulds,1,0,876541
INV-02747,2024,7,Q3,Jul,Tables and Benches,1,0,876541
INV-02747,2024,7,Q3,Jul,Interlock,2,0,876541
INV-02747,2024,7,Q3,Jul,Flower Pots,3,0,876541
INV-02723,2024,7,Q3,Jul,Garden Animal Moulds,1,0,876541
INV-02723,2024,7,Q3,Jul,Tables and Benches,1,0,876541
INV-02723,2024,7,Q3,Jul,Flower Pots,5,0,876541
INV-02741,2024,7,Q3,Jul,Temple Items,1,1,876541
INV-02741,2024,7,Q3,Jul,Garden Animal Moulds,5,0,876541
INV-02741,2024,7,Q3,Jul,Flower Pots,19,0,876541
INV-02748,2024,7,Q3,Jul,Bathik Tanks,1,0,876541
INV-02718,2024,7,Q3,Jul,Silparan Kota,1,0,876541
INV-02720,2024,7,Q3,Jul,Garden Animal Moulds,4,0,876541
INV-02720,2024,7,Q3,Jul,Flower Pots,9,0,876541
INV-02720,2024,7,Q3,Jul,Temple Items,3,1,876541
INV-02722,2024,7,Q3,Jul,Silparan Kota,1,0,876541
INV-02732,2024,7,Q3,Jul,Chemical Proof Tanks,1,0,876541
INV-02743,2024,7,Q3,Jul,Garden Animal Moulds,1,0,876541
INV-02743,2024,7,Q3,Jul,Interlock,1,0,876541
INV-02765,2024,7,Q3,Jul,Slab Moulds,1,0,876541
INV-02730,2024,7,Q3,Jul,Kalugal Moulds,1,0,876541
INV-02730,2024,7,Q3,Jul,Silparan Kota,4,0,876541
INV-02730,2024,7,Q3,Jul,Beeralu Moulds,2,0,876541
INV-02760,2024,7,Q3,Jul,Beeralu Moulds,1,0,876541
INV-02760,2024,7,Q3,Jul,Kalugal Moulds,2,0,876541
INV-02760,2024,7,Q3,Jul,Silparan Kota,1,0,876541
INV-02733,2024,7,Q3,Jul,Beeralu Moulds,1,0,876541
INV-02725,2024,7,Q3,Jul,Roofing Sheets,1,0,876541
INV-02725,2024,7,Q3,Jul,Interlock,5,0,876541
INV-02728,2024,7,Q3,Jul,Silparan Kota,1,0,876541
INV-02762,2024,7,Q3,Jul,Kanu Moulds,3,0,876541
INV-02762,2024,7,Q3,Jul,Slab Moulds,1,0,876541
INV-02773,2024,7,Q3,Jul,Beeralu Moulds,1,0,876541
INV-02773,2024,7,Q3,Jul,Kalugal Moulds,1,0,876541
INV-02735,2024,7,Q3,Jul,Kanu Moulds,5,0,876541
INV-02750,2024,7,Q3,Jul,Roofing Sheets,1,0,876541
INV-02751,2024,7,Q3,Jul,Kalugal Moulds,1,0,876541
INV-02751,2024,7,Q3,Jul,Beeralu Moulds,1,0,876541
INV-02772,2024,7,Q3,Jul,Garden Animal Moulds,2,0,876541
INV-02775,2024,7,Q3,Jul,Loover,1,0,876541
INV-02758,2024,7,Q3,Jul,Slab Moulds,1,0,876541
INV-02776,2024,7,Q3,Jul,Garden Animal Moulds,1,0,876541
INV-02727,2024,7,Q3,Jul,Temple Items,1,1,876541
INV-02757,2024,7,Q3,Jul,Interlock,1,0,876541
INV-02757,2024,7,Q3,Jul,Tables and Benches,1,0,876541
INV-02757,2024,7,Q3,Jul,Flower Pots,1,0,876541
INV-02757,2024,7,Q3,Jul,Garden Animal Moulds,9,0,876541
INV-02785,2024,8,Q3,Aug,Garden Animal Moulds,2,0,362458
INV-02785,2024,8,Q3,Aug,Temple Items,1,0,362458
INV-02795,2024,8,Q3,Aug,Flower Pots,2,0,362458
INV-02803,2024,8,Q3,Aug,Garden Animal Moulds,1,0,362458
INV-02803,2024,8,Q3,Aug,Flower Pots,1,0,362458
INV-02805,2024,8,Q3,Aug,Loover,1,0,362458
INV-02789,2024,8,Q3,Aug,Interlock,1,0,362458
INV-02789,2024,8,Q3,Aug,Tables and Benches,1,0,362458
INV-02797,2024,8,Q3,Aug,Interlock,1,0,362458
INV-02797,2024,8,Q3,Aug,Flower Pots,6,0,362458
INV-02797,2024,8,Q3,Aug,Garden Animal Moulds,1,0,362458
INV-02797,2024,8,Q3,Aug,Tables and Benches,1,0,362458
INV-02806,2024,8,Q3,Aug,Molding Pati,1,0,362458
INV-02806,2024,8,Q3,Aug,Kanu Moulds,1,0,362458
INV-02788,2024,8,Q3,Aug,Flower Pots,2,0,362458
INV-02807,2024,8,Q3,Aug,Bathik Tanks,1,0,362458
INV-02810,2024,8,Q3,Aug,Temple Items,1,0,362458
INV-02810,2024,8,Q3,Aug,Flower Pots,1,0,362458
INV-02804,2024,8,Q3,Aug,Kanu Moulds,2,0,362458
INV-02804,2024,8,Q3,Aug,Silparan Kota,5,0,362458
INV-02804,2024,8,Q3,Aug,Kalugal Moulds,12,0,362458
INV-02802,2024,8,Q3,Aug,Kalugal Moulds,3,0,362458
INV-02802,2024,8,Q3,Aug,Silparan Kota,1,0,362458
INV-02802,2024,8,Q3,Aug,Slab Moulds,1,0,362458
INV-02802,2024,8,Q3,Aug,Molding Pati,2,0,362458
INV-02799,2024,8,Q3,Aug,Interlock,1,0,362458
INV-02799,2024,8,Q3,Aug,Flower Pots,2,0,362458
INV-02812,2024,8,Q3,Aug,Beeralu Moulds,1,0,362458
INV-02781,2024,8,Q3,Aug,Loover,2,0,362458
INV-02781,2024,8,Q3,Aug,Doors,1,0,362458
INV-02781,2024,8,Q3,Aug,Interlock,4,0,362458
INV-02783,2024,8,Q3,Aug,Kanu Moulds,1,0,362458
INV-02783,2024,8,Q3,Aug,Molding Pati,1,0,362458
INV-02793,2024,8,Q3,Aug,Water Proof Tanks,1,0,362458
INV-02784,2024,8,Q3,Aug,Interlock,2,0,362458
INV-02809,2024,8,Q3,Aug,Bathik Tanks,1,0,362458
INV-02809,2024,8,Q3,Aug,Water Proof Tanks,1,0,362458
INV-02815,2024,8,Q3,Aug,Kanu Moulds,1,0,362458
INV-02815,2024,8,Q3,Aug,Slab Moulds,1,0,362458
INV-02811,2024,8,Q3,Aug,Roofing Sheets,1,0,362458
INV-02796,2024,8,Q3,Aug,Molding Pati,1,0,362458
INV-02796,2024,8,Q3,Aug,Silparan Kota,1,0,362458
INV-02796,2024,8,Q3,Aug,Beeralu Moulds,1,0,362458
INV-02782,2024,8,Q3,Aug,Roofing Sheets,2,0,362458
INV-02782,2024,8,Q3,Aug,Interlock,1,0,362458
INV-02787,2024,8,Q3,Aug,Flower Pots,1,0,362458
INV-02787,2024,8,Q3,Aug,Tables and Benches,1,0,362458
INV-02787,2024,8,Q3,Aug,Interlock,3,0,362458
INV-02787,2024,8,Q3,Aug,Garden Animal Moulds,4,0,362458
INV-02779,2024,8,Q3,Aug,Beeralu Moulds,3,0,362458
INV-02817,2024,8,Q3,Aug,Silparan Kota,3,0,362458
INV-02817,2024,8,Q3,Aug,Beeralu Moulds,3,0,362458
INV-02786,2024,8,Q3,Aug,Water Proof Tanks,1,0,362458
INV-02786,2024,8,Q3,Aug,Bathik Tanks,1,0,362458
INV-02786,2024,8,Q3,Aug,Chemical Proof Tanks,1,0,362458
INV-02816,2024,8,Q3,Aug,Molding Pati,1,0,362458
INV-02816,2024,8,Q3,Aug,Silparan Kota,3,0,362458
INV-02816,2024,8,Q3,Aug,Beeralu Moulds,1,0,362458
INV-02780,2024,8,Q3,Aug,Interlock,2,0,362458
INV-02794,2024,8,Q3,Aug,Molding Pati,1,0,362458
INV-02798,2024,8,Q3,Aug,Kanu Moulds,1,0,362458
INV-02798,2024,8,Q3,Aug,Beeralu Moulds,1,0,362458
INV-02778,2024,8,Q3,Aug,Tables and Benches,1,0,362458
INV-02778,2024,8,Q3,Aug,Garden Animal Moulds,1,0,362458
INV-02792,2024,8,Q3,Aug,Silparan Kota,2,0,362458
INV-02800,2024,8,Q3,Aug,Beeralu Moulds,9,0,362458
INV-02800,2024,8,Q3,Aug,Slab Moulds,1,0,362458
INV-02800,2024,8,Q3,Aug,Kanu Moulds,5,0,362458
INV-02801,2024,8,Q3,Aug,Slab Moulds,1,0,362458
INV-02801,2024,8,Q3,Aug,Beeralu Moulds,1,0,362458
INV-02801,2024,8,Q3,Aug,Silparan Kota,4,0,362458
INV-02818,2024,8,Q3,Aug,Flower Pots,8,0,362458
INV-02818,2024,8,Q3,Aug,Garden Animal Moulds,1,0,362458
INV-02818,2024,8,Q3,Aug,Temple Items,1,0,362458
INV-02813,2024,8,Q3,Aug,Interlock,1,0,362458
INV-02790,2024,8,Q3,Aug,Tables and Benches,1,0,362458
INV-02791,2024,8,Q3,Aug,Roofing Sheets,1,0,362458
INV-02808,2024,8,Q3,Aug,Interlock,1,0,362458
INV-02808,2024,8,Q3,Aug,Tables and Benches,1,0,362458
INV-02814,2024,8,Q3,Aug,Tables and Benches,1,0,362458
INV-02814,2024,8,Q3,Aug,Flower Pots,3,0,362458
INV-02835,2024,9,Q3,Sep,Tables and Benches,1,0,531898
INV-02835,2024,9,Q3,Sep,Interlock,1,0,531898
INV-02835,2024,9,Q3,Sep,Garden Animal Moulds,2,0,531898
INV-02835,2024,9,Q3,Sep,Flower Pots,11,0,531898
INV-02859,2024,9,Q3,Sep,Loover,1,0,531898
INV-02859,2024,9,Q3,Sep,Interlock,1,0,531898
INV-02859,2024,9,Q3,Sep,Doors,1,0,531898
INV-02845,2024,9,Q3,Sep,Silparan Kota,1,0,531898
INV-02845,2024,9,Q3,Sep,Beeralu Moulds,1,0,531898
INV-02845,2024,9,Q3,Sep,Slab Moulds,1,0,531898
INV-02845,2024,9,Q3,Sep,Kalugal Moulds,1,0,531898
INV-02856,2024,9,Q3,Sep,Flower Pots,1,0,531898
INV-02856,2024,9,Q3,Sep,Tables and Benches,1,0,531898
INV-02852,2024,9,Q3,Sep,Beeralu Moulds,6,0,531898
INV-02852,2024,9,Q3,Sep,Molding Pati,1,0,531898
INV-02852,2024,9,Q3,Sep,Kalugal Moulds,2,0,531898
INV-02861,2024,9,Q3,Sep,Slab Moulds,1,0,531898
INV-02861,2024,9,Q3,Sep,Silparan Kota,2,0,531898
INV-02844,2024,9,Q3,Sep,Flower Pots,2,0,531898
INV-02844,2024,9,Q3,Sep,Garden Animal Moulds,1,0,531898
INV-02844,2024,9,Q3,Sep,Tables and Benches,1,0,531898
INV-02846,2024,9,Q3,Sep,Loover,1,0,531898
INV-02823,2024,9,Q3,Sep,Flower Pots,1,0,531898
INV-02823,2024,9,Q3,Sep,Garden Animal Moulds,1,0,531898
INV-02824,2024,9,Q3,Sep,Tables and Benches,1,0,531898
INV-02824,2024,9,Q3,Sep,Interlock,10,0,531898
INV-02824,2024,9,Q3,Sep,Garden Animal Moulds,4,0,531898
INV-02826,2024,9,Q3,Sep,Kanu Moulds,2,0,531898
INV-02826,2024,9,Q3,Sep,Silparan Kota,1,0,531898
INV-02826,2024,9,Q3,Sep,Beeralu Moulds,5,0,531898
INV-02828,2024,9,Q3,Sep,Beeralu Moulds,1,0,531898
INV-02828,2024,9,Q3,Sep,Slab Moulds,1,0,531898
INV-02821,2024,9,Q3,Sep,Tables and Benches,1,0,531898
INV-02821,2024,9,Q3,Sep,Interlock,1,0,531898
INV-02830,2024,9,Q3,Sep,Tables and Benches,1,0,531898
INV-02820,2024,9,Q3,Sep,Kalugal Moulds,2,0,531898
INV-02820,2024,9,Q3,Sep,Beeralu Moulds,1,0,531898
INV-02822,2024,9,Q3,Sep,Molding Pati,1,0,531898
INV-02822,2024,9,Q3,Sep,Kalugal Moulds,1,0,531898
INV-02822,2024,9,Q3,Sep,Silparan Kota,3,0,531898
INV-02860,2024,9,Q3,Sep,Flower Pots,10,0,531898
INV-02860,2024,9,Q3,Sep,Tables and Benches,1,0,531898
INV-02860,2024,9,Q3,Sep,Interlock,1,0,531898
INV-02860,2024,9,Q3,Sep,Garden Animal Moulds,1,0,531898
INV-02829,2024,9,Q3,Sep,Kanu Moulds,1,0,531898
INV-02832,2024,9,Q3,Sep,Molding Pati,1,0,531898
INV-02839,2024,9,Q3,Sep,Flower Pots,2,0,531898
INV-02839,2024,9,Q3,Sep,Garden Animal Moulds,1,0,531898
INV-02839,2024,9,Q3,Sep,Temple Items,1,0,531898
INV-02855,2024,9,Q3,Sep,Flower Pots,8,0,531898
INV-02848,2024,9,Q3,Sep,Bathik Tanks,1,0,531898
INV-02848,2024,9,Q3,Sep,Chemical Proof Tanks,1,0,531898
INV-02857,2024,9,Q3,Sep,Molding Pati,5,0,531898
INV-02857,2024,9,Q3,Sep,Kalugal Moulds,1,0,531898
INV-02857,2024,9,Q3,Sep,Kanu Moulds,3,0,531898
INV-02858,2024,9,Q3,Sep,Kalugal Moulds,1,0,531898
INV-02858,2024,9,Q3,Sep,Kanu Moulds,1,0,531898
INV-02858,2024,9,Q3,Sep,Slab Moulds,1,0,531898
INV-02833,2024,9,Q3,Sep,Water Proof Tanks,1,0,531898
INV-02833,2024,9,Q3,Sep,Bathik Tanks,1,0,531898
INV-02840,2024,9,Q3,Sep,Interlock,1,0,531898
INV-02840,2024,9,Q3,Sep,Garden Animal Moulds,1,0,531898
INV-02850,2024,9,Q3,Sep,Chemical Proof Tanks,1,0,531898
INV-02850,2024,9,Q3,Sep,Bathik Tanks,1,0,531898
INV-02850,2024,9,Q3,Sep,Water Proof Tanks,1,0,531898
INV-02854,2024,9,Q3,Sep,Beeralu Moulds,1,0,531898
INV-02831,2024,9,Q3,Sep,Temple Items,1,0,531898
INV-02834,2024,9,Q3,Sep,Flower Pots,1,0,531898
INV-02819,2024,9,Q3,Sep,Kalugal Moulds,1,0,531898
INV-02819,2024,9,Q3,Sep,Molding Pati,1,0,531898
INV-02819,2024,9,Q3,Sep,Beeralu Moulds,2,0,531898
INV-02819,2024,9,Q3,Sep,Water Proof Tanks,1,0,531898
INV-02847,2024,9,Q3,Sep,Water Proof Tanks,1,0,531898
INV-02849,2024,9,Q3,Sep,Garden Animal Moulds,2,0,531898
INV-02853,2024,9,Q3,Sep,Beeralu Moulds,2,0,531898
INV-02853,2024,9,Q3,Sep,Molding Pati,2,0,531898
INV-02853,2024,9,Q3,Sep,Kalugal Moulds,12,0,531898
INV-02853,2024,9,Q3,Sep,Silparan Kota,5,0,531898
INV-02825,2024,9,Q3,Sep,Doors,1,0,531898
INV-02825,2024,9,Q3,Sep,Interlock,1,0,531898
INV-02825,2024,9,Q3,Sep,Loover,1,0,531898
INV-02838,2024,9,Q3,Sep,Kanu Moulds,9,0,531898
INV-02838,2024,9,Q3,Sep,Silparan Kota,7,0,531898
INV-02838,2024,9,Q3,Sep,Kalugal Moulds,11,0,531898
INV-02836,2024,9,Q3,Sep,Bathik Tanks,1,0,531898
INV-02836,2024,9,Q3,Sep,Chemical Proof Tanks,1,0,531898
INV-02836,2024,9,Q3,Sep,Water Proof Tanks,1,0,531898
INV-02836,2024,9,Q3,Sep,Roofing Sheets,1,0,531898
INV-02841,2024,9,Q3,Sep,Interlock,1,0,531898
INV-02841,2024,9,Q3,Sep,Flower Pots,5,0,531898
INV-02851,2024,9,Q3,Sep,Interlock,1,0,531898
INV-02842,2024,9,Q3,Sep,Kanu Moulds,1,0,531898
INV-02842,2024,9,Q3,Sep,Molding Pati,1,0,531898
INV-02842,2024,9,Q3,Sep,Beeralu Moulds,3,0,531898
INV-02842,2024,9,Q3,Sep,Slab Moulds,1,0,531898
INV-02827,2024,9,Q3,Sep,Beeralu Moulds,1,0,531898
INV-02827,2024,9,Q3,Sep,Kalugal Moulds,1,0,531898
INV-02837,2024,9,Q3,Sep,Slab Moulds,1,0,531898
INV-02837,2024,9,Q3,Sep,Kanu Moulds,1,0,531898
INV-02843,2024,9,Q3,Sep,Kalugal Moulds,1,0,531898
INV-02843,2024,9,Q3,Sep,Silparan Kota,2,0,531898
INV-02879,2024,10,Q4,Oct,Tables and Benches,1,0,562600
INV-02879,2024,10,Q4,Oct,Garden Animal Moulds,1,0,562600
INV-02891,2024,10,Q4,Oct,Silparan Kota,1,1,562600
INV-02891,2024,10,Q4,Oct,Beeralu Moulds,1,0,562600
INV-02870,2024,10,Q4,Oct,Chemical Proof Tanks,1,0,562600
INV-02870,2024,10,Q4,Oct,Water Proof Tanks,1,0,562600
INV-02886,2024,10,Q4,Oct,Kanu Moulds,1,0,562600
INV-02886,2024,10,Q4,Oct,Kalugal Moulds,1,0,562600
INV-02898,2024,10,Q4,Oct,Temple Items,1,0,562600
INV-02906,2024,10,Q4,Oct,Flower Pots,1,0,562600
INV-02906,2024,10,Q4,Oct,Temple Items,1,0,562600
INV-02906,2024,10,Q4,Oct,Garden Animal Moulds,1,0,562600
INV-02874,2024,10,Q4,Oct,Kalugal Moulds,1,0,562600
INV-02909,2024,10,Q4,Oct,Silparan Kota,2,1,562600
INV-02909,2024,10,Q4,Oct,Molding Pati,1,0,562600
INV-02909,2024,10,Q4,Oct,Slab Moulds,1,0,562600
INV-02884,2024,10,Q4,Oct,Doors,1,0,562600
INV-02884,2024,10,Q4,Oct,Loover,1,0,562600
INV-02885,2024,10,Q4,Oct,Interlock,11,0,562600
INV-02885,2024,10,Q4,Oct,Doors,1,0,562600
INV-02885,2024,10,Q4,Oct,Loover,3,0,562600
INV-02885,2024,10,Q4,Oct,Silparan Kota,6,1,562600
INV-02903,2024,10,Q4,Oct,Chemical Proof Tanks,1,0,562600
INV-02903,2024,10,Q4,Oct,Water Proof Tanks,1,0,562600
INV-02903,2024,10,Q4,Oct,Bathik Tanks,1,0,562600
INV-02863,2024,10,Q4,Oct,Loover,2,0,562600
INV-02863,2024,10,Q4,Oct,Doors,1,0,562600
INV-02867,2024,10,Q4,Oct,Temple Items,9,0,562600
INV-02867,2024,10,Q4,Oct,Flower Pots,14,0,562600
INV-02867,2024,10,Q4,Oct,Garden Animal Moulds,4,0,562600
INV-02877,2024,10,Q4,Oct,Chemical Proof Tanks,1,0,562600
INV-02877,2024,10,Q4,Oct,Bathik Tanks,1,0,562600
INV-02897,2024,10,Q4,Oct,Flower Pots,2,0,562600
INV-02897,2024,10,Q4,Oct,Garden Animal Moulds,1,0,562600
INV-02901,2024,10,Q4,Oct,Flower Pots,2,0,562600
INV-02890,2024,10,Q4,Oct,Tables and Benches,1,0,562600
INV-02890,2024,10,Q4,Oct,Flower Pots,4,0,562600
INV-02890,2024,10,Q4,Oct,Garden Animal Moulds,1,0,562600
INV-02890,2024,10,Q4,Oct,Interlock,1,0,562600
INV-02894,2024,10,Q4,Oct,Bathik Tanks,1,0,562600
INV-02894,2024,10,Q4,Oct,Water Proof Tanks,1,0,562600
INV-02895,2024,10,Q4,Oct,Slab Moulds,1,0,562600
INV-02904,2024,10,Q4,Oct,Bathik Tanks,1,0,562600
INV-02904,2024,10,Q4,Oct,Water Proof Tanks,1,0,562600
INV-02904,2024,10,Q4,Oct,Chemical Proof Tanks,1,0,562600
INV-02905,2024,10,Q4,Oct,Roofing Sheets,1,0,562600
INV-02905,2024,10,Q4,Oct,Loover,1,0,562600
INV-02865,2024,10,Q4,Oct,Silparan Kota,1,1,562600
INV-02865,2024,10,Q4,Oct,Slab Moulds,1,0,562600
INV-02865,2024,10,Q4,Oct,Beeralu Moulds,8,0,562600
INV-02878,2024,10,Q4,Oct,Chemical Proof Tanks,1,0,562600
INV-02893,2024,10,Q4,Oct,Silparan Kota,2,1,562600
INV-02893,2024,10,Q4,Oct,Molding Pati,1,0,562600
INV-02881,2024,10,Q4,Oct,Doors,1,0,562600
INV-02883,2024,10,Q4,Oct,Interlock,1,0,562600
INV-02883,2024,10,Q4,Oct,Flower Pots,3,0,562600
INV-02883,2024,10,Q4,Oct,Garden Animal Moulds,1,0,562600
INV-02889,2024,10,Q4,Oct,Bathik Tanks,1,0,562600
INV-02889,2024,10,Q4,Oct,Water Proof Tanks,1,0,562600
INV-02889,2024,10,Q4,Oct,Chemical Proof Tanks,1,0,562600
INV-02868,2024,10,Q4,Oct,Chemical Proof Tanks,1,0,562600
INV-02872,2024,10,Q4,Oct,Bathik Tanks,1,0,562600
INV-02872,2024,10,Q4,Oct,Chemical Proof Tanks,1,0,562600
INV-02875,2024,10,Q4,Oct,Flower Pots,1,0,562600
INV-02911,2024,10,Q4,Oct,Interlock,1,0,562600
INV-02911,2024,10,Q4,Oct,Roofing Sheets,1,0,562600
INV-02887,2024,10,Q4,Oct,Roofing Sheets,2,0,562600
INV-02892,2024,10,Q4,Oct,Tables and Benches,1,0,562600
INV-02866,2024,10,Q4,Oct,Flower Pots,1,0,562600
INV-02900,2024,10,Q4,Oct,Interlock,1,0,562600
INV-02899,2024,10,Q4,Oct,Beeralu Moulds,3,0,562600
INV-02899,2024,10,Q4,Oct,Silparan Kota,1,1,562600
INV-02862,2024,10,Q4,Oct,Loover,1,0,562600
INV-02862,2024,10,Q4,Oct,Interlock,1,0,562600
INV-02862,2024,10,Q4,Oct,Doors,1,0,562600
INV-02873,2024,10,Q4,Oct,Water Proof Tanks,1,0,562600
INV-02907,2024,10,Q4,Oct,Silparan Kota,1,1,562600
INV-02907,2024,10,Q4,Oct,Molding Pati,2,0,562600
INV-02876,2024,10,Q4,Oct,Chemical Proof Tanks,1,0,562600
INV-02876,2024,10,Q4,Oct,Water Proof Tanks,1,0,562600
INV-02910,2024,10,Q4,Oct,Tables and Benches,1,0,562600
INV-02910,2024,10,Q4,Oct,Garden Animal Moulds,2,0,562600
INV-02910,2024,10,Q4,Oct,Interlock,1,0,562600
INV-02888,2024,10,Q4,Oct,Loover,2,0,562600
INV-02888,2024,10,Q4,Oct,Roofing Sheets,1,0,562600
INV-02902,2024,10,Q4,Oct,Kalugal Moulds,1,0,562600
INV-02902,2024,10,Q4,Oct,Slab Moulds,1,0,562600
INV-02864,2024,10,Q4,Oct,Molding Pati,1,0,562600
INV-02864,2024,10,Q4,Oct,Beeralu Moulds,1,0,562600
INV-02864,2024,10,Q4,Oct,Kanu Moulds,1,0,562600
INV-02864,2024,10,Q4,Oct,Silparan Kota,3,1,562600
INV-02882,2024,10,Q4,Oct,Chemical Proof Tanks,1,0,562600
INV-02871,2024,10,Q4,Oct,Molding Pati,1,0,562600
INV-02871,2024,10,Q4,Oct,Silparan Kota,1,1,562600
INV-02908,2024,10,Q4,Oct,Beeralu Moulds,2,0,562600
INV-02869,2024,10,Q4,Oct,Garden Animal Moulds,2,0,562600
INV-02869,2024,10,Q4,Oct,Temple Items,1,0,562600
INV-02880,2024,10,Q4,Oct,Garden Animal Moulds,1,0,562600
INV-02880,2024,10,Q4,Oct,Tables and Benches,1,0,562600
INV-02896,2024,10,Q4,Oct,Beeralu Moulds,1,0,562600
INV-02912,2024,10,Q4,Oct,Beeralu Moulds,4,0,562600
INV-02912,2024,10,Q4,Oct,Kalugal Moulds,1,0,562600
INV-02921,2024,11,Q4,Nov,Beeralu Moulds,5,0,820637
INV-02921,2024,11,Q4,Nov,Slab Moulds,1,0,820637
INV-02921,2024,11,Q4,Nov,Kalugal Moulds,1,0,820637
INV-02921,2024,11,Q4,Nov,Doors,1,0,820637
INV-02928,2024,11,Q4,Nov,Doors,1,0,820637
INV-02930,2024,11,Q4,Nov,Garden Animal Moulds,1,0,820637
INV-02930,2024,11,Q4,Nov,Tables and Benches,1,0,820637
INV-02915,2024,11,Q4,Nov,Doors,1,0,820637
INV-02915,2024,11,Q4,Nov,Loover,1,1,820637
INV-02915,2024,11,Q4,Nov,Tables and Benches,1,0,820637
INV-02925,2024,11,Q4,Nov,Water Proof Tanks,1,0,820637
INV-02925,2024,11,Q4,Nov,Chemical Proof Tanks,1,0,820637
INV-02925,2024,11,Q4,Nov,Bathik Tanks,1,0,820637
INV-02936,2024,11,Q4,Nov,Silparan Kota,4,1,820637
INV-02936,2024,11,Q4,Nov,Slab Moulds,1,0,820637
INV-02961,2024,11,Q4,Nov,Chemical Proof Tanks,1,0,820637
INV-02961,2024,11,Q4,Nov,Bathik Tanks,1,0,820637
INV-02966,2024,11,Q4,Nov,Flower Pots,1,0,820637
INV-02966,2024,11,Q4,Nov,Garden Animal Moulds,1,0,820637
INV-02983,2024,11,Q4,Nov,Slab Moulds,1,0,820637
INV-02983,2024,11,Q4,Nov,Beeralu Moulds,9,0,820637
INV-02914,2024,11,Q4,Nov,Garden Animal Moulds,1,0,820637
INV-02914,2024,11,Q4,Nov,Flower Pots,2,0,820637
INV-02945,2024,11,Q4,Nov,Kanu Moulds,1,0,820637
INV-02968,2024,11,Q4,Nov,Beeralu Moulds,3,0,820637
INV-02968,2024,11,Q4,Nov,Molding Pati,3,0,820637
INV-02968,2024,11,Q4,Nov,Kalugal Moulds,1,0,820637
INV-02968,2024,11,Q4,Nov,Kanu Moulds,4,0,820637
INV-02982,2024,11,Q4,Nov,Kalugal Moulds,1,0,820637
INV-02923,2024,11,Q4,Nov,Bathik Tanks,1,0,820637
INV-02924,2024,11,Q4,Nov,Doors,1,0,820637
INV-02935,2024,11,Q4,Nov,Slab Moulds,1,0,820637
INV-02935,2024,11,Q4,Nov,Kanu Moulds,1,0,820637
INV-02935,2024,11,Q4,Nov,Silparan Kota,1,1,820637
INV-02949,2024,11,Q4,Nov,Kalugal Moulds,1,0,820637
INV-02949,2024,11,Q4,Nov,Kanu Moulds,1,0,820637
INV-02963,2024,11,Q4,Nov,Water Proof Tanks,2,0,820637
INV-02963,2024,11,Q4,Nov,Bathik Tanks,1,0,820637
INV-02963,2024,11,Q4,Nov,Chemical Proof Tanks,1,0,820637
INV-02969,2024,11,Q4,Nov,Temple Items,2,0,820637
INV-02984,2024,11,Q4,Nov,Loover,1,1,820637
INV-02984,2024,11,Q4,Nov,Roofing Sheets,1,0,820637
INV-02934,2024,11,Q4,Nov,Slab Moulds,6,0,820637
INV-02934,2024,11,Q4,Nov,Beeralu Moulds,1,0,820637
INV-02970,2024,11,Q4,Nov,Loover,1,1,820637
INV-02922,2024,11,Q4,Nov,Tables and Benches,1,0,820637
INV-02922,2024,11,Q4,Nov,Interlock,2,0,820637
INV-02922,2024,11,Q4,Nov,Garden Animal Moulds,14,0,820637
INV-02951,2024,11,Q4,Nov,Kalugal Moulds,1,0,820637
INV-02931,2024,11,Q4,Nov,Slab Moulds,1,0,820637
INV-02931,2024,11,Q4,Nov,Molding Pati,1,0,820637
INV-02937,2024,11,Q4,Nov,Silparan Kota,4,1,820637
INV-02937,2024,11,Q4,Nov,Kanu Moulds,3,0,820637
INV-02973,2024,11,Q4,Nov,Chemical Proof Tanks,1,0,820637
INV-02973,2024,11,Q4,Nov,Water Proof Tanks,1,0,820637
INV-02973,2024,11,Q4,Nov,Bathik Tanks,1,0,820637
INV-02980,2024,11,Q4,Nov,Molding Pati,1,0,820637
INV-02980,2024,11,Q4,Nov,Silparan Kota,1,1,820637
INV-02917,2024,11,Q4,Nov,Water Proof Tanks,1,0,820637
INV-02917,2024,11,Q4,Nov,Bathik Tanks,1,0,820637
INV-02943,2024,11,Q4,Nov,Tables and Benches,1,0,820637
INV-02943,2024,11,Q4,Nov,Flower Pots,9,0,820637
INV-02920,2024,11,Q4,Nov,Garden Animal Moulds,1,0,820637
INV-02920,2024,11,Q4,Nov,Flower Pots,1,0,820637
INV-02920,2024,11,Q4,Nov,Temple Items,1,0,820637
INV-02952,2024,11,Q4,Nov,Bathik Tanks,1,0,820637
INV-02952,2024,11,Q4,Nov,Chemical Proof Tanks,1,0,820637
INV-02952,2024,11,Q4,Nov,Water Proof Tanks,1,0,820637
INV-02985,2024,11,Q4,Nov,Interlock,1,0,820637
INV-02938,2024,11,Q4,Nov,Beeralu Moulds,4,0,820637
INV-02938,2024,11,Q4,Nov,Kanu Moulds,2,0,820637
INV-02947,2024,11,Q4,Nov,Garden Animal Moulds,1,0,820637
INV-02947,2024,11,Q4,Nov,Temple Items,1,0,820637
INV-02954,2024,11,Q4,Nov,Kalugal Moulds,1,0,820637
INV-02954,2024,11,Q4,Nov,Silparan Kota,1,1,820637
INV-02950,2024,11,Q4,Nov,Roofing Sheets,1,0,820637
INV-02950,2024,11,Q4,Nov,Loover,1,1,820637
INV-02967,2024,11,Q4,Nov,Bathik Tanks,1,0,820637
INV-02967,2024,11,Q4,Nov,Chemical Proof Tanks,1,0,820637
INV-02976,2024,11,Q4,Nov,Slab Moulds,1,0,820637
INV-02948,2024,11,Q4,Nov,Kanu Moulds,4,0,820637
INV-02948,2024,11,Q4,Nov,Slab Moulds,1,0,820637
INV-02948,2024,11,Q4,Nov,Silparan Kota,2,1,820637
INV-02948,2024,11,Q4,Nov,Molding Pati,11,0,820637
INV-02957,2024,11,Q4,Nov,Slab Moulds,1,0,820637
INV-02957,2024,11,Q4,Nov,Kalugal Moulds,1,0,820637
INV-02957,2024,11,Q4,Nov,Kanu Moulds,1,0,820637
INV-02957,2024,11,Q4,Nov,Silparan Kota,1,1,820637
INV-02965,2024,11,Q4,Nov,Kalugal Moulds,1,0,820637
INV-02965,2024,11,Q4,Nov,Silparan Kota,1,1,820637
INV-02956,2024,11,Q4,Nov,Kalugal Moulds,1,0,820637
INV-02962,2024,11,Q4,Nov,Flower Pots,2,0,820637
INV-02962,2024,11,Q4,Nov,Interlock,1,0,820637
INV-02962,2024,11,Q4,Nov,Garden Animal Moulds,1,0,820637
INV-02962,2024,11,Q4,Nov,Tables and Benches,1,0,820637
INV-02964,2024,11,Q4,Nov,Interlock,1,0,820637
INV-02978,2024,11,Q4,Nov,Kanu Moulds,1,0,820637
INV-02940,2024,11,Q4,Nov,Garden Animal Moulds,1,0,820637
INV-02940,2024,11,Q4,Nov,Flower Pots,1,0,820637
INV-02942,2024,11,Q4,Nov,Bathik Tanks,1,0,820637
INV-02942,2024,11,Q4,Nov,Water Proof Tanks,1,0,820637
INV-02942,2024,11,Q4,Nov,Chemical Proof Tanks,1,0,820637
INV-02946,2024,11,Q4,Nov,Flower Pots,4,0,820637
INV-02946,2024,11,Q4,Nov,Garden Animal Moulds,1,0,820637
INV-02953,2024,11,Q4,Nov,Bathik Tanks,1,0,820637
INV-02953,2024,11,Q4,Nov,Chemical Proof Tanks,1,0,820637
INV-02913,2024,11,Q4,Nov,Silparan Kota,2,1,820637
INV-02913,2024,11,Q4,Nov,Molding Pati,1,0,820637
INV-02944,2024,11,Q4,Nov,Bathik Tanks,1,0,820637
INV-02944,2024,11,Q4,Nov,Chemical Proof Tanks,1,0,820637
INV-02944,2024,11,Q4,Nov,Water Proof Tanks,1,0,820637
INV-02959,2024,11,Q4,Nov,Slab Moulds,1,0,820637
INV-02959,2024,11,Q4,Nov,Molding Pati,1,0,820637
INV-02974,2024,11,Q4,Nov,Chemical Proof Tanks,1,0,820637
INV-02919,2024,11,Q4,Nov,Garden Animal Moulds,2,0,820637
INV-02919,2024,11,Q4,Nov,Flower Pots,22,0,820637
INV-02977,2024,11,Q4,Nov,Bathik Tanks,1,0,820637
INV-02977,2024,11,Q4,Nov,Chemical Proof Tanks,1,0,820637
INV-02977,2024,11,Q4,Nov,Water Proof Tanks,1,0,820637
INV-02981,2024,11,Q4,Nov,Temple Items,1,0,820637
INV-02932,2024,11,Q4,Nov,Slab Moulds,1,0,820637
INV-02932,2024,11,Q4,Nov,Kalugal Moulds,1,0,820637
INV-02932,2024,11,Q4,Nov,Silparan Kota,1,1,820637
INV-02958,2024,11,Q4,Nov,Flower Pots,2,0,820637
INV-02958,2024,11,Q4,Nov,Tables and Benches,1,0,820637
INV-02955,2024,11,Q4,Nov,Loover,1,1,820637
INV-02927,2024,11,Q4,Nov,Beeralu Moulds,1,0,820637
INV-02927,2024,11,Q4,Nov,Kalugal Moulds,1,0,820637
INV-02927,2024,11,Q4,Nov,Kanu Moulds,1,0,820637
INV-02927,2024,11,Q4,Nov,Silparan Kota,2,1,820637
INV-02939,2024,11,Q4,Nov,Silparan Kota,1,1,820637
INV-02939,2024,11,Q4,Nov,Molding Pati,1,0,820637
INV-02979,2024,11,Q4,Nov,Roofing Sheets,1,0,820637
INV-02926,2024,11,Q4,Nov,Interlock,1,0,820637
INV-02926,2024,11,Q4,Nov,Flower Pots,1,0,820637
INV-02929,2024,11,Q4,Nov,Bathik Tanks,1,0,820637
INV-02933,2024,11,Q4,Nov,Loover,3,1,820637
INV-02933,2024,11,Q4,Nov,Doors,1,0,820637
INV-02933,2024,11,Q4,Nov,Interlock,1,0,820637
INV-02975,2024,11,Q4,Nov,Garden Animal Moulds,4,0,820637
INV-02975,2024,11,Q4,Nov,Temple Items,1,0,820637
INV-02975,2024,11,Q4,Nov,Flower Pots,1,0,820637
INV-02918,2024,11,Q4,Nov,Chemical Proof Tanks,1,0,820637
INV-02918,2024,11,Q4,Nov,Water Proof Tanks,1,0,820637
INV-02941,2024,11,Q4,Nov,Silparan Kota,1,1,820637
INV-02941,2024,11,Q4,Nov,Kanu Moulds,3,0,820637
INV-02941,2024,11,Q4,Nov,Molding Pati,1,0,820637
INV-02972,2024,11,Q4,Nov,Kanu Moulds,3,0,820637
INV-02972,2024,11,Q4,Nov,Silparan Kota,1,1,820637
INV-02972,2024,11,Q4,Nov,Slab Moulds,1,0,820637
INV-02960,2024,11,Q4,Nov,Loover,1,1,820637
INV-02971,2024,11,Q4,Nov,Doors,1,0,820637
INV-02916,2024,11,Q4,Nov,Slab Moulds,1,0,820637
INV-02916,2024,11,Q4,Nov,Beeralu Moulds,1,0,820637
INV-03021,2024,12,Q4,Dec,Tables and Benches,1,1,680885
INV-03022,2024,12,Q4,Dec,Tables and Benches,1,1,680885
INV-03022,2024,12,Q4,Dec,Flower Pots,2,1,680885
INV-03022,2024,12,Q4,Dec,Garden Animal Moulds,1,0,680885
INV-03044,2024,12,Q4,Dec,Water Proof Tanks,1,0,680885
INV-03044,2024,12,Q4,Dec,Bathik Tanks,1,0,680885
INV-02996,2024,12,Q4,Dec,Bathik Tanks,1,0,680885
INV-02996,2024,12,Q4,Dec,Chemical Proof Tanks,1,0,680885
INV-02996,2024,12,Q4,Dec,Water Proof Tanks,1,0,680885
INV-03030,2024,12,Q4,Dec,Kanu Moulds,2,0,680885
INV-03030,2024,12,Q4,Dec,Slab Moulds,1,0,680885
INV-03030,2024,12,Q4,Dec,Kalugal Moulds,2,0,680885
INV-03034,2024,12,Q4,Dec,Molding Pati,3,0,680885
INV-03034,2024,12,Q4,Dec,Silparan Kota,2,0,680885
INV-03036,2024,12,Q4,Dec,Kalugal Moulds,3,0,680885
INV-03036,2024,12,Q4,Dec,Molding Pati,3,0,680885
INV-02986,2024,12,Q4,Dec,Flower Pots,1,1,680885
INV-03017,2024,12,Q4,Dec,Beeralu Moulds,2,0,680885
INV-03035,2024,12,Q4,Dec,Bathik Tanks,1,0,680885
INV-02999,2024,12,Q4,Dec,Garden Animal Moulds,1,0,680885
INV-02999,2024,12,Q4,Dec,Tables and Benches,1,1,680885
INV-03053,2024,12,Q4,Dec,Silparan Kota,1,0,680885
INV-03053,2024,12,Q4,Dec,Molding Pati,2,0,680885
INV-03031,2024,12,Q4,Dec,Flower Pots,2,1,680885
INV-03041,2024,12,Q4,Dec,Beeralu Moulds,3,0,680885
INV-03046,2024,12,Q4,Dec,Interlock,1,0,680885
INV-03046,2024,12,Q4,Dec,Roofing Sheets,1,1,680885
INV-03046,2024,12,Q4,Dec,Doors,2,0,680885
INV-03046,2024,12,Q4,Dec,Loover,6,1,680885
INV-03014,2024,12,Q4,Dec,Molding Pati,1,0,680885
INV-03033,2024,12,Q4,Dec,Slab Moulds,1,0,680885
INV-03033,2024,12,Q4,Dec,Kanu Moulds,2,0,680885
INV-02990,2024,12,Q4,Dec,Silparan Kota,1,0,680885
INV-02990,2024,12,Q4,Dec,Molding Pati,1,0,680885
INV-03007,2024,12,Q4,Dec,Doors,1,0,680885
INV-03015,2024,12,Q4,Dec,Slab Moulds,1,0,680885
INV-03015,2024,12,Q4,Dec,Molding Pati,1,0,680885
INV-03032,2024,12,Q4,Dec,Bathik Tanks,1,0,680885
INV-03039,2024,12,Q4,Dec,Water Proof Tanks,1,0,680885
INV-03039,2024,12,Q4,Dec,Bathik Tanks,1,0,680885
INV-03027,2024,12,Q4,Dec,Loover,1,1,680885
INV-03027,2024,12,Q4,Dec,Roofing Sheets,1,1,680885
INV-03027,2024,12,Q4,Dec,Doors,1,0,680885
INV-03009,2024,12,Q4,Dec,Bathik Tanks,1,0,680885
INV-03009,2024,12,Q4,Dec,Chemical Proof Tanks,1,0,680885
INV-03009,2024,12,Q4,Dec,Water Proof Tanks,1,0,680885
INV-03028,2024,12,Q4,Dec,Flower Pots,2,1,680885
INV-03052,2024,12,Q4,Dec,Doors,1,0,680885
INV-02994,2024,12,Q4,Dec,Kalugal Moulds,1,0,680885
INV-02994,2024,12,Q4,Dec,Slab Moulds,1,0,680885
INV-02994,2024,12,Q4,Dec,Silparan Kota,1,0,680885
INV-02995,2024,12,Q4,Dec,Doors,1,0,680885
INV-02995,2024,12,Q4,Dec,Loover,1,1,680885
INV-03023,2024,12,Q4,Dec,Loover,1,1,680885
INV-03023,2024,12,Q4,Dec,Roofing Sheets,1,1,680885
INV-03023,2024,12,Q4,Dec,Doors,1,0,680885
INV-02993,2024,12,Q4,Dec,Interlock,1,0,680885
INV-02993,2024,12,Q4,Dec,Tables and Benches,1,1,680885
INV-02993,2024,12,Q4,Dec,Garden Animal Moulds,8,0,680885
INV-03012,2024,12,Q4,Dec,Bathik Tanks,1,0,680885
INV-03012,2024,12,Q4,Dec,Water Proof Tanks,1,0,680885
INV-03012,2024,12,Q4,Dec,Chemical Proof Tanks,1,0,680885
INV-03013,2024,12,Q4,Dec,Bathik Tanks,1,0,680885
INV-03040,2024,12,Q4,Dec,Loover,1,1,680885
INV-03050,2024,12,Q4,Dec,Slab Moulds,1,0,680885
INV-03050,2024,12,Q4,Dec,Beeralu Moulds,1,0,680885
INV-03000,2024,12,Q4,Dec,Water Proof Tanks,1,0,680885
INV-03000,2024,12,Q4,Dec,Chemical Proof Tanks,1,0,680885
INV-03003,2024,12,Q4,Dec,Flower Pots,4,1,680885
INV-03003,2024,12,Q4,Dec,Garden Animal Moulds,3,0,680885
INV-03005,2024,12,Q4,Dec,Tables and Benches,1,1,680885
INV-03005,2024,12,Q4,Dec,Flower Pots,4,1,680885
INV-03005,2024,12,Q4,Dec,Interlock,7,0,680885
INV-03005,2024,12,Q4,Dec,Garden Animal Moulds,4,0,680885
INV-03037,2024,12,Q4,Dec,Molding Pati,1,0,680885
INV-03004,2024,12,Q4,Dec,Doors,1,0,680885
INV-03004,2024,12,Q4,Dec,Loover,1,1,680885
INV-03004,2024,12,Q4,Dec,Roofing Sheets,1,1,680885
INV-03020,2024,12,Q4,Dec,Loover,1,1,680885
INV-03020,2024,12,Q4,Dec,Doors,1,0,680885
INV-03020,2024,12,Q4,Dec,Roofing Sheets,1,1,680885
INV-03026,2024,12,Q4,Dec,Doors,1,0,680885
INV-03026,2024,12,Q4,Dec,Interlock,1,0,680885
INV-03026,2024,12,Q4,Dec,Roofing Sheets,1,1,680885
INV-03026,2024,12,Q4,Dec,Loover,1,1,680885
INV-03018,2024,12,Q4,Dec,Flower Pots,1,1,680885
INV-03008,2024,12,Q4,Dec,Beeralu Moulds,1,0,680885
INV-03010,2024,12,Q4,Dec,Doors,1,0,680885
INV-03010,2024,12,Q4,Dec,Roofing Sheets,1,1,680885
INV-03006,2024,12,Q4,Dec,Chemical Proof Tanks,1,0,680885
INV-03042,2024,12,Q4,Dec,Tables and Benches,1,1,680885
INV-03049,2024,12,Q4,Dec,Tables and Benches,1,1,680885
INV-03049,2024,12,Q4,Dec,Garden Animal Moulds,1,0,680885
INV-03011,2024,12,Q4,Dec,Bathik Tanks,1,0,680885
INV-03011,2024,12,Q4,Dec,Water Proof Tanks,1,0,680885
INV-03011,2024,12,Q4,Dec,Chemical Proof Tanks,1,0,680885
INV-03029,2024,12,Q4,Dec,Kalugal Moulds,7,0,680885
INV-03029,2024,12,Q4,Dec,Kanu Moulds,4,0,680885
INV-03051,2024,12,Q4,Dec,Kanu Moulds,1,0,680885
INV-03051,2024,12,Q4,Dec,Molding Pati,1,0,680885
INV-02989,2024,12,Q4,Dec,Loover,1,1,680885
INV-03001,2024,12,Q4,Dec,Flower Pots,3,1,680885
INV-03001,2024,12,Q4,Dec,Garden Animal Moulds,1,0,680885
INV-03001,2024,12,Q4,Dec,Interlock,1,0,680885
INV-03002,2024,12,Q4,Dec,Interlock,1,0,680885
INV-03002,2024,12,Q4,Dec,Tables and Benches,1,1,680885
INV-03019,2024,12,Q4,Dec,Flower Pots,1,1,680885
INV-03019,2024,12,Q4,Dec,Temple Items,1,1,680885
INV-03025,2024,12,Q4,Dec,Flower Pots,2,1,680885
INV-03025,2024,12,Q4,Dec,Tables and Benches,1,1,680885
INV-03025,2024,12,Q4,Dec,Garden Animal Moulds,1,0,680885
INV-02998,2024,12,Q4,Dec,Molding Pati,1,0,680885
INV-02998,2024,12,Q4,Dec,Kalugal Moulds,3,0,680885
INV-03016,2024,12,Q4,Dec,Molding Pati,1,0,680885
INV-03016,2024,12,Q4,Dec,Slab Moulds,1,0,680885
INV-03016,2024,12,Q4,Dec,Kalugal Moulds,2,0,680885
INV-03047,2024,12,Q4,Dec,Kanu Moulds,1,0,680885
INV-03047,2024,12,Q4,Dec,Silparan Kota,1,0,680885
INV-03047,2024,12,Q4,Dec,Beeralu Moulds,1,0,680885
INV-02987,2024,12,Q4,Dec,Molding Pati,1,0,680885
INV-02987,2024,12,Q4,Dec,Kalugal Moulds,1,0,680885
INV-02987,2024,12,Q4,Dec,Kanu Moulds,5,0,680885
INV-03043,2024,12,Q4,Dec,Silparan Kota,3,0,680885
INV-02988,2024,12,Q4,Dec,Tables and Benches,1,1,680885
INV-03024,2024,12,Q4,Dec,Flower Pots,2,1,680885
INV-03038,2024,12,Q4,Dec,Kanu Moulds,4,0,680885
INV-03038,2024,12,Q4,Dec,Kalugal Moulds,1,0,680885
INV-02991,2024,12,Q4,Dec,Interlock,1,0,680885
INV-02991,2024,12,Q4,Dec,Loover,1,1,680885
INV-02997,2024,12,Q4,Dec,Chemical Proof Tanks,1,0,680885
INV-03045,2024,12,Q4,Dec,Temple Items,1,1,680885
INV-03045,2024,12,Q4,Dec,Flower Pots,8,1,680885
INV-03048,2024,12,Q4,Dec,Slab Moulds,1,0,680885
INV-03048,2024,12,Q4,Dec,Kanu Moulds,3,0,680885
INV-02992,2024,12,Q4,Dec,Roofing Sheets,1,1,680885
INV-03060,2025,1,Q1,Jan,Roofing Sheets,1,1,683078
INV-03060,2025,1,Q1,Jan,Doors,1,1,683078
INV-03068,2025,1,Q1,Jan,Kanu Moulds,2,0,683078
INV-03068,2025,1,Q1,Jan,Beeralu Moulds,2,0,683078
INV-03068,2025,1,Q1,Jan,Slab Moulds,1,1,683078
INV-03063,2025,1,Q1,Jan,Slab Moulds,1,1,683078
INV-03069,2025,1,Q1,Jan,Bathik Tanks,1,1,683078
INV-03069,2025,1,Q1,Jan,Chemical Proof Tanks,1,1,683078
INV-03069,2025,1,Q1,Jan,Water Proof Tanks,1,1,683078
INV-03064,2025,1,Q1,Jan,Tables and Benches,1,0,683078
INV-03074,2025,1,Q1,Jan,Doors,1,1,683078
INV-03074,2025,1,Q1,Jan,Roofing Sheets,1,1,683078
INV-03066,2025,1,Q1,Jan,Kanu Moulds,3,0,683078
INV-03066,2025,1,Q1,Jan,Molding Pati,7,1,683078
INV-03084,2025,1,Q1,Jan,Garden Animal Moulds,19,0,683078
INV-03084,2025,1,Q1,Jan,Tables and Benches,1,0,683078
INV-03105,2025,1,Q1,Jan,Loover,1,1,683078
INV-03105,2025,1,Q1,Jan,Roofing Sheets,2,1,683078
INV-03105,2025,1,Q1,Jan,Doors,1,1,683078
INV-03059,2025,1,Q1,Jan,Chemical Proof Tanks,1,1,683078
INV-03079,2025,1,Q1,Jan,Temple Items,1,1,683078
INV-03079,2025,1,Q1,Jan,Flower Pots,2,0,683078
INV-03078,2025,1,Q1,Jan,Flower Pots,2,0,683078
INV-03078,2025,1,Q1,Jan,Garden Animal Moulds,4,0,683078
INV-03103,2025,1,Q1,Jan,Beeralu Moulds,1,0,683078
INV-03057,2025,1,Q1,Jan,Tables and Benches,1,0,683078
INV-03061,2025,1,Q1,Jan,Kalugal Moulds,1,1,683078
INV-03088,2025,1,Q1,Jan,Roofing Sheets,1,1,683078
INV-03088,2025,1,Q1,Jan,Loover,1,1,683078
INV-03087,2025,1,Q1,Jan,Kalugal Moulds,1,1,683078
INV-03087,2025,1,Q1,Jan,Slab Moulds,4,1,683078
INV-03087,2025,1,Q1,Jan,Beeralu Moulds,4,0,683078
INV-03087,2025,1,Q1,Jan,Molding Pati,1,1,683078
INV-03091,2025,1,Q1,Jan,Kalugal Moulds,1,1,683078
INV-03091,2025,1,Q1,Jan,Beeralu Moulds,7,0,683078
INV-03101,2025,1,Q1,Jan,Tables and Benches,1,0,683078
INV-03101,2025,1,Q1,Jan,Interlock,2,0,683078
INV-03101,2025,1,Q1,Jan,Silparan Kota,8,1,683078
INV-03102,2025,1,Q1,Jan,Tables and Benches,6,0,683078
INV-03102,2025,1,Q1,Jan,Flower Pots,8,0,683078
INV-03102,2025,1,Q1,Jan,Interlock,8,0,683078
INV-03102,2025,1,Q1,Jan,Garden Animal Moulds,2,0,683078
INV-03054,2025,1,Q1,Jan,Silparan Kota,22,1,683078
INV-03054,2025,1,Q1,Jan,Kalugal Moulds,1,1,683078
INV-03062,2025,1,Q1,Jan,Tables and Benches,1,0,683078
INV-03062,2025,1,Q1,Jan,Garden Animal Moulds,2,0,683078
INV-03062,2025,1,Q1,Jan,Interlock,1,0,683078
INV-03071,2025,1,Q1,Jan,Kanu Moulds,2,0,683078
INV-03083,2025,1,Q1,Jan,Roofing Sheets,1,1,683078
INV-03083,2025,1,Q1,Jan,Loover,1,1,683078
INV-03085,2025,1,Q1,Jan,Molding Pati,3,1,683078
INV-03076,2025,1,Q1,Jan,Flower Pots,1,0,683078
INV-03076,2025,1,Q1,Jan,Garden Animal Moulds,1,0,683078
INV-03076,2025,1,Q1,Jan,Temple Items,1,1,683078
INV-03097,2025,1,Q1,Jan,Molding Pati,1,1,683078
INV-03097,2025,1,Q1,Jan,Slab Moulds,1,1,683078
INV-03081,2025,1,Q1,Jan,Roofing Sheets,1,1,683078
INV-03081,2025,1,Q1,Jan,Doors,1,1,683078
INV-03081,2025,1,Q1,Jan,Loover,2,1,683078
INV-03086,2025,1,Q1,Jan,Kalugal Moulds,1,1,683078
INV-03086,2025,1,Q1,Jan,Molding Pati,1,1,683078
INV-03086,2025,1,Q1,Jan,Silparan Kota,2,1,683078
INV-03058,2025,1,Q1,Jan,Garden Animal Moulds,1,0,683078
INV-03072,2025,1,Q1,Jan,Loover,1,1,683078
INV-03089,2025,1,Q1,Jan,Beeralu Moulds,4,0,683078
INV-03089,2025,1,Q1,Jan,Silparan Kota,4,1,683078
INV-03089,2025,1,Q1,Jan,Kanu Moulds,7,0,683078
INV-03075,2025,1,Q1,Jan,Doors,1,1,683078
INV-03075,2025,1,Q1,Jan,Loover,1,1,683078
INV-03075,2025,1,Q1,Jan,Interlock,1,0,683078
INV-03075,2025,1,Q1,Jan,Roofing Sheets,2,1,683078
INV-03082,2025,1,Q1,Jan,Flower Pots,1,0,683078
INV-03065,2025,1,Q1,Jan,Chemical Proof Tanks,1,1,683078
INV-03080,2025,1,Q1,Jan,Doors,1,1,683078
INV-03080,2025,1,Q1,Jan,Roofing Sheets,1,1,683078
INV-03096,2025,1,Q1,Jan,Slab Moulds,1,1,683078
INV-03096,2025,1,Q1,Jan,Molding Pati,1,1,683078
INV-03099,2025,1,Q1,Jan,Interlock,1,0,683078
INV-03092,2025,1,Q1,Jan,Doors,1,1,683078
INV-03094,2025,1,Q1,Jan,Silparan Kota,8,1,683078
INV-03104,2025,1,Q1,Jan,Molding Pati,1,1,683078
INV-03104,2025,1,Q1,Jan,Slab Moulds,1,1,683078
INV-03056,2025,1,Q1,Jan,Interlock,1,0,683078
INV-03070,2025,1,Q1,Jan,Molding Pati,2,1,683078
INV-03070,2025,1,Q1,Jan,Silparan Kota,1,1,683078
INV-03070,2025,1,Q1,Jan,Kalugal Moulds,2,1,683078
INV-03100,2025,1,Q1,Jan,Silparan Kota,1,1,683078
INV-03100,2025,1,Q1,Jan,Molding Pati,4,1,683078
INV-03090,2025,1,Q1,Jan,Silparan Kota,1,1,683078
INV-03090,2025,1,Q1,Jan,Kalugal Moulds,1,1,683078
INV-03090,2025,1,Q1,Jan,Molding Pati,9,1,683078
INV-03055,2025,1,Q1,Jan,Chemical Proof Tanks,1,1,683078
INV-03055,2025,1,Q1,Jan,Bathik Tanks,1,1,683078
INV-03055,2025,1,Q1,Jan,Water Proof Tanks,1,1,683078
INV-03106,2025,1,Q1,Jan,Slab Moulds,2,1,683078
INV-03106,2025,1,Q1,Jan,Kalugal Moulds,1,1,683078
INV-03067,2025,1,Q1,Jan,Doors,1,1,683078
INV-03073,2025,1,Q1,Jan,Molding Pati,1,1,683078
INV-03073,2025,1,Q1,Jan,Beeralu Moulds,1,0,683078
INV-03073,2025,1,Q1,Jan,Kalugal Moulds,1,1,683078
INV-03073,2025,1,Q1,Jan,Slab Moulds,1,1,683078
INV-03077,2025,1,Q1,Jan,Loover,1,1,683078
INV-03077,2025,1,Q1,Jan,Doors,2,1,683078
INV-03077,2025,1,Q1,Jan,Roofing Sheets,3,1,683078
INV-03093,2025,1,Q1,Jan,Molding Pati,2,1,683078
INV-03095,2025,1,Q1,Jan,Beeralu Moulds,2,0,683078
INV-03095,2025,1,Q1,Jan,Molding Pati,1,1,683078
INV-03095,2025,1,Q1,Jan,Slab Moulds,1,1,683078
INV-03098,2025,1,Q1,Jan,Interlock,1,0,683078
INV-03098,2025,1,Q1,Jan,Garden Animal Moulds,1,0,683078
INV-03131,2025,2,Q1,Feb,Doors,1,1,946146
INV-03139,2025,2,Q1,Feb,Chemical Proof Tanks,1,1,946146
INV-03116,2025,2,Q1,Feb,Water Proof Tanks,1,1,946146
INV-03116,2025,2,Q1,Feb,Chemical Proof Tanks,1,1,946146
INV-03108,2025,2,Q1,Feb,Loover,1,1,946146
INV-03108,2025,2,Q1,Feb,Interlock,1,1,946146
INV-03108,2025,2,Q1,Feb,Doors,1,1,946146
INV-03120,2025,2,Q1,Feb,Kanu Moulds,1,1,946146
INV-03167,2025,2,Q1,Feb,Roofing Sheets,1,1,946146
INV-03167,2025,2,Q1,Feb,Interlock,1,1,946146
INV-03157,2025,2,Q1,Feb,Silparan Kota,1,1,946146
INV-03118,2025,2,Q1,Feb,Beeralu Moulds,1,1,946146
INV-03118,2025,2,Q1,Feb,Silparan Kota,1,1,946146
INV-03137,2025,2,Q1,Feb,Flower Pots,5,0,946146
INV-03137,2025,2,Q1,Feb,Interlock,4,1,946146
INV-03137,2025,2,Q1,Feb,Tables and Benches,1,0,946146
INV-03145,2025,2,Q1,Feb,Water Proof Tanks,1,1,946146
INV-03145,2025,2,Q1,Feb,Bathik Tanks,1,1,946146
INV-03145,2025,2,Q1,Feb,Chemical Proof Tanks,1,1,946146
INV-03145,2025,2,Q1,Feb,Beeralu Moulds,3,1,946146
INV-03149,2025,2,Q1,Feb,Interlock,1,1,946146
INV-03149,2025,2,Q1,Feb,Garden Animal Moulds,1,0,946146
INV-03129,2025,2,Q1,Feb,Silparan Kota,5,1,946146
INV-03129,2025,2,Q1,Feb,Molding Pati,2,1,946146
INV-03138,2025,2,Q1,Feb,Interlock,2,1,946146
INV-03138,2025,2,Q1,Feb,Flower Pots,4,0,946146
INV-03175,2025,2,Q1,Feb,Molding Pati,5,1,946146
INV-03175,2025,2,Q1,Feb,Kanu Moulds,2,1,946146
INV-03175,2025,2,Q1,Feb,Silparan Kota,1,1,946146
INV-03128,2025,2,Q1,Feb,Temple Items,1,0,946146
INV-03128,2025,2,Q1,Feb,Flower Pots,3,0,946146
INV-03179,2025,2,Q1,Feb,Kalugal Moulds,1,1,946146
INV-03179,2025,2,Q1,Feb,Molding Pati,1,1,946146
INV-03133,2025,2,Q1,Feb,Doors,1,1,946146
INV-03142,2025,2,Q1,Feb,Loover,1,1,946146
INV-03142,2025,2,Q1,Feb,Interlock,1,1,946146
INV-03151,2025,2,Q1,Feb,Roofing Sheets,1,1,946146
INV-03126,2025,2,Q1,Feb,Water Proof Tanks,1,1,946146
INV-03126,2025,2,Q1,Feb,Chemical Proof Tanks,1,1,946146
INV-03126,2025,2,Q1,Feb,Bathik Tanks,1,1,946146
INV-03150,2025,2,Q1,Feb,Garden Animal Moulds,1,0,946146
INV-03150,2025,2,Q1,Feb,Tables and Benches,1,0,946146
INV-03150,2025,2,Q1,Feb,Interlock,1,1,946146
INV-03165,2025,2,Q1,Feb,Flower Pots,4,0,946146
INV-03165,2025,2,Q1,Feb,Garden Animal Moulds,1,0,946146
INV-03171,2025,2,Q1,Feb,Interlock,2,1,946146
INV-03173,2025,2,Q1,Feb,Interlock,8,1,946146
INV-03173,2025,2,Q1,Feb,Tables and Benches,1,0,946146
INV-03174,2025,2,Q1,Feb,Doors,1,1,946146
INV-03174,2025,2,Q1,Feb,Loover,1,1,946146
INV-03144,2025,2,Q1,Feb,Garden Animal Moulds,1,0,946146
INV-03144,2025,2,Q1,Feb,Interlock,1,1,946146
INV-03147,2025,2,Q1,Feb,Loover,1,1,946146
INV-03147,2025,2,Q1,Feb,Doors,1,1,946146
INV-03147,2025,2,Q1,Feb,Interlock,1,1,946146
INV-03158,2025,2,Q1,Feb,Molding Pati,1,1,946146
INV-03158,2025,2,Q1,Feb,Kanu Moulds,1,1,946146
INV-03166,2025,2,Q1,Feb,Tables and Benches,1,0,946146
INV-03166,2025,2,Q1,Feb,Garden Animal Moulds,2,0,946146
INV-03169,2025,2,Q1,Feb,Garden Animal Moulds,2,0,946146
INV-03169,2025,2,Q1,Feb,Tables and Benches,1,0,946146
INV-03169,2025,2,Q1,Feb,Interlock,5,1,946146
INV-03169,2025,2,Q1,Feb,Water Proof Tanks,1,1,946146
INV-03113,2025,2,Q1,Feb,Slab Moulds,2,1,946146
INV-03159,2025,2,Q1,Feb,Interlock,12,1,946146
INV-03159,2025,2,Q1,Feb,Tables and Benches,1,0,946146
INV-03159,2025,2,Q1,Feb,Garden Animal Moulds,2,0,946146
INV-03159,2025,2,Q1,Feb,Flower Pots,7,0,946146
INV-03163,2025,2,Q1,Feb,Flower Pots,5,0,946146
INV-03163,2025,2,Q1,Feb,Tables and Benches,1,0,946146
INV-03148,2025,2,Q1,Feb,Roofing Sheets,1,1,946146
INV-03148,2025,2,Q1,Feb,Interlock,1,1,946146
INV-03168,2025,2,Q1,Feb,Interlock,1,1,946146
INV-03172,2025,2,Q1,Feb,Beeralu Moulds,2,1,946146
INV-03172,2025,2,Q1,Feb,Kalugal Moulds,5,1,946146
INV-03115,2025,2,Q1,Feb,Garden Animal Moulds,1,0,946146
INV-03134,2025,2,Q1,Feb,Bathik Tanks,1,1,946146
INV-03109,2025,2,Q1,Feb,Interlock,1,1,946146
INV-03109,2025,2,Q1,Feb,Doors,1,1,946146
INV-03109,2025,2,Q1,Feb,Roofing Sheets,1,1,946146
INV-03125,2025,2,Q1,Feb,Beeralu Moulds,1,1,946146
INV-03125,2025,2,Q1,Feb,Molding Pati,1,1,946146
INV-03125,2025,2,Q1,Feb,Slab Moulds,1,1,946146
INV-03153,2025,2,Q1,Feb,Garden Animal Moulds,3,0,946146
INV-03153,2025,2,Q1,Feb,Flower Pots,5,0,946146
INV-03153,2025,2,Q1,Feb,Interlock,1,1,946146
INV-03170,2025,2,Q1,Feb,Bathik Tanks,1,1,946146
INV-03170,2025,2,Q1,Feb,Water Proof Tanks,1,1,946146
INV-03170,2025,2,Q1,Feb,Chemical Proof Tanks,1,1,946146
INV-03170,2025,2,Q1,Feb,Kalugal Moulds,1,1,946146
INV-03176,2025,2,Q1,Feb,Tables and Benches,1,0,946146
INV-03176,2025,2,Q1,Feb,Flower Pots,7,0,946146
INV-03176,2025,2,Q1,Feb,Interlock,3,1,946146
INV-03176,2025,2,Q1,Feb,Garden Animal Moulds,6,0,946146
INV-03121,2025,2,Q1,Feb,Interlock,5,1,946146
INV-03121,2025,2,Q1,Feb,Roofing Sheets,2,1,946146
INV-03121,2025,2,Q1,Feb,Loover,1,1,946146
INV-03121,2025,2,Q1,Feb,Doors,1,1,946146
INV-03162,2025,2,Q1,Feb,Garden Animal Moulds,1,0,946146
INV-03162,2025,2,Q1,Feb,Flower Pots,1,0,946146
INV-03132,2025,2,Q1,Feb,Beeralu Moulds,4,1,946146
INV-03132,2025,2,Q1,Feb,Kanu Moulds,1,1,946146
INV-03164,2025,2,Q1,Feb,Kanu Moulds,10,1,946146
INV-03177,2025,2,Q1,Feb,Chemical Proof Tanks,1,1,946146
INV-03177,2025,2,Q1,Feb,Water Proof Tanks,1,1,946146
INV-03177,2025,2,Q1,Feb,Bathik Tanks,1,1,946146
INV-03177,2025,2,Q1,Feb,Roofing Sheets,1,1,946146
INV-03136,2025,2,Q1,Feb,Loover,1,1,946146
INV-03136,2025,2,Q1,Feb,Interlock,2,1,946146
INV-03136,2025,2,Q1,Feb,Roofing Sheets,1,1,946146
INV-03146,2025,2,Q1,Feb,Beeralu Moulds,15,1,946146
INV-03146,2025,2,Q1,Feb,Molding Pati,7,1,946146
INV-03146,2025,2,Q1,Feb,Temple Items,3,0,946146
INV-03117,2025,2,Q1,Feb,Slab Moulds,1,1,946146
INV-03117,2025,2,Q1,Feb,Kanu Moulds,5,1,946146
INV-03119,2025,2,Q1,Feb,Kalugal Moulds,1,1,946146
INV-03119,2025,2,Q1,Feb,Kanu Moulds,2,1,946146
INV-03152,2025,2,Q1,Feb,Garden Animal Moulds,1,0,946146
INV-03178,2025,2,Q1,Feb,Doors,1,1,946146
INV-03178,2025,2,Q1,Feb,Loover,1,1,946146
INV-03178,2025,2,Q1,Feb,Roofing Sheets,1,1,946146
INV-03112,2025,2,Q1,Feb,Doors,1,1,946146
INV-03154,2025,2,Q1,Feb,Doors,1,1,946146
INV-03154,2025,2,Q1,Feb,Loover,1,1,946146
INV-03155,2025,2,Q1,Feb,Molding Pati,1,1,946146
INV-03155,2025,2,Q1,Feb,Slab Moulds,2,1,946146
INV-03155,2025,2,Q1,Feb,Kanu Moulds,3,1,946146
INV-03156,2025,2,Q1,Feb,Silparan Kota,2,1,946146
INV-03140,2025,2,Q1,Feb,Molding Pati,1,1,946146
INV-03140,2025,2,Q1,Feb,Beeralu Moulds,3,1,946146
INV-03140,2025,2,Q1,Feb,Kanu Moulds,1,1,946146
INV-03140,2025,2,Q1,Feb,Slab Moulds,2,1,946146
INV-03107,2025,2,Q1,Feb,Temple Items,1,0,946146
INV-03124,2025,2,Q1,Feb,Doors,1,1,946146
INV-03160,2025,2,Q1,Feb,Silparan Kota,1,1,946146
INV-03160,2025,2,Q1,Feb,Kalugal Moulds,1,1,946146
INV-03160,2025,2,Q1,Feb,Beeralu Moulds,2,1,946146
INV-03161,2025,2,Q1,Feb,Tables and Benches,1,0,946146
INV-03110,2025,2,Q1,Feb,Roofing Sheets,1,1,946146
INV-03110,2025,2,Q1,Feb,Interlock,2,1,946146
INV-03110,2025,2,Q1,Feb,Loover,1,1,946146
INV-03111,2025,2,Q1,Feb,Bathik Tanks,1,1,946146
INV-03111,2025,2,Q1,Feb,Chemical Proof Tanks,1,1,946146
INV-03114,2025,2,Q1,Feb,Chemical Proof Tanks,1,1,946146
INV-03114,2025,2,Q1,Feb,Bathik Tanks,1,1,946146
INV-03114,2025,2,Q1,Feb,Water Proof Tanks,1,1,946146
INV-03122,2025,2,Q1,Feb,Kanu Moulds,4,1,946146
INV-03122,2025,2,Q1,Feb,Slab Moulds,1,1,946146
INV-03127,2025,2,Q1,Feb,Roofing Sheets,1,1,946146
INV-03127,2025,2,Q1,Feb,Loover,2,1,946146
INV-03127,2025,2,Q1,Feb,Interlock,1,1,946146
INV-03130,2025,2,Q1,Feb,Garden Animal Moulds,1,0,946146
INV-03130,2025,2,Q1,Feb,Tables and Benches,1,0,946146
INV-03141,2025,2,Q1,Feb,Tables and Benches,1,0,946146
INV-03141,2025,2,Q1,Feb,Garden Animal Moulds,1,0,946146
INV-03123,2025,2,Q1,Feb,Kalugal Moulds,1,1,946146
INV-03123,2025,2,Q1,Feb,Beeralu Moulds,1,1,946146
INV-03123,2025,2,Q1,Feb,Slab Moulds,1,1,946146
INV-03135,2025,2,Q1,Feb,Chemical Proof Tanks,1,1,946146
INV-03143,2025,2,Q1,Feb,Roofing Sheets,1,1,946146
INV-03143,2025,2,Q1,Feb,Doors,1,1,946146
INV-03191,2025,3,Q1,Mar,Slab Moulds,1,1,479282
INV-03191,2025,3,Q1,Mar,Molding Pati,2,1,479282
INV-03212,2025,3,Q1,Mar,Chemical Proof Tanks,1,1,479282
INV-03185,2025,3,Q1,Mar,Temple Items,1,0,479282
INV-03185,2025,3,Q1,Mar,Garden Animal Moulds,1,1,479282
INV-03194,2025,3,Q1,Mar,Temple Items,1,0,479282
INV-03196,2025,3,Q1,Mar,Doors,1,1,479282
INV-03196,2025,3,Q1,Mar,Loover,1,1,479282
INV-03196,2025,3,Q1,Mar,Roofing Sheets,1,1,479282
INV-03186,2025,3,Q1,Mar,Water Proof Tanks,1,1,479282
INV-03186,2025,3,Q1,Mar,Chemical Proof Tanks,1,1,479282
INV-03215,2025,3,Q1,Mar,Flower Pots,1,1,479282
INV-03215,2025,3,Q1,Mar,Garden Animal Moulds,1,1,479282
INV-03215,2025,3,Q1,Mar,Interlock,1,1,479282
INV-03192,2025,3,Q1,Mar,Interlock,1,1,479282
INV-03192,2025,3,Q1,Mar,Tables and Benches,1,1,479282
INV-03192,2025,3,Q1,Mar,Garden Animal Moulds,1,1,479282
INV-03192,2025,3,Q1,Mar,Flower Pots,12,1,479282
INV-03187,2025,3,Q1,Mar,Slab Moulds,1,1,479282
INV-03187,2025,3,Q1,Mar,Silparan Kota,1,1,479282
INV-03187,2025,3,Q1,Mar,Kalugal Moulds,1,1,479282
INV-03193,2025,3,Q1,Mar,Molding Pati,1,1,479282
INV-03193,2025,3,Q1,Mar,Slab Moulds,1,1,479282
INV-03201,2025,3,Q1,Mar,Garden Animal Moulds,1,1,479282
INV-03201,2025,3,Q1,Mar,Tables and Benches,1,1,479282
INV-03210,2025,3,Q1,Mar,Silparan Kota,1,1,479282
INV-03195,2025,3,Q1,Mar,Roofing Sheets,2,1,479282
INV-03195,2025,3,Q1,Mar,Interlock,7,1,479282
INV-03195,2025,3,Q1,Mar,Loover,1,1,479282
INV-03195,2025,3,Q1,Mar,Doors,1,1,479282
INV-03207,2025,3,Q1,Mar,Roofing Sheets,1,1,479282
INV-03207,2025,3,Q1,Mar,Interlock,8,1,479282
INV-03198,2025,3,Q1,Mar,Bathik Tanks,1,1,479282
INV-03202,2025,3,Q1,Mar,Kalugal Moulds,1,1,479282
INV-03213,2025,3,Q1,Mar,Chemical Proof Tanks,1,1,479282
INV-03213,2025,3,Q1,Mar,Water Proof Tanks,1,1,479282
INV-03213,2025,3,Q1,Mar,Bathik Tanks,1,1,479282
INV-03181,2025,3,Q1,Mar,Molding Pati,1,1,479282
INV-03183,2025,3,Q1,Mar,Doors,1,1,479282
INV-03183,2025,3,Q1,Mar,Interlock,8,1,479282
INV-03183,2025,3,Q1,Mar,Loover,15,1,479282
INV-03199,2025,3,Q1,Mar,Chemical Proof Tanks,1,1,479282
INV-03199,2025,3,Q1,Mar,Water Proof Tanks,1,1,479282
INV-03199,2025,3,Q1,Mar,Bathik Tanks,1,1,479282
INV-03180,2025,3,Q1,Mar,Interlock,1,1,479282
INV-03200,2025,3,Q1,Mar,Silparan Kota,2,1,479282
INV-03200,2025,3,Q1,Mar,Molding Pati,1,1,479282
INV-03184,2025,3,Q1,Mar,Tables and Benches,1,1,479282
INV-03209,2025,3,Q1,Mar,Interlock,1,1,479282
INV-03218,2025,3,Q1,Mar,Water Proof Tanks,1,1,479282
INV-03218,2025,3,Q1,Mar,Bathik Tanks,1,1,479282
INV-03214,2025,3,Q1,Mar,Flower Pots,35,1,479282
INV-03214,2025,3,Q1,Mar,Temple Items,1,0,479282
INV-03190,2025,3,Q1,Mar,Loover,1,1,479282
INV-03204,2025,3,Q1,Mar,Garden Animal Moulds,2,1,479282
INV-03204,2025,3,Q1,Mar,Tables and Benches,1,1,479282
INV-03204,2025,3,Q1,Mar,Flower Pots,1,1,479282
INV-03204,2025,3,Q1,Mar,Interlock,2,1,479282
INV-03208,2025,3,Q1,Mar,Temple Items,1,0,479282
INV-03208,2025,3,Q1,Mar,Garden Animal Moulds,1,1,479282
INV-03211,2025,3,Q1,Mar,Kanu Moulds,1,1,479282
INV-03211,2025,3,Q1,Mar,Silparan Kota,1,1,479282
INV-03211,2025,3,Q1,Mar,Kalugal Moulds,1,1,479282
INV-03205,2025,3,Q1,Mar,Doors,1,1,479282
INV-03216,2025,3,Q1,Mar,Interlock,1,1,479282
INV-03216,2025,3,Q1,Mar,Flower Pots,4,1,479282
INV-03216,2025,3,Q1,Mar,Tables and Benches,1,1,479282
INV-03188,2025,3,Q1,Mar,Chemical Proof Tanks,1,1,479282
INV-03188,2025,3,Q1,Mar,Water Proof Tanks,1,1,479282
INV-03188,2025,3,Q1,Mar,Bathik Tanks,1,1,479282
INV-03189,2025,3,Q1,Mar,Slab Moulds,1,1,479282
INV-03189,2025,3,Q1,Mar,Molding Pati,1,1,479282
INV-03206,2025,3,Q1,Mar,Tables and Benches,1,1,479282
INV-03206,2025,3,Q1,Mar,Flower Pots,2,1,479282
INV-03206,2025,3,Q1,Mar,Garden Animal Moulds,1,1,479282
INV-03182,2025,3,Q1,Mar,Interlock,1,1,479282
INV-03182,2025,3,Q1,Mar,Doors,1,1,479282
INV-03182,2025,3,Q1,Mar,Loover,1,1,479282
INV-03197,2025,3,Q1,Mar,Kanu Moulds,1,1,479282
INV-03217,2025,3,Q1,Mar,Kalugal Moulds,10,1,479282
INV-03217,2025,3,Q1,Mar,Silparan Kota,4,1,479282
INV-03203,2025,3,Q1,Mar,Loover,1,1,479282
INV-03203,2025,3,Q1,Mar,Roofing Sheets,1,1,479282
INV-03203,2025,3,Q1,Mar,Doors,1,1,479282
INV-03250,2025,4,Q2,Apr,Water Proof Tanks,1,1,268045
INV-03234,2025,4,Q2,Apr,Roofing Sheets,1,1,268045
INV-03234,2025,4,Q2,Apr,Interlock,1,1,268045
INV-03242,2025,4,Q2,Apr,Bathik Tanks,1,0,268045
INV-03242,2025,4,Q2,Apr,Water Proof Tanks,1,1,268045
INV-03235,2025,4,Q2,Apr,Beeralu Moulds,1,1,268045
INV-03235,2025,4,Q2,Apr,Slab Moulds,1,1,268045
INV-03235,2025,4,Q2,Apr,Molding Pati,1,1,268045
INV-03236,2025,4,Q2,Apr,Beeralu Moulds,2,1,268045
INV-03236,2025,4,Q2,Apr,Kalugal Moulds,1,1,268045
INV-03249,2025,4,Q2,Apr,Chemical Proof Tanks,1,1,268045
INV-03249,2025,4,Q2,Apr,Bathik Tanks,1,0,268045
INV-03249,2025,4,Q2,Apr,Water Proof Tanks,1,1,268045
INV-03231,2025,4,Q2,Apr,Temple Items,2,1,268045
INV-03231,2025,4,Q2,Apr,Garden Animal Moulds,3,1,268045
INV-03241,2025,4,Q2,Apr,Loover,1,0,268045
INV-03241,2025,4,Q2,Apr,Interlock,1,1,268045
INV-03251,2025,4,Q2,Apr,Garden Animal Moulds,1,1,268045
INV-03251,2025,4,Q2,Apr,Flower Pots,1,1,268045
INV-03247,2025,4,Q2,Apr,Garden Animal Moulds,1,1,268045
INV-03238,2025,4,Q2,Apr,Garden Animal Moulds,1,1,268045
INV-03238,2025,4,Q2,Apr,Interlock,1,1,268045
INV-03233,2025,4,Q2,Apr,Beeralu Moulds,1,1,268045
INV-03243,2025,4,Q2,Apr,Garden Animal Moulds,3,1,268045
INV-03254,2025,4,Q2,Apr,Molding Pati,2,1,268045
INV-03254,2025,4,Q2,Apr,Silparan Kota,1,0,268045
INV-03254,2025,4,Q2,Apr,Kanu Moulds,2,1,268045
INV-03254,2025,4,Q2,Apr,Beeralu Moulds,3,1,268045
INV-03225,2025,4,Q2,Apr,Slab Moulds,1,1,268045
INV-03225,2025,4,Q2,Apr,Molding Pati,2,1,268045
INV-03224,2025,4,Q2,Apr,Molding Pati,1,1,268045
INV-03224,2025,4,Q2,Apr,Silparan Kota,1,0,268045
INV-03229,2025,4,Q2,Apr,Water Proof Tanks,1,1,268045
INV-03229,2025,4,Q2,Apr,Chemical Proof Tanks,1,1,268045
INV-03244,2025,4,Q2,Apr,Flower Pots,8,1,268045
INV-03219,2025,4,Q2,Apr,Flower Pots,3,1,268045
INV-03219,2025,4,Q2,Apr,Garden Animal Moulds,1,1,268045
INV-03239,2025,4,Q2,Apr,Flower Pots,1,1,268045
INV-03221,2025,4,Q2,Apr,Water Proof Tanks,1,1,268045
INV-03237,2025,4,Q2,Apr,Slab Moulds,1,1,268045
INV-03223,2025,4,Q2,Apr,Garden Animal Moulds,1,1,268045
INV-03223,2025,4,Q2,Apr,Flower Pots,2,1,268045
INV-03245,2025,4,Q2,Apr,Kalugal Moulds,1,1,268045
INV-03248,2025,4,Q2,Apr,Kalugal Moulds,1,1,268045
INV-03248,2025,4,Q2,Apr,Beeralu Moulds,1,1,268045
INV-03248,2025,4,Q2,Apr,Slab Moulds,1,1,268045
INV-03248,2025,4,Q2,Apr,Kanu Moulds,3,1,268045
INV-03226,2025,4,Q2,Apr,Bathik Tanks,1,0,268045
INV-03226,2025,4,Q2,Apr,Chemical Proof Tanks,1,1,268045
INV-03226,2025,4,Q2,Apr,Water Proof Tanks,1,1,268045
INV-03228,2025,4,Q2,Apr,Molding Pati,1,1,268045
INV-03240,2025,4,Q2,Apr,Kanu Moulds,1,1,268045
INV-03240,2025,4,Q2,Apr,Beeralu Moulds,1,1,268045
INV-03252,2025,4,Q2,Apr,Garden Animal Moulds,3,1,268045
INV-03252,2025,4,Q2,Apr,Flower Pots,3,1,268045
INV-03253,2025,4,Q2,Apr,Water Proof Tanks,1,1,268045
INV-03253,2025,4,Q2,Apr,Bathik Tanks,1,0,268045
INV-03253,2025,4,Q2,Apr,Chemical Proof Tanks,1,1,268045
INV-03222,2025,4,Q2,Apr,Interlock,1,1,268045
INV-03222,2025,4,Q2,Apr,Roofing Sheets,1,1,268045
INV-03222,2025,4,Q2,Apr,Water Proof Tanks,1,1,268045
INV-03230,2025,4,Q2,Apr,Slab Moulds,1,1,268045
INV-03230,2025,4,Q2,Apr,Molding Pati,1,1,268045
INV-03230,2025,4,Q2,Apr,Silparan Kota,1,0,268045
INV-03232,2025,4,Q2,Apr,Molding Pati,2,1,268045
INV-03232,2025,4,Q2,Apr,Silparan Kota,3,0,268045
INV-03220,2025,4,Q2,Apr,Doors,1,1,268045
INV-03227,2025,4,Q2,Apr,Flower Pots,2,1,268045
INV-03227,2025,4,Q2,Apr,Garden Animal Moulds,1,1,268045
INV-03246,2025,4,Q2,Apr,Flower Pots,1,1,268045
INV-03246,2025,4,Q2,Apr,Tables and Benches,1,1,268045
INV-03246,2025,4,Q2,Apr,Interlock,2,1,268045
INV-03246,2025,4,Q2,Apr,Garden Animal Moulds,1,1,268045
INV-03265,2025,5,Q2,May,Interlock,1,1,784525
INV-03271,2025,5,Q2,May,Bathik Tanks,1,0,784525
INV-03271,2025,5,Q2,May,Water Proof Tanks,1,1,784525
INV-03285,2025,5,Q2,May,Garden Animal Moulds,1,1,784525
INV-03285,2025,5,Q2,May,Flower Pots,3,1,784525
INV-03309,2025,5,Q2,May,Garden Animal Moulds,2,1,784525
INV-03309,2025,5,Q2,May,Tables and Benches,1,1,784525
INV-03257,2025,5,Q2,May,Tables and Benches,1,1,784525
INV-03257,2025,5,Q2,May,Interlock,1,1,784525
INV-03281,2025,5,Q2,May,Loover,3,0,784525
INV-03281,2025,5,Q2,May,Roofing Sheets,1,0,784525
INV-03281,2025,5,Q2,May,Interlock,1,1,784525
INV-03281,2025,5,Q2,May,Doors,1,0,784525
INV-03299,2025,5,Q2,May,Molding Pati,1,0,784525
INV-03299,2025,5,Q2,May,Silparan Kota,1,0,784525
INV-03306,2025,5,Q2,May,Kalugal Moulds,1,1,784525
INV-03315,2025,5,Q2,May,Beeralu Moulds,1,0,784525
INV-03315,2025,5,Q2,May,Molding Pati,1,0,784525
INV-03266,2025,5,Q2,May,Kalugal Moulds,1,1,784525
INV-03266,2025,5,Q2,May,Molding Pati,2,0,784525
INV-03266,2025,5,Q2,May,Slab Moulds,1,1,784525
INV-03266,2025,5,Q2,May,Silparan Kota,1,0,784525
INV-03258,2025,5,Q2,May,Loover,1,0,784525
INV-03258,2025,5,Q2,May,Roofing Sheets,1,0,784525
INV-03260,2025,5,Q2,May,Beeralu Moulds,1,0,784525
INV-03260,2025,5,Q2,May,Slab Moulds,1,1,784525
INV-03263,2025,5,Q2,May,Bathik Tanks,1,0,784525
INV-03269,2025,5,Q2,May,Garden Animal Moulds,1,1,784525
INV-03269,2025,5,Q2,May,Flower Pots,5,1,784525
INV-03269,2025,5,Q2,May,Temple Items,1,0,784525
INV-03286,2025,5,Q2,May,Slab Moulds,1,1,784525
INV-03286,2025,5,Q2,May,Molding Pati,1,0,784525
INV-03298,2025,5,Q2,May,Bathik Tanks,1,0,784525
INV-03298,2025,5,Q2,May,Water Proof Tanks,1,1,784525
INV-03287,2025,5,Q2,May,Interlock,1,1,784525
INV-03287,2025,5,Q2,May,Loover,1,0,784525
INV-03310,2025,5,Q2,May,Garden Animal Moulds,1,1,784525
INV-03275,2025,5,Q2,May,Interlock,1,1,784525
INV-03291,2025,5,Q2,May,Silparan Kota,1,0,784525
INV-03291,2025,5,Q2,May,Slab Moulds,2,1,784525
INV-03291,2025,5,Q2,May,Kanu Moulds,2,1,784525
INV-03296,2025,5,Q2,May,Interlock,1,1,784525
INV-03296,2025,5,Q2,May,Garden Animal Moulds,1,1,784525
INV-03296,2025,5,Q2,May,Tables and Benches,1,1,784525
INV-03308,2025,5,Q2,May,Chemical Proof Tanks,1,0,784525
INV-03284,2025,5,Q2,May,Molding Pati,2,0,784525
INV-03284,2025,5,Q2,May,Beeralu Moulds,1,0,784525
INV-03302,2025,5,Q2,May,Water Proof Tanks,1,1,784525
INV-03280,2025,5,Q2,May,Tables and Benches,1,1,784525
INV-03282,2025,5,Q2,May,Kanu Moulds,1,1,784525
INV-03264,2025,5,Q2,May,Garden Animal Moulds,1,1,784525
INV-03264,2025,5,Q2,May,Flower Pots,1,1,784525
INV-03264,2025,5,Q2,May,Temple Items,1,0,784525
INV-03314,2025,5,Q2,May,Water Proof Tanks,1,1,784525
INV-03314,2025,5,Q2,May,Chemical Proof Tanks,1,0,784525
INV-03314,2025,5,Q2,May,Bathik Tanks,1,0,784525
INV-03276,2025,5,Q2,May,Kalugal Moulds,1,1,784525
INV-03276,2025,5,Q2,May,Molding Pati,1,0,784525
INV-03276,2025,5,Q2,May,Silparan Kota,4,0,784525
INV-03283,2025,5,Q2,May,Bathik Tanks,1,0,784525
INV-03283,2025,5,Q2,May,Water Proof Tanks,1,1,784525
INV-03283,2025,5,Q2,May,Chemical Proof Tanks,1,0,784525
INV-03300,2025,5,Q2,May,Flower Pots,6,1,784525
INV-03301,2025,5,Q2,May,Chemical Proof Tanks,1,0,784525
INV-03301,2025,5,Q2,May,Water Proof Tanks,4,1,784525
INV-03301,2025,5,Q2,May,Bathik Tanks,1,0,784525
INV-03307,2025,5,Q2,May,Flower Pots,2,1,784525
INV-03307,2025,5,Q2,May,Garden Animal Moulds,1,1,784525
INV-03274,2025,5,Q2,May,Garden Animal Moulds,3,1,784525
INV-03277,2025,5,Q2,May,Garden Animal Moulds,1,1,784525
INV-03277,2025,5,Q2,May,Temple Items,1,0,784525
INV-03277,2025,5,Q2,May,Flower Pots,2,1,784525
INV-03289,2025,5,Q2,May,Kalugal Moulds,1,1,784525
INV-03289,2025,5,Q2,May,Molding Pati,3,0,784525
INV-03289,2025,5,Q2,May,Slab Moulds,1,1,784525
INV-03261,2025,5,Q2,May,Loover,1,0,784525
INV-03261,2025,5,Q2,May,Doors,1,0,784525
INV-03261,2025,5,Q2,May,Interlock,1,1,784525
INV-03262,2025,5,Q2,May,Temple Items,1,0,784525
INV-03262,2025,5,Q2,May,Garden Animal Moulds,3,1,784525
INV-03262,2025,5,Q2,May,Flower Pots,1,1,784525
INV-03256,2025,5,Q2,May,Water Proof Tanks,1,1,784525
INV-03256,2025,5,Q2,May,Chemical Proof Tanks,1,0,784525
INV-03256,2025,5,Q2,May,Bathik Tanks,1,0,784525
INV-03290,2025,5,Q2,May,Kanu Moulds,1,1,784525
INV-03290,2025,5,Q2,May,Silparan Kota,1,0,784525
INV-03293,2025,5,Q2,May,Garden Animal Moulds,1,1,784525
INV-03293,2025,5,Q2,May,Flower Pots,4,1,784525
INV-03293,2025,5,Q2,May,Temple Items,1,0,784525
INV-03297,2025,5,Q2,May,Beeralu Moulds,1,0,784525
INV-03303,2025,5,Q2,May,Kalugal Moulds,1,1,784525
INV-03312,2025,5,Q2,May,Bathik Tanks,1,0,784525
INV-03312,2025,5,Q2,May,Water Proof Tanks,1,1,784525
INV-03255,2025,5,Q2,May,Roofing Sheets,4,0,784525
INV-03255,2025,5,Q2,May,Interlock,3,1,784525
INV-03259,2025,5,Q2,May,Kalugal Moulds,2,1,784525
INV-03259,2025,5,Q2,May,Beeralu Moulds,9,0,784525
INV-03272,2025,5,Q2,May,Tables and Benches,1,1,784525
INV-03272,2025,5,Q2,May,Interlock,12,1,784525
INV-03279,2025,5,Q2,May,Flower Pots,3,1,784525
INV-03279,2025,5,Q2,May,Temple Items,1,0,784525
INV-03311,2025,5,Q2,May,Silparan Kota,3,0,784525
INV-03294,2025,5,Q2,May,Kalugal Moulds,2,1,784525
INV-03294,2025,5,Q2,May,Kanu Moulds,1,1,784525
INV-03294,2025,5,Q2,May,Roofing Sheets,1,0,784525
INV-03305,2025,5,Q2,May,Kanu Moulds,1,1,784525
INV-03305,2025,5,Q2,May,Kalugal Moulds,1,1,784525
INV-03305,2025,5,Q2,May,Silparan Kota,1,0,784525
INV-03316,2025,5,Q2,May,Interlock,1,1,784525
INV-03316,2025,5,Q2,May,Flower Pots,11,1,784525
INV-03316,2025,5,Q2,May,Tables and Benches,1,1,784525
INV-03316,2025,5,Q2,May,Kanu Moulds,1,1,784525
INV-03270,2025,5,Q2,May,Tables and Benches,1,1,784525
INV-03278,2025,5,Q2,May,Slab Moulds,1,1,784525
INV-03317,2025,5,Q2,May,Garden Animal Moulds,1,1,784525
INV-03268,2025,5,Q2,May,Interlock,2,1,784525
INV-03273,2025,5,Q2,May,Temple Items,1,0,784525
INV-03273,2025,5,Q2,May,Flower Pots,12,1,784525
INV-03295,2025,5,Q2,May,Chemical Proof Tanks,1,0,784525
INV-03295,2025,5,Q2,May,Water Proof Tanks,1,1,784525
INV-03304,2025,5,Q2,May,Flower Pots,5,1,784525
INV-03304,2025,5,Q2,May,Garden Animal Moulds,1,1,784525
INV-03288,2025,5,Q2,May,Garden Animal Moulds,1,1,784525
INV-03313,2025,5,Q2,May,Kanu Moulds,1,1,784525
INV-03313,2025,5,Q2,May,Slab Moulds,1,1,784525
INV-03267,2025,5,Q2,May,Loover,1,0,784525
INV-03292,2025,5,Q2,May,Chemical Proof Tanks,1,0,784525
INV-03292,2025,5,Q2,May,Water Proof Tanks,1,1,784525
INV-03292,2025,5,Q2,May,Bathik Tanks,1,0,784525
INV-03336,2025,6,Q2,Jun,Bathik Tanks,1,0,369276
INV-03337,2025,6,Q2,Jun,Interlock,1,1,369276
INV-03337,2025,6,Q2,Jun,Garden Animal Moulds,3,1,369276
INV-03337,2025,6,Q2,Jun,Flower Pots,5,0,369276
INV-03340,2025,6,Q2,Jun,Roofing Sheets,1,0,369276
INV-03340,2025,6,Q2,Jun,Interlock,1,1,369276
INV-03340,2025,6,Q2,Jun,Doors,1,0,369276
INV-03328,2025,6,Q2,Jun,Slab Moulds,1,0,369276
INV-03328,2025,6,Q2,Jun,Kanu Moulds,1,0,369276
INV-03338,2025,6,Q2,Jun,Silparan Kota,2,0,369276
INV-03338,2025,6,Q2,Jun,Beeralu Moulds,1,0,369276
INV-03338,2025,6,Q2,Jun,Kalugal Moulds,1,0,369276
INV-03322,2025,6,Q2,Jun,Molding Pati,5,0,369276
INV-03350,2025,6,Q2,Jun,Silparan Kota,1,0,369276
INV-03326,2025,6,Q2,Jun,Kalugal Moulds,3,0,369276
INV-03326,2025,6,Q2,Jun,Silparan Kota,7,0,369276
INV-03332,2025,6,Q2,Jun,Slab Moulds,1,0,369276
INV-03332,2025,6,Q2,Jun,Kanu Moulds,3,0,369276
INV-03332,2025,6,Q2,Jun,Beeralu Moulds,2,0,369276
INV-03332,2025,6,Q2,Jun,Tables and Benches,1,0,369276
INV-03320,2025,6,Q2,Jun,Doors,1,0,369276
INV-03323,2025,6,Q2,Jun,Garden Animal Moulds,1,1,369276
INV-03327,2025,6,Q2,Jun,Silparan Kota,4,0,369276
INV-03327,2025,6,Q2,Jun,Molding Pati,1,0,369276
INV-03327,2025,6,Q2,Jun,Kanu Moulds,1,0,369276
INV-03348,2025,6,Q2,Jun,Garden Animal Moulds,1,1,369276
INV-03348,2025,6,Q2,Jun,Interlock,2,1,369276
INV-03348,2025,6,Q2,Jun,Flower Pots,5,0,369276
INV-03339,2025,6,Q2,Jun,Kalugal Moulds,1,0,369276
INV-03325,2025,6,Q2,Jun,Loover,1,0,369276
INV-03325,2025,6,Q2,Jun,Interlock,3,1,369276
INV-03333,2025,6,Q2,Jun,Loover,1,0,369276
INV-03345,2025,6,Q2,Jun,Chemical Proof Tanks,1,0,369276
INV-03345,2025,6,Q2,Jun,Bathik Tanks,1,0,369276
INV-03334,2025,6,Q2,Jun,Interlock,2,1,369276
INV-03334,2025,6,Q2,Jun,Roofing Sheets,1,0,369276
INV-03334,2025,6,Q2,Jun,Loover,1,0,369276
INV-03353,2025,6,Q2,Jun,Slab Moulds,1,0,369276
INV-03353,2025,6,Q2,Jun,Silparan Kota,1,0,369276
INV-03353,2025,6,Q2,Jun,Kalugal Moulds,1,0,369276
INV-03321,2025,6,Q2,Jun,Interlock,1,1,369276
INV-03321,2025,6,Q2,Jun,Flower Pots,20,0,369276
INV-03352,2025,6,Q2,Jun,Silparan Kota,2,0,369276
INV-03352,2025,6,Q2,Jun,Molding Pati,1,0,369276
INV-03318,2025,6,Q2,Jun,Bathik Tanks,1,0,369276
INV-03318,2025,6,Q2,Jun,Water Proof Tanks,1,0,369276
INV-03318,2025,6,Q2,Jun,Interlock,2,1,369276
INV-03343,2025,6,Q2,Jun,Bathik Tanks,1,0,369276
INV-03343,2025,6,Q2,Jun,Water Proof Tanks,1,0,369276
INV-03343,2025,6,Q2,Jun,Chemical Proof Tanks,1,0,369276
INV-03351,2025,6,Q2,Jun,Kanu Moulds,4,0,369276
INV-03351,2025,6,Q2,Jun,Silparan Kota,2,0,369276
INV-03351,2025,6,Q2,Jun,Kalugal Moulds,1,0,369276
INV-03330,2025,6,Q2,Jun,Doors,1,0,369276
INV-03341,2025,6,Q2,Jun,Silparan Kota,4,0,369276
INV-03341,2025,6,Q2,Jun,Molding Pati,2,0,369276
INV-03346,2025,6,Q2,Jun,Roofing Sheets,1,0,369276
INV-03346,2025,6,Q2,Jun,Interlock,1,1,369276
INV-03346,2025,6,Q2,Jun,Doors,1,0,369276
INV-03346,2025,6,Q2,Jun,Loover,1,0,369276
INV-03347,2025,6,Q2,Jun,Doors,1,0,369276
INV-03329,2025,6,Q2,Jun,Water Proof Tanks,1,0,369276
INV-03331,2025,6,Q2,Jun,Tables and Benches,1,0,369276
INV-03335,2025,6,Q2,Jun,Slab Moulds,1,0,369276
INV-03324,2025,6,Q2,Jun,Doors,1,0,369276
INV-03324,2025,6,Q2,Jun,Roofing Sheets,1,0,369276
INV-03342,2025,6,Q2,Jun,Loover,1,0,369276
INV-03344,2025,6,Q2,Jun,Tables and Benches,1,0,369276
INV-03344,2025,6,Q2,Jun,Garden Animal Moulds,2,1,369276
INV-03344,2025,6,Q2,Jun,Flower Pots,23,0,369276
INV-03344,2025,6,Q2,Jun,Interlock,3,1,369276
INV-03349,2025,6,Q2,Jun,Bathik Tanks,1,0,369276
INV-03349,2025,6,Q2,Jun,Water Proof Tanks,1,0,369276
INV-03319,2025,6,Q2,Jun,Slab Moulds,1,0,369276
INV-03319,2025,6,Q2,Jun,Kalugal Moulds,1,0,369276
INV-03361,2025,7,Q3,Jul,Doors,1,0,617440
INV-03361,2025,7,Q3,Jul,Interlock,2,0,617440
INV-03401,2025,7,Q3,Jul,Water Proof Tanks,1,0,617440
INV-03365,2025,7,Q3,Jul,Doors,1,0,617440
INV-03365,2025,7,Q3,Jul,Interlock,1,0,617440
INV-03367,2025,7,Q3,Jul,Bathik Tanks,1,0,617440
INV-03407,2025,7,Q3,Jul,Water Proof Tanks,1,0,617440
INV-03407,2025,7,Q3,Jul,Bathik Tanks,1,0,617440
INV-03355,2025,7,Q3,Jul,Silparan Kota,1,0,617440
INV-03355,2025,7,Q3,Jul,Molding Pati,3,0,617440
INV-03368,2025,7,Q3,Jul,Roofing Sheets,1,0,617440
INV-03368,2025,7,Q3,Jul,Interlock,1,0,617440
INV-03393,2025,7,Q3,Jul,Chemical Proof Tanks,1,0,617440
INV-03376,2025,7,Q3,Jul,Doors,1,0,617440
INV-03376,2025,7,Q3,Jul,Interlock,1,0,617440
INV-03380,2025,7,Q3,Jul,Molding Pati,2,0,617440
INV-03390,2025,7,Q3,Jul,Beeralu Moulds,1,0,617440
INV-03390,2025,7,Q3,Jul,Kanu Moulds,1,0,617440
INV-03399,2025,7,Q3,Jul,Temple Items,1,1,617440
INV-03399,2025,7,Q3,Jul,Garden Animal Moulds,1,0,617440
INV-03411,2025,7,Q3,Jul,Slab Moulds,1,0,617440
INV-03411,2025,7,Q3,Jul,Kanu Moulds,1,0,617440
INV-03420,2025,7,Q3,Jul,Interlock,1,0,617440
INV-03383,2025,7,Q3,Jul,Garden Animal Moulds,1,0,617440
INV-03383,2025,7,Q3,Jul,Temple Items,1,1,617440
INV-03370,2025,7,Q3,Jul,Flower Pots,2,0,617440
INV-03370,2025,7,Q3,Jul,Temple Items,1,1,617440
INV-03370,2025,7,Q3,Jul,Garden Animal Moulds,1,0,617440
INV-03419,2025,7,Q3,Jul,Temple Items,1,1,617440
INV-03374,2025,7,Q3,Jul,Flower Pots,10,0,617440
INV-03374,2025,7,Q3,Jul,Garden Animal Moulds,1,0,617440
INV-03404,2025,7,Q3,Jul,Molding Pati,1,0,617440
INV-03408,2025,7,Q3,Jul,Garden Animal Moulds,1,0,617440
INV-03408,2025,7,Q3,Jul,Tables and Benches,1,0,617440
INV-03408,2025,7,Q3,Jul,Interlock,1,0,617440
INV-03422,2025,7,Q3,Jul,Tables and Benches,1,0,617440
INV-03360,2025,7,Q3,Jul,Interlock,1,0,617440
INV-03360,2025,7,Q3,Jul,Loover,1,0,617440
INV-03409,2025,7,Q3,Jul,Temple Items,1,1,617440
INV-03409,2025,7,Q3,Jul,Flower Pots,1,0,617440
INV-03417,2025,7,Q3,Jul,Silparan Kota,1,0,617440
INV-03417,2025,7,Q3,Jul,Kalugal Moulds,1,0,617440
INV-03400,2025,7,Q3,Jul,Garden Animal Moulds,1,0,617440
INV-03400,2025,7,Q3,Jul,Temple Items,1,1,617440
INV-03356,2025,7,Q3,Jul,Roofing Sheets,1,0,617440
INV-03356,2025,7,Q3,Jul,Interlock,2,0,617440
INV-03356,2025,7,Q3,Jul,Doors,1,0,617440
INV-03416,2025,7,Q3,Jul,Doors,1,0,617440
INV-03416,2025,7,Q3,Jul,Interlock,1,0,617440
INV-03416,2025,7,Q3,Jul,Slab Moulds,2,0,617440
INV-03364,2025,7,Q3,Jul,Loover,1,0,617440
INV-03381,2025,7,Q3,Jul,Kanu Moulds,1,0,617440
INV-03381,2025,7,Q3,Jul,Silparan Kota,1,0,617440
INV-03382,2025,7,Q3,Jul,Slab Moulds,1,0,617440
INV-03397,2025,7,Q3,Jul,Kalugal Moulds,1,0,617440
INV-03394,2025,7,Q3,Jul,Kalugal Moulds,1,0,617440
INV-03394,2025,7,Q3,Jul,Slab Moulds,1,0,617440
INV-03394,2025,7,Q3,Jul,Silparan Kota,2,0,617440
INV-03394,2025,7,Q3,Jul,Kanu Moulds,2,0,617440
INV-03359,2025,7,Q3,Jul,Slab Moulds,1,0,617440
INV-03359,2025,7,Q3,Jul,Silparan Kota,4,0,617440
INV-03378,2025,7,Q3,Jul,Doors,1,0,617440
INV-03426,2025,7,Q3,Jul,Loover,1,0,617440
INV-03426,2025,7,Q3,Jul,Interlock,1,0,617440
INV-03426,2025,7,Q3,Jul,Roofing Sheets,1,0,617440
INV-03426,2025,7,Q3,Jul,Doors,1,0,617440
INV-03358,2025,7,Q3,Jul,Slab Moulds,1,0,617440
INV-03362,2025,7,Q3,Jul,Garden Animal Moulds,1,0,617440
INV-03385,2025,7,Q3,Jul,Flower Pots,1,0,617440
INV-03385,2025,7,Q3,Jul,Tables and Benches,1,0,617440
INV-03385,2025,7,Q3,Jul,Garden Animal Moulds,1,0,617440
INV-03385,2025,7,Q3,Jul,Interlock,1,0,617440
INV-03406,2025,7,Q3,Jul,Slab Moulds,1,0,617440
INV-03371,2025,7,Q3,Jul,Slab Moulds,2,0,617440
INV-03371,2025,7,Q3,Jul,Kanu Moulds,1,0,617440
INV-03371,2025,7,Q3,Jul,Molding Pati,1,0,617440
INV-03398,2025,7,Q3,Jul,Loover,1,0,617440
INV-03415,2025,7,Q3,Jul,Chemical Proof Tanks,1,0,617440
INV-03366,2025,7,Q3,Jul,Loover,1,0,617440
INV-03366,2025,7,Q3,Jul,Doors,1,0,617440
INV-03366,2025,7,Q3,Jul,Roofing Sheets,1,0,617440
INV-03387,2025,7,Q3,Jul,Bathik Tanks,3,0,617440
INV-03387,2025,7,Q3,Jul,Water Proof Tanks,1,0,617440
INV-03387,2025,7,Q3,Jul,Chemical Proof Tanks,1,0,617440
INV-03387,2025,7,Q3,Jul,Molding Pati,21,0,617440
INV-03412,2025,7,Q3,Jul,Tables and Benches,1,0,617440
INV-03412,2025,7,Q3,Jul,Interlock,1,0,617440
INV-03421,2025,7,Q3,Jul,Doors,1,0,617440
INV-03421,2025,7,Q3,Jul,Loover,1,0,617440
INV-03421,2025,7,Q3,Jul,Roofing Sheets,3,0,617440
INV-03423,2025,7,Q3,Jul,Slab Moulds,1,0,617440
INV-03384,2025,7,Q3,Jul,Kalugal Moulds,1,0,617440
INV-03384,2025,7,Q3,Jul,Silparan Kota,4,0,617440
INV-03384,2025,7,Q3,Jul,Slab Moulds,1,0,617440
INV-03413,2025,7,Q3,Jul,Silparan Kota,1,0,617440
INV-03418,2025,7,Q3,Jul,Slab Moulds,1,0,617440
INV-03418,2025,7,Q3,Jul,Beeralu Moulds,1,0,617440
INV-03418,2025,7,Q3,Jul,Molding Pati,1,0,617440
INV-03388,2025,7,Q3,Jul,Loover,6,0,617440
INV-03388,2025,7,Q3,Jul,Interlock,4,0,617440
INV-03388,2025,7,Q3,Jul,Doors,1,0,617440
INV-03388,2025,7,Q3,Jul,Roofing Sheets,3,0,617440
INV-03391,2025,7,Q3,Jul,Doors,1,0,617440
INV-03392,2025,7,Q3,Jul,Bathik Tanks,1,0,617440
INV-03392,2025,7,Q3,Jul,Water Proof Tanks,1,0,617440
INV-03369,2025,7,Q3,Jul,Chemical Proof Tanks,1,0,617440
INV-03377,2025,7,Q3,Jul,Tables and Benches,1,0,617440
INV-03389,2025,7,Q3,Jul,Doors,1,0,617440
INV-03389,2025,7,Q3,Jul,Roofing Sheets,1,0,617440
INV-03389,2025,7,Q3,Jul,Interlock,1,0,617440
INV-03389,2025,7,Q3,Jul,Loover,1,0,617440
INV-03405,2025,7,Q3,Jul,Interlock,1,0,617440
INV-03414,2025,7,Q3,Jul,Molding Pati,1,0,617440
INV-03414,2025,7,Q3,Jul,Kanu Moulds,1,0,617440
INV-03354,2025,7,Q3,Jul,Molding Pati,1,0,617440
INV-03354,2025,7,Q3,Jul,Slab Moulds,2,0,617440
INV-03354,2025,7,Q3,Jul,Kalugal Moulds,1,0,617440
INV-03354,2025,7,Q3,Jul,Kanu Moulds,1,0,617440
INV-03379,2025,7,Q3,Jul,Bathik Tanks,1,0,617440
INV-03379,2025,7,Q3,Jul,Water Proof Tanks,1,0,617440
INV-03425,2025,7,Q3,Jul,Beeralu Moulds,8,0,617440
INV-03425,2025,7,Q3,Jul,Silparan Kota,5,0,617440
INV-03425,2025,7,Q3,Jul,Slab Moulds,4,0,617440
INV-03402,2025,7,Q3,Jul,Temple Items,1,1,617440
INV-03402,2025,7,Q3,Jul,Flower Pots,1,0,617440
INV-03402,2025,7,Q3,Jul,Garden Animal Moulds,1,0,617440
INV-03363,2025,7,Q3,Jul,Garden Animal Moulds,1,0,617440
INV-03363,2025,7,Q3,Jul,Flower Pots,1,0,617440
INV-03375,2025,7,Q3,Jul,Molding Pati,3,0,617440
INV-03375,2025,7,Q3,Jul,Kalugal Moulds,1,0,617440
INV-03375,2025,7,Q3,Jul,Beeralu Moulds,1,0,617440
INV-03410,2025,7,Q3,Jul,Flower Pots,3,0,617440
INV-03410,2025,7,Q3,Jul,Interlock,2,0,617440
INV-03373,2025,7,Q3,Jul,Kanu Moulds,1,0,617440
INV-03386,2025,7,Q3,Jul,Garden Animal Moulds,1,0,617440
INV-03386,2025,7,Q3,Jul,Flower Pots,6,0,617440
INV-03357,2025,7,Q3,Jul,Loover,1,0,617440
INV-03357,2025,7,Q3,Jul,Roofing Sheets,1,0,617440
INV-03403,2025,7,Q3,Jul,Molding Pati,1,0,617440
INV-03403,2025,7,Q3,Jul,Kanu Moulds,1,0,617440
INV-03372,2025,7,Q3,Jul,Silparan Kota,2,0,617440
INV-03372,2025,7,Q3,Jul,Molding Pati,2,0,617440
INV-03395,2025,7,Q3,Jul,Slab Moulds,1,0,617440
INV-03395,2025,7,Q3,Jul,Kalugal Moulds,1,0,617440
INV-03395,2025,7,Q3,Jul,Silparan Kota,1,0,617440
INV-03396,2025,7,Q3,Jul,Kanu Moulds,2,0,617440
INV-03396,2025,7,Q3,Jul,Slab Moulds,1,0,617440
INV-03396,2025,7,Q3,Jul,Molding Pati,2,0,617440
INV-03424,2025,7,Q3,Jul,Garden Animal Moulds,1,0,617440
INV-03435,2025,8,Q3,Aug,Tables and Benches,1,0,587203
INV-03435,2025,8,Q3,Aug,Garden Animal Moulds,1,0,587203
INV-03435,2025,8,Q3,Aug,Interlock,1,0,587203
INV-03453,2025,8,Q3,Aug,Water Proof Tanks,1,0,587203
INV-03453,2025,8,Q3,Aug,Chemical Proof Tanks,1,0,587203
INV-03453,2025,8,Q3,Aug,Bathik Tanks,1,0,587203
INV-03483,2025,8,Q3,Aug,Chemical Proof Tanks,1,0,587203
INV-03483,2025,8,Q3,Aug,Bathik Tanks,1,0,587203
INV-03483,2025,8,Q3,Aug,Water Proof Tanks,1,0,587203
INV-03446,2025,8,Q3,Aug,Garden Animal Moulds,1,0,587203
INV-03470,2025,8,Q3,Aug,Interlock,1,0,587203
INV-03470,2025,8,Q3,Aug,Garden Animal Moulds,2,0,587203
INV-03470,2025,8,Q3,Aug,Flower Pots,3,0,587203
INV-03431,2025,8,Q3,Aug,Kanu Moulds,1,0,587203
INV-03431,2025,8,Q3,Aug,Beeralu Moulds,1,0,587203
INV-03431,2025,8,Q3,Aug,Slab Moulds,1,0,587203
INV-03439,2025,8,Q3,Aug,Beeralu Moulds,1,0,587203
INV-03439,2025,8,Q3,Aug,Kalugal Moulds,1,0,587203
INV-03451,2025,8,Q3,Aug,Flower Pots,1,0,587203
INV-03427,2025,8,Q3,Aug,Silparan Kota,5,0,587203
INV-03427,2025,8,Q3,Aug,Molding Pati,5,0,587203
INV-03437,2025,8,Q3,Aug,Garden Animal Moulds,1,0,587203
INV-03443,2025,8,Q3,Aug,Garden Animal Moulds,1,0,587203
INV-03438,2025,8,Q3,Aug,Roofing Sheets,1,0,587203
INV-03456,2025,8,Q3,Aug,Tables and Benches,1,0,587203
INV-03459,2025,8,Q3,Aug,Chemical Proof Tanks,1,0,587203
INV-03473,2025,8,Q3,Aug,Interlock,1,0,587203
INV-03473,2025,8,Q3,Aug,Flower Pots,2,0,587203
INV-03428,2025,8,Q3,Aug,Flower Pots,3,0,587203
INV-03460,2025,8,Q3,Aug,Kanu Moulds,3,0,587203
INV-03465,2025,8,Q3,Aug,Slab Moulds,1,0,587203
INV-03429,2025,8,Q3,Aug,Water Proof Tanks,1,0,587203
INV-03429,2025,8,Q3,Aug,Bathik Tanks,1,0,587203
INV-03479,2025,8,Q3,Aug,Kalugal Moulds,2,0,587203
INV-03479,2025,8,Q3,Aug,Silparan Kota,6,0,587203
INV-03479,2025,8,Q3,Aug,Kanu Moulds,21,0,587203
INV-03479,2025,8,Q3,Aug,Doors,1,0,587203
INV-03467,2025,8,Q3,Aug,Flower Pots,1,0,587203
INV-03467,2025,8,Q3,Aug,Interlock,1,0,587203
INV-03467,2025,8,Q3,Aug,Garden Animal Moulds,1,0,587203
INV-03467,2025,8,Q3,Aug,Tables and Benches,1,0,587203
INV-03474,2025,8,Q3,Aug,Water Proof Tanks,1,0,587203
INV-03474,2025,8,Q3,Aug,Bathik Tanks,1,0,587203
INV-03474,2025,8,Q3,Aug,Chemical Proof Tanks,1,0,587203
INV-03432,2025,8,Q3,Aug,Interlock,2,0,587203
INV-03434,2025,8,Q3,Aug,Kalugal Moulds,1,0,587203
INV-03450,2025,8,Q3,Aug,Loover,2,0,587203
INV-03476,2025,8,Q3,Aug,Interlock,2,0,587203
INV-03476,2025,8,Q3,Aug,Roofing Sheets,1,0,587203
INV-03477,2025,8,Q3,Aug,Kanu Moulds,1,0,587203
INV-03477,2025,8,Q3,Aug,Silparan Kota,1,0,587203
INV-03480,2025,8,Q3,Aug,Chemical Proof Tanks,1,0,587203
INV-03480,2025,8,Q3,Aug,Bathik Tanks,1,0,587203
INV-03468,2025,8,Q3,Aug,Temple Items,1,0,587203
INV-03468,2025,8,Q3,Aug,Garden Animal Moulds,2,0,587203
INV-03436,2025,8,Q3,Aug,Chemical Proof Tanks,1,0,587203
INV-03472,2025,8,Q3,Aug,Kalugal Moulds,1,0,587203
INV-03440,2025,8,Q3,Aug,Tables and Benches,1,0,587203
INV-03440,2025,8,Q3,Aug,Garden Animal Moulds,1,0,587203
INV-03457,2025,8,Q3,Aug,Garden Animal Moulds,1,0,587203
INV-03457,2025,8,Q3,Aug,Tables and Benches,1,0,587203
INV-03433,2025,8,Q3,Aug,Kanu Moulds,3,0,587203
INV-03433,2025,8,Q3,Aug,Slab Moulds,1,0,587203
INV-03433,2025,8,Q3,Aug,Silparan Kota,2,0,587203
INV-03433,2025,8,Q3,Aug,Molding Pati,3,0,587203
INV-03448,2025,8,Q3,Aug,Interlock,1,0,587203
INV-03458,2025,8,Q3,Aug,Bathik Tanks,1,0,587203
INV-03458,2025,8,Q3,Aug,Water Proof Tanks,1,0,587203
INV-03458,2025,8,Q3,Aug,Chemical Proof Tanks,1,0,587203
INV-03462,2025,8,Q3,Aug,Bathik Tanks,1,0,587203
INV-03454,2025,8,Q3,Aug,Flower Pots,1,0,587203
INV-03469,2025,8,Q3,Aug,Roofing Sheets,1,0,587203
INV-03469,2025,8,Q3,Aug,Interlock,2,0,587203
INV-03471,2025,8,Q3,Aug,Kanu Moulds,1,0,587203
INV-03441,2025,8,Q3,Aug,Chemical Proof Tanks,1,0,587203
INV-03441,2025,8,Q3,Aug,Bathik Tanks,1,0,587203
INV-03447,2025,8,Q3,Aug,Slab Moulds,1,0,587203
INV-03447,2025,8,Q3,Aug,Silparan Kota,1,0,587203
INV-03464,2025,8,Q3,Aug,Water Proof Tanks,1,0,587203
INV-03464,2025,8,Q3,Aug,Bathik Tanks,1,0,587203
INV-03464,2025,8,Q3,Aug,Chemical Proof Tanks,1,0,587203
INV-03475,2025,8,Q3,Aug,Water Proof Tanks,1,0,587203
INV-03475,2025,8,Q3,Aug,Chemical Proof Tanks,1,0,587203
INV-03475,2025,8,Q3,Aug,Bathik Tanks,1,0,587203
INV-03481,2025,8,Q3,Aug,Garden Animal Moulds,1,0,587203
INV-03452,2025,8,Q3,Aug,Silparan Kota,2,0,587203
INV-03452,2025,8,Q3,Aug,Kanu Moulds,2,0,587203
INV-03452,2025,8,Q3,Aug,Kalugal Moulds,6,0,587203
INV-03452,2025,8,Q3,Aug,Molding Pati,2,0,587203
INV-03442,2025,8,Q3,Aug,Flower Pots,1,0,587203
INV-03442,2025,8,Q3,Aug,Tables and Benches,1,0,587203
INV-03442,2025,8,Q3,Aug,Interlock,1,0,587203
INV-03482,2025,8,Q3,Aug,Garden Animal Moulds,2,0,587203
INV-03482,2025,8,Q3,Aug,Flower Pots,1,0,587203
INV-03455,2025,8,Q3,Aug,Doors,1,0,587203
INV-03455,2025,8,Q3,Aug,Loover,1,0,587203
INV-03478,2025,8,Q3,Aug,Molding Pati,1,0,587203
INV-03430,2025,8,Q3,Aug,Flower Pots,6,0,587203
INV-03430,2025,8,Q3,Aug,Garden Animal Moulds,1,0,587203
INV-03463,2025,8,Q3,Aug,Water Proof Tanks,1,0,587203
INV-03463,2025,8,Q3,Aug,Bathik Tanks,1,0,587203
INV-03463,2025,8,Q3,Aug,Chemical Proof Tanks,1,0,587203
INV-03463,2025,8,Q3,Aug,Roofing Sheets,1,0,587203
INV-03444,2025,8,Q3,Aug,Flower Pots,2,0,587203
INV-03484,2025,8,Q3,Aug,Water Proof Tanks,1,0,587203
INV-03484,2025,8,Q3,Aug,Chemical Proof Tanks,1,0,587203
INV-03466,2025,8,Q3,Aug,Molding Pati,1,0,587203
INV-03445,2025,8,Q3,Aug,Roofing Sheets,1,0,587203
INV-03445,2025,8,Q3,Aug,Doors,1,0,587203
INV-03445,2025,8,Q3,Aug,Loover,1,0,587203
INV-03445,2025,8,Q3,Aug,Interlock,1,0,587203
INV-03449,2025,8,Q3,Aug,Garden Animal Moulds,2,0,587203
INV-03449,2025,8,Q3,Aug,Tables and Benches,1,0,587203
INV-03461,2025,8,Q3,Aug,Garden Animal Moulds,11,0,587203
INV-03461,2025,8,Q3,Aug,Tables and Benches,1,0,587203
INV-03461,2025,8,Q3,Aug,Interlock,3,0,587203
INV-03493,2025,9,Q3,Sep,Silparan Kota,3,0,610125
INV-03524,2025,9,Q3,Sep,Loover,1,0,610125
INV-03526,2025,9,Q3,Sep,Interlock,1,0,610125
INV-03517,2025,9,Q3,Sep,Silparan Kota,10,0,610125
INV-03517,2025,9,Q3,Sep,Beeralu Moulds,2,0,610125
INV-03517,2025,9,Q3,Sep,Slab Moulds,2,0,610125
INV-03487,2025,9,Q3,Sep,Silparan Kota,1,0,610125
INV-03508,2025,9,Q3,Sep,Flower Pots,1,0,610125
INV-03509,2025,9,Q3,Sep,Beeralu Moulds,1,0,610125
INV-03525,2025,9,Q3,Sep,Roofing Sheets,1,0,610125
INV-03525,2025,9,Q3,Sep,Interlock,1,0,610125
INV-03525,2025,9,Q3,Sep,Doors,1,0,610125
INV-03537,2025,9,Q3,Sep,Tables and Benches,1,0,610125
INV-03512,2025,9,Q3,Sep,Garden Animal Moulds,1,0,610125
INV-03512,2025,9,Q3,Sep,Tables and Benches,1,0,610125
INV-03512,2025,9,Q3,Sep,Interlock,1,0,610125
INV-03495,2025,9,Q3,Sep,Interlock,1,0,610125
INV-03522,2025,9,Q3,Sep,Kalugal Moulds,1,0,610125
INV-03496,2025,9,Q3,Sep,Doors,1,0,610125
INV-03496,2025,9,Q3,Sep,Interlock,1,0,610125
INV-03496,2025,9,Q3,Sep,Loover,1,0,610125
INV-03514,2025,9,Q3,Sep,Flower Pots,1,0,610125
INV-03514,2025,9,Q3,Sep,Garden Animal Moulds,1,0,610125
INV-03514,2025,9,Q3,Sep,Interlock,1,0,610125
INV-03519,2025,9,Q3,Sep,Slab Moulds,1,0,610125
INV-03519,2025,9,Q3,Sep,Molding Pati,1,0,610125
INV-03529,2025,9,Q3,Sep,Kanu Moulds,1,0,610125
INV-03491,2025,9,Q3,Sep,Kalugal Moulds,1,0,610125
INV-03497,2025,9,Q3,Sep,Tables and Benches,1,0,610125
INV-03518,2025,9,Q3,Sep,Roofing Sheets,1,0,610125
INV-03518,2025,9,Q3,Sep,Doors,4,0,610125
INV-03523,2025,9,Q3,Sep,Interlock,1,0,610125
INV-03531,2025,9,Q3,Sep,Loover,1,0,610125
INV-03531,2025,9,Q3,Sep,Roofing Sheets,1,0,610125
INV-03515,2025,9,Q3,Sep,Bathik Tanks,1,0,610125
INV-03515,2025,9,Q3,Sep,Chemical Proof Tanks,1,0,610125
INV-03515,2025,9,Q3,Sep,Water Proof Tanks,1,0,610125
INV-03515,2025,9,Q3,Sep,Garden Animal Moulds,3,0,610125
INV-03520,2025,9,Q3,Sep,Roofing Sheets,1,0,610125
INV-03520,2025,9,Q3,Sep,Loover,1,0,610125
INV-03520,2025,9,Q3,Sep,Doors,1,0,610125
INV-03500,2025,9,Q3,Sep,Interlock,1,0,610125
INV-03501,2025,9,Q3,Sep,Kalugal Moulds,1,0,610125
INV-03501,2025,9,Q3,Sep,Silparan Kota,1,0,610125
INV-03501,2025,9,Q3,Sep,Molding Pati,5,0,610125
INV-03505,2025,9,Q3,Sep,Doors,1,0,610125
INV-03505,2025,9,Q3,Sep,Loover,1,0,610125
INV-03505,2025,9,Q3,Sep,Interlock,1,0,610125
INV-03534,2025,9,Q3,Sep,Molding Pati,4,0,610125
INV-03534,2025,9,Q3,Sep,Kanu Moulds,3,0,610125
INV-03534,2025,9,Q3,Sep,Silparan Kota,11,0,610125
INV-03534,2025,9,Q3,Sep,Kalugal Moulds,2,0,610125
INV-03511,2025,9,Q3,Sep,Chemical Proof Tanks,1,0,610125
INV-03511,2025,9,Q3,Sep,Bathik Tanks,1,0,610125
INV-03511,2025,9,Q3,Sep,Water Proof Tanks,1,0,610125
INV-03536,2025,9,Q3,Sep,Loover,1,0,610125
INV-03510,2025,9,Q3,Sep,Bathik Tanks,1,0,610125
INV-03498,2025,9,Q3,Sep,Interlock,1,0,610125
INV-03498,2025,9,Q3,Sep,Garden Animal Moulds,1,0,610125
INV-03498,2025,9,Q3,Sep,Flower Pots,1,0,610125
INV-03502,2025,9,Q3,Sep,Kalugal Moulds,1,0,610125
INV-03502,2025,9,Q3,Sep,Kanu Moulds,1,0,610125
INV-03516,2025,9,Q3,Sep,Flower Pots,12,0,610125
INV-03516,2025,9,Q3,Sep,Tables and Benches,1,0,610125
INV-03516,2025,9,Q3,Sep,Interlock,1,0,610125
INV-03516,2025,9,Q3,Sep,Kanu Moulds,1,0,610125
INV-03530,2025,9,Q3,Sep,Bathik Tanks,1,0,610125
INV-03530,2025,9,Q3,Sep,Water Proof Tanks,1,0,610125
INV-03489,2025,9,Q3,Sep,Kanu Moulds,1,0,610125
INV-03489,2025,9,Q3,Sep,Kalugal Moulds,1,0,610125
INV-03506,2025,9,Q3,Sep,Beeralu Moulds,2,0,610125
INV-03506,2025,9,Q3,Sep,Kalugal Moulds,1,0,610125
INV-03507,2025,9,Q3,Sep,Garden Animal Moulds,1,0,610125
INV-03507,2025,9,Q3,Sep,Flower Pots,2,0,610125
INV-03499,2025,9,Q3,Sep,Doors,1,0,610125
INV-03513,2025,9,Q3,Sep,Temple Items,1,0,610125
INV-03527,2025,9,Q3,Sep,Interlock,3,0,610125
INV-03527,2025,9,Q3,Sep,Flower Pots,11,0,610125
INV-03527,2025,9,Q3,Sep,Garden Animal Moulds,1,0,610125
INV-03527,2025,9,Q3,Sep,Tables and Benches,1,0,610125
INV-03485,2025,9,Q3,Sep,Bathik Tanks,1,0,610125
INV-03485,2025,9,Q3,Sep,Water Proof Tanks,1,0,610125
INV-03492,2025,9,Q3,Sep,Beeralu Moulds,4,0,610125
INV-03492,2025,9,Q3,Sep,Molding Pati,1,0,610125
INV-03521,2025,9,Q3,Sep,Roofing Sheets,1,0,610125
INV-03521,2025,9,Q3,Sep,Interlock,2,0,610125
INV-03521,2025,9,Q3,Sep,Loover,1,0,610125
INV-03486,2025,9,Q3,Sep,Kanu Moulds,2,0,610125
INV-03486,2025,9,Q3,Sep,Kalugal Moulds,1,0,610125
INV-03532,2025,9,Q3,Sep,Silparan Kota,5,0,610125
INV-03532,2025,9,Q3,Sep,Slab Moulds,2,0,610125
INV-03532,2025,9,Q3,Sep,Beeralu Moulds,1,0,610125
INV-03532,2025,9,Q3,Sep,Molding Pati,2,0,610125
INV-03488,2025,9,Q3,Sep,Loover,1,0,610125
INV-03488,2025,9,Q3,Sep,Doors,1,0,610125
INV-03490,2025,9,Q3,Sep,Beeralu Moulds,1,0,610125
INV-03490,2025,9,Q3,Sep,Molding Pati,2,0,610125
INV-03490,2025,9,Q3,Sep,Kanu Moulds,1,0,610125
INV-03503,2025,9,Q3,Sep,Flower Pots,2,0,610125
INV-03503,2025,9,Q3,Sep,Temple Items,1,0,610125
INV-03533,2025,9,Q3,Sep,Kalugal Moulds,1,0,610125
INV-03535,2025,9,Q3,Sep,Roofing Sheets,1,0,610125
INV-03535,2025,9,Q3,Sep,Loover,1,0,610125
INV-03535,2025,9,Q3,Sep,Interlock,2,0,610125
INV-03504,2025,9,Q3,Sep,Kanu Moulds,1,0,610125
INV-03504,2025,9,Q3,Sep,Beeralu Moulds,1,0,610125
INV-03504,2025,9,Q3,Sep,Slab Moulds,1,0,610125
INV-03494,2025,9,Q3,Sep,Silparan Kota,2,0,610125
INV-03528,2025,9,Q3,Sep,Doors,1,0,610125
INV-03528,2025,9,Q3,Sep,Roofing Sheets,1,0,610125
INV-03553,2025,10,Q4,Oct,Temple Items,1,0,456343
INV-03553,2025,10,Q4,Oct,Flower Pots,1,0,456343
INV-03553,2025,10,Q4,Oct,Garden Animal Moulds,1,0,456343
INV-03555,2025,10,Q4,Oct,Bathik Tanks,1,0,456343
INV-03555,2025,10,Q4,Oct,Water Proof Tanks,1,0,456343
INV-03555,2025,10,Q4,Oct,Chemical Proof Tanks,1,0,456343
INV-03567,2025,10,Q4,Oct,Roofing Sheets,1,0,456343
INV-03580,2025,10,Q4,Oct,Kanu Moulds,1,0,456343
INV-03587,2025,10,Q4,Oct,Water Proof Tanks,1,0,456343
INV-03542,2025,10,Q4,Oct,Garden Animal Moulds,1,0,456343
INV-03542,2025,10,Q4,Oct,Tables and Benches,1,0,456343
INV-03542,2025,10,Q4,Oct,Flower Pots,9,0,456343
INV-03543,2025,10,Q4,Oct,Bathik Tanks,1,0,456343
INV-03543,2025,10,Q4,Oct,Chemical Proof Tanks,1,0,456343
INV-03545,2025,10,Q4,Oct,Molding Pati,1,0,456343
INV-03561,2025,10,Q4,Oct,Interlock,1,0,456343
INV-03579,2025,10,Q4,Oct,Roofing Sheets,1,0,456343
INV-03590,2025,10,Q4,Oct,Loover,1,0,456343
INV-03539,2025,10,Q4,Oct,Kalugal Moulds,2,0,456343
INV-03539,2025,10,Q4,Oct,Molding Pati,3,0,456343
INV-03539,2025,10,Q4,Oct,Silparan Kota,1,1,456343
INV-03565,2025,10,Q4,Oct,Roofing Sheets,1,0,456343
INV-03565,2025,10,Q4,Oct,Interlock,1,0,456343
INV-03565,2025,10,Q4,Oct,Loover,1,0,456343
INV-03560,2025,10,Q4,Oct,Chemical Proof Tanks,1,0,456343
INV-03585,2025,10,Q4,Oct,Doors,2,0,456343
INV-03585,2025,10,Q4,Oct,Loover,4,0,456343
INV-03585,2025,10,Q4,Oct,Interlock,13,0,456343
INV-03571,2025,10,Q4,Oct,Temple Items,1,0,456343
INV-03572,2025,10,Q4,Oct,Roofing Sheets,1,0,456343
INV-03573,2025,10,Q4,Oct,Flower Pots,2,0,456343
INV-03573,2025,10,Q4,Oct,Tables and Benches,1,0,456343
INV-03581,2025,10,Q4,Oct,Molding Pati,4,0,456343
INV-03582,2025,10,Q4,Oct,Loover,1,0,456343
INV-03582,2025,10,Q4,Oct,Interlock,1,0,456343
INV-03582,2025,10,Q4,Oct,Doors,1,0,456343
INV-03592,2025,10,Q4,Oct,Silparan Kota,1,1,456343
INV-03592,2025,10,Q4,Oct,Kalugal Moulds,1,0,456343
INV-03588,2025,10,Q4,Oct,Garden Animal Moulds,1,0,456343
INV-03591,2025,10,Q4,Oct,Slab Moulds,1,0,456343
INV-03575,2025,10,Q4,Oct,Garden Animal Moulds,1,0,456343
INV-03575,2025,10,Q4,Oct,Flower Pots,1,0,456343
INV-03575,2025,10,Q4,Oct,Temple Items,1,0,456343
INV-03586,2025,10,Q4,Oct,Garden Animal Moulds,1,0,456343
INV-03586,2025,10,Q4,Oct,Tables and Benches,1,0,456343
INV-03540,2025,10,Q4,Oct,Tables and Benches,1,0,456343
INV-03540,2025,10,Q4,Oct,Interlock,2,0,456343
INV-03544,2025,10,Q4,Oct,Chemical Proof Tanks,1,0,456343
INV-03577,2025,10,Q4,Oct,Silparan Kota,1,1,456343
INV-03550,2025,10,Q4,Oct,Slab Moulds,1,0,456343
INV-03550,2025,10,Q4,Oct,Silparan Kota,2,1,456343
INV-03578,2025,10,Q4,Oct,Kanu Moulds,3,0,456343
INV-03578,2025,10,Q4,Oct,Kalugal Moulds,3,0,456343
INV-03559,2025,10,Q4,Oct,Doors,1,0,456343
INV-03559,2025,10,Q4,Oct,Loover,1,0,456343
INV-03558,2025,10,Q4,Oct,Silparan Kota,1,1,456343
INV-03558,2025,10,Q4,Oct,Kalugal Moulds,1,0,456343
INV-03569,2025,10,Q4,Oct,Garden Animal Moulds,1,0,456343
INV-03569,2025,10,Q4,Oct,Flower Pots,2,0,456343
INV-03569,2025,10,Q4,Oct,Tables and Benches,1,0,456343
INV-03554,2025,10,Q4,Oct,Flower Pots,3,0,456343
INV-03556,2025,10,Q4,Oct,Interlock,2,0,456343
INV-03556,2025,10,Q4,Oct,Flower Pots,16,0,456343
INV-03556,2025,10,Q4,Oct,Temple Items,1,0,456343
INV-03562,2025,10,Q4,Oct,Molding Pati,1,0,456343
INV-03562,2025,10,Q4,Oct,Slab Moulds,1,0,456343
INV-03564,2025,10,Q4,Oct,Loover,1,0,456343
INV-03589,2025,10,Q4,Oct,Kanu Moulds,8,0,456343
INV-03589,2025,10,Q4,Oct,Beeralu Moulds,4,0,456343
INV-03547,2025,10,Q4,Oct,Flower Pots,2,0,456343
INV-03547,2025,10,Q4,Oct,Temple Items,1,0,456343
INV-03549,2025,10,Q4,Oct,Tables and Benches,1,0,456343
INV-03549,2025,10,Q4,Oct,Interlock,2,0,456343
INV-03551,2025,10,Q4,Oct,Silparan Kota,1,1,456343
INV-03566,2025,10,Q4,Oct,Kanu Moulds,1,0,456343
INV-03566,2025,10,Q4,Oct,Molding Pati,1,0,456343
INV-03538,2025,10,Q4,Oct,Loover,1,0,456343
INV-03538,2025,10,Q4,Oct,Interlock,1,0,456343
INV-03538,2025,10,Q4,Oct,Doors,1,0,456343
INV-03552,2025,10,Q4,Oct,Water Proof Tanks,1,0,456343
INV-03552,2025,10,Q4,Oct,Chemical Proof Tanks,1,0,456343
INV-03563,2025,10,Q4,Oct,Interlock,1,0,456343
INV-03563,2025,10,Q4,Oct,Loover,1,0,456343
INV-03563,2025,10,Q4,Oct,Roofing Sheets,1,0,456343
INV-03568,2025,10,Q4,Oct,Interlock,1,0,456343
INV-03568,2025,10,Q4,Oct,Doors,1,0,456343
INV-03541,2025,10,Q4,Oct,Interlock,3,0,456343
INV-03541,2025,10,Q4,Oct,Loover,1,0,456343
INV-03574,2025,10,Q4,Oct,Kalugal Moulds,1,0,456343
INV-03574,2025,10,Q4,Oct,Silparan Kota,2,1,456343
INV-03584,2025,10,Q4,Oct,Flower Pots,3,0,456343
INV-03546,2025,10,Q4,Oct,Tables and Benches,1,0,456343
INV-03548,2025,10,Q4,Oct,Flower Pots,9,0,456343
INV-03548,2025,10,Q4,Oct,Garden Animal Moulds,1,0,456343
INV-03570,2025,10,Q4,Oct,Doors,1,0,456343
INV-03570,2025,10,Q4,Oct,Loover,1,0,456343
INV-03570,2025,10,Q4,Oct,Roofing Sheets,1,0,456343
INV-03557,2025,10,Q4,Oct,Molding Pati,1,0,456343
INV-03576,2025,10,Q4,Oct,Interlock,1,0,456343
INV-03576,2025,10,Q4,Oct,Flower Pots,6,0,456343
INV-03583,2025,10,Q4,Oct,Doors,1,0,456343
INV-03583,2025,10,Q4,Oct,Roofing Sheets,1,0,456343
INV-03595,2025,11,Q4,Nov,Water Proof Tanks,1,0,934776
INV-03595,2025,11,Q4,Nov,Bathik Tanks,1,0,934776
INV-03595,2025,11,Q4,Nov,Chemical Proof Tanks,1,0,934776
INV-03647,2025,11,Q4,Nov,Roofing Sheets,1,0,934776
INV-03669,2025,11,Q4,Nov,Garden Animal Moulds,1,0,934776
INV-03602,2025,11,Q4,Nov,Silparan Kota,1,1,934776
INV-03640,2025,11,Q4,Nov,Flower Pots,1,0,934776
INV-03677,2025,11,Q4,Nov,Kalugal Moulds,1,0,934776
INV-03597,2025,11,Q4,Nov,Slab Moulds,1,0,934776
INV-03597,2025,11,Q4,Nov,Silparan Kota,32,1,934776
INV-03675,2025,11,Q4,Nov,Temple Items,1,0,934776
INV-03609,2025,11,Q4,Nov,Molding Pati,1,0,934776
INV-03611,2025,11,Q4,Nov,Loover,1,1,934776
INV-03611,2025,11,Q4,Nov,Roofing Sheets,1,0,934776
INV-03611,2025,11,Q4,Nov,Interlock,1,0,934776
INV-03628,2025,11,Q4,Nov,Loover,1,1,934776
INV-03645,2025,11,Q4,Nov,Flower Pots,6,0,934776
INV-03645,2025,11,Q4,Nov,Temple Items,1,0,934776
INV-03593,2025,11,Q4,Nov,Chemical Proof Tanks,1,0,934776
INV-03615,2025,11,Q4,Nov,Bathik Tanks,1,0,934776
INV-03615,2025,11,Q4,Nov,Water Proof Tanks,1,0,934776
INV-03618,2025,11,Q4,Nov,Flower Pots,5,0,934776
INV-03618,2025,11,Q4,Nov,Tables and Benches,1,0,934776
INV-03680,2025,11,Q4,Nov,Garden Animal Moulds,1,0,934776
INV-03680,2025,11,Q4,Nov,Tables and Benches,1,0,934776
INV-03604,2025,11,Q4,Nov,Temple Items,1,0,934776
INV-03604,2025,11,Q4,Nov,Garden Animal Moulds,1,0,934776
INV-03604,2025,11,Q4,Nov,Flower Pots,1,0,934776
INV-03641,2025,11,Q4,Nov,Molding Pati,1,0,934776
INV-03660,2025,11,Q4,Nov,Flower Pots,1,0,934776
INV-03660,2025,11,Q4,Nov,Temple Items,1,0,934776
INV-03673,2025,11,Q4,Nov,Water Proof Tanks,1,0,934776
INV-03673,2025,11,Q4,Nov,Bathik Tanks,1,0,934776
INV-03623,2025,11,Q4,Nov,Kanu Moulds,1,0,934776
INV-03635,2025,11,Q4,Nov,Kanu Moulds,3,0,934776
INV-03635,2025,11,Q4,Nov,Kalugal Moulds,1,0,934776
INV-03635,2025,11,Q4,Nov,Slab Moulds,1,0,934776
INV-03665,2025,11,Q4,Nov,Flower Pots,2,0,934776
INV-03665,2025,11,Q4,Nov,Interlock,1,0,934776
INV-03644,2025,11,Q4,Nov,Silparan Kota,1,1,934776
INV-03644,2025,11,Q4,Nov,Molding Pati,6,0,934776
INV-03644,2025,11,Q4,Nov,Slab Moulds,1,0,934776
INV-03598,2025,11,Q4,Nov,Kalugal Moulds,1,0,934776
INV-03625,2025,11,Q4,Nov,Silparan Kota,4,1,934776
INV-03625,2025,11,Q4,Nov,Kanu Moulds,2,0,934776
INV-03642,2025,11,Q4,Nov,Kalugal Moulds,1,0,934776
INV-03658,2025,11,Q4,Nov,Chemical Proof Tanks,1,0,934776
INV-03658,2025,11,Q4,Nov,Water Proof Tanks,1,0,934776
INV-03670,2025,11,Q4,Nov,Doors,1,0,934776
INV-03670,2025,11,Q4,Nov,Loover,1,1,934776
INV-03605,2025,11,Q4,Nov,Water Proof Tanks,1,0,934776
INV-03605,2025,11,Q4,Nov,Chemical Proof Tanks,1,0,934776
INV-03605,2025,11,Q4,Nov,Bathik Tanks,1,0,934776
INV-03617,2025,11,Q4,Nov,Kalugal Moulds,1,0,934776
INV-03617,2025,11,Q4,Nov,Kanu Moulds,1,0,934776
INV-03617,2025,11,Q4,Nov,Silparan Kota,3,1,934776
INV-03627,2025,11,Q4,Nov,Slab Moulds,1,0,934776
INV-03636,2025,11,Q4,Nov,Loover,1,1,934776
INV-03636,2025,11,Q4,Nov,Interlock,1,0,934776
INV-03596,2025,11,Q4,Nov,Flower Pots,3,0,934776
INV-03596,2025,11,Q4,Nov,Tables and Benches,1,0,934776
INV-03621,2025,11,Q4,Nov,Interlock,2,0,934776
INV-03621,2025,11,Q4,Nov,Garden Animal Moulds,3,0,934776
INV-03621,2025,11,Q4,Nov,Tables and Benches,1,0,934776
INV-03621,2025,11,Q4,Nov,Flower Pots,4,0,934776
INV-03634,2025,11,Q4,Nov,Kalugal Moulds,1,0,934776
INV-03649,2025,11,Q4,Nov,Water Proof Tanks,1,0,934776
INV-03653,2025,11,Q4,Nov,Loover,1,1,934776
INV-03681,2025,11,Q4,Nov,Chemical Proof Tanks,1,0,934776
INV-03629,2025,11,Q4,Nov,Kanu Moulds,2,0,934776
INV-03629,2025,11,Q4,Nov,Silparan Kota,1,1,934776
INV-03632,2025,11,Q4,Nov,Roofing Sheets,1,0,934776
INV-03632,2025,11,Q4,Nov,Loover,1,1,934776
INV-03657,2025,11,Q4,Nov,Temple Items,1,0,934776
INV-03657,2025,11,Q4,Nov,Garden Animal Moulds,1,0,934776
INV-03657,2025,11,Q4,Nov,Flower Pots,4,0,934776
INV-03676,2025,11,Q4,Nov,Doors,2,0,934776
INV-03676,2025,11,Q4,Nov,Interlock,1,0,934776
INV-03620,2025,11,Q4,Nov,Silparan Kota,4,1,934776
INV-03651,2025,11,Q4,Nov,Kanu Moulds,1,0,934776
INV-03651,2025,11,Q4,Nov,Silparan Kota,1,1,934776
INV-03651,2025,11,Q4,Nov,Molding Pati,2,0,934776
INV-03600,2025,11,Q4,Nov,Temple Items,5,0,934776
INV-03600,2025,11,Q4,Nov,Garden Animal Moulds,77,0,934776
INV-03600,2025,11,Q4,Nov,Flower Pots,22,0,934776
INV-03619,2025,11,Q4,Nov,Garden Animal Moulds,2,0,934776
INV-03619,2025,11,Q4,Nov,Temple Items,1,0,934776
INV-03655,2025,11,Q4,Nov,Water Proof Tanks,1,0,934776
INV-03655,2025,11,Q4,Nov,Bathik Tanks,1,0,934776
INV-03655,2025,11,Q4,Nov,Chemical Proof Tanks,1,0,934776
INV-03661,2025,11,Q4,Nov,Flower Pots,1,0,934776
INV-03661,2025,11,Q4,Nov,Garden Animal Moulds,2,0,934776
INV-03674,2025,11,Q4,Nov,Bathik Tanks,1,0,934776
INV-03674,2025,11,Q4,Nov,Water Proof Tanks,1,0,934776
INV-03678,2025,11,Q4,Nov,Roofing Sheets,1,0,934776
INV-03612,2025,11,Q4,Nov,Beeralu Moulds,1,0,934776
INV-03612,2025,11,Q4,Nov,Silparan Kota,1,1,934776
INV-03622,2025,11,Q4,Nov,Slab Moulds,1,0,934776
INV-03626,2025,11,Q4,Nov,Interlock,2,0,934776
INV-03626,2025,11,Q4,Nov,Tables and Benches,3,0,934776
INV-03630,2025,11,Q4,Nov,Tables and Benches,1,0,934776
INV-03630,2025,11,Q4,Nov,Flower Pots,2,0,934776
INV-03650,2025,11,Q4,Nov,Kanu Moulds,1,0,934776
INV-03650,2025,11,Q4,Nov,Silparan Kota,2,1,934776
INV-03662,2025,11,Q4,Nov,Tables and Benches,1,0,934776
INV-03668,2025,11,Q4,Nov,Doors,1,0,934776
INV-03668,2025,11,Q4,Nov,Loover,1,1,934776
INV-03631,2025,11,Q4,Nov,Silparan Kota,5,1,934776
INV-03671,2025,11,Q4,Nov,Silparan Kota,1,1,934776
INV-03671,2025,11,Q4,Nov,Beeralu Moulds,2,0,934776
INV-03606,2025,11,Q4,Nov,Molding Pati,1,0,934776
INV-03606,2025,11,Q4,Nov,Silparan Kota,8,1,934776
INV-03606,2025,11,Q4,Nov,Beeralu Moulds,12,0,934776
INV-03606,2025,11,Q4,Nov,Tables and Benches,1,0,934776
INV-03610,2025,11,Q4,Nov,Kalugal Moulds,1,0,934776
INV-03610,2025,11,Q4,Nov,Beeralu Moulds,1,0,934776
INV-03638,2025,11,Q4,Nov,Loover,1,1,934776
INV-03638,2025,11,Q4,Nov,Doors,1,0,934776
INV-03664,2025,11,Q4,Nov,Interlock,1,0,934776
INV-03667,2025,11,Q4,Nov,Silparan Kota,1,1,934776
INV-03679,2025,11,Q4,Nov,Roofing Sheets,1,0,934776
INV-03679,2025,11,Q4,Nov,Loover,1,1,934776
INV-03613,2025,11,Q4,Nov,Interlock,1,0,934776
INV-03613,2025,11,Q4,Nov,Flower Pots,1,0,934776
INV-03613,2025,11,Q4,Nov,Garden Animal Moulds,2,0,934776
INV-03646,2025,11,Q4,Nov,Flower Pots,2,0,934776
INV-03646,2025,11,Q4,Nov,Garden Animal Moulds,6,0,934776
INV-03654,2025,11,Q4,Nov,Slab Moulds,1,0,934776
INV-03654,2025,11,Q4,Nov,Molding Pati,1,0,934776
INV-03654,2025,11,Q4,Nov,Kanu Moulds,1,0,934776
INV-03663,2025,11,Q4,Nov,Kalugal Moulds,1,0,934776
INV-03663,2025,11,Q4,Nov,Silparan Kota,1,1,934776
INV-03607,2025,11,Q4,Nov,Garden Animal Moulds,1,0,934776
INV-03652,2025,11,Q4,Nov,Doors,1,0,934776
INV-03656,2025,11,Q4,Nov,Beeralu Moulds,2,0,934776
INV-03656,2025,11,Q4,Nov,Kanu Moulds,1,0,934776
INV-03656,2025,11,Q4,Nov,Silparan Kota,1,1,934776
INV-03659,2025,11,Q4,Nov,Kanu Moulds,1,0,934776
INV-03659,2025,11,Q4,Nov,Slab Moulds,1,0,934776
INV-03659,2025,11,Q4,Nov,Silparan Kota,4,1,934776
INV-03666,2025,11,Q4,Nov,Beeralu Moulds,4,0,934776
INV-03666,2025,11,Q4,Nov,Kalugal Moulds,1,0,934776
INV-03599,2025,11,Q4,Nov,Doors,1,0,934776
INV-03599,2025,11,Q4,Nov,Loover,1,1,934776
INV-03614,2025,11,Q4,Nov,Interlock,1,0,934776
INV-03633,2025,11,Q4,Nov,Garden Animal Moulds,1,0,934776
INV-03633,2025,11,Q4,Nov,Temple Items,1,0,934776
INV-03633,2025,11,Q4,Nov,Flower Pots,1,0,934776
INV-03594,2025,11,Q4,Nov,Roofing Sheets,1,0,934776
INV-03594,2025,11,Q4,Nov,Interlock,2,0,934776
INV-03594,2025,11,Q4,Nov,Doors,1,0,934776
INV-03637,2025,11,Q4,Nov,Roofing Sheets,1,0,934776
INV-03637,2025,11,Q4,Nov,Interlock,1,0,934776
INV-03643,2025,11,Q4,Nov,Doors,1,0,934776
INV-03643,2025,11,Q4,Nov,Interlock,2,0,934776
INV-03648,2025,11,Q4,Nov,Garden Animal Moulds,2,0,934776
INV-03648,2025,11,Q4,Nov,Flower Pots,1,0,934776
INV-03648,2025,11,Q4,Nov,Tables and Benches,1,0,934776
INV-03648,2025,11,Q4,Nov,Interlock,4,0,934776
INV-03608,2025,11,Q4,Nov,Slab Moulds,1,0,934776
INV-03624,2025,11,Q4,Nov,Loover,1,1,934776
INV-03672,2025,11,Q4,Nov,Bathik Tanks,1,0,934776
INV-03672,2025,11,Q4,Nov,Water Proof Tanks,1,0,934776
INV-03672,2025,11,Q4,Nov,Chemical Proof Tanks,1,0,934776
INV-03672,2025,11,Q4,Nov,Kalugal Moulds,7,0,934776
INV-03601,2025,11,Q4,Nov,Molding Pati,4,0,934776
INV-03601,2025,11,Q4,Nov,Beeralu Moulds,1,0,934776
INV-03601,2025,11,Q4,Nov,Slab Moulds,1,0,934776
INV-03616,2025,11,Q4,Nov,Garden Animal Moulds,2,0,934776
INV-03616,2025,11,Q4,Nov,Interlock,1,0,934776
INV-03616,2025,11,Q4,Nov,Tables and Benches,1,0,934776
INV-03603,2025,11,Q4,Nov,Tables and Benches,1,0,934776
INV-03603,2025,11,Q4,Nov,Flower Pots,3,0,934776
INV-03603,2025,11,Q4,Nov,Interlock,5,0,934776
INV-03639,2025,11,Q4,Nov,Garden Animal Moulds,1,0,934776
INV-03683,2025,12,Q4,Dec,Beeralu Moulds,4,0,511567
INV-03718,2025,12,Q4,Dec,Slab Moulds,1,0,511567
INV-03718,2025,12,Q4,Dec,Beeralu Moulds,2,0,511567
INV-03732,2025,12,Q4,Dec,Silparan Kota,2,0,511567
INV-03725,2025,12,Q4,Dec,Loover,1,1,511567
INV-03685,2025,12,Q4,Dec,Tables and Benches,1,1,511567
INV-03730,2025,12,Q4,Dec,Kalugal Moulds,3,0,511567
INV-03730,2025,12,Q4,Dec,Molding Pati,4,0,511567
INV-03730,2025,12,Q4,Dec,Beeralu Moulds,1,0,511567
INV-03688,2025,12,Q4,Dec,Slab Moulds,1,0,511567
INV-03694,2025,12,Q4,Dec,Beeralu Moulds,1,0,511567
INV-03723,2025,12,Q4,Dec,Tables and Benches,1,1,511567
INV-03723,2025,12,Q4,Dec,Flower Pots,3,1,511567
INV-03703,2025,12,Q4,Dec,Kanu Moulds,1,0,511567
INV-03706,2025,12,Q4,Dec,Beeralu Moulds,1,0,511567
INV-03706,2025,12,Q4,Dec,Kanu Moulds,3,0,511567
INV-03728,2025,12,Q4,Dec,Molding Pati,1,0,511567
INV-03728,2025,12,Q4,Dec,Beeralu Moulds,12,0,511567
INV-03728,2025,12,Q4,Dec,Slab Moulds,1,0,511567
INV-03728,2025,12,Q4,Dec,Kalugal Moulds,1,0,511567
INV-03731,2025,12,Q4,Dec,Slab Moulds,1,0,511567
INV-03731,2025,12,Q4,Dec,Silparan Kota,2,0,511567
INV-03731,2025,12,Q4,Dec,Molding Pati,1,0,511567
INV-03712,2025,12,Q4,Dec,Bathik Tanks,1,0,511567
INV-03712,2025,12,Q4,Dec,Chemical Proof Tanks,1,0,511567
INV-03717,2025,12,Q4,Dec,Silparan Kota,1,0,511567
INV-03721,2025,12,Q4,Dec,Flower Pots,1,1,511567
INV-03708,2025,12,Q4,Dec,Tables and Benches,1,1,511567
INV-03708,2025,12,Q4,Dec,Interlock,1,0,511567
INV-03708,2025,12,Q4,Dec,Flower Pots,6,1,511567
INV-03708,2025,12,Q4,Dec,Garden Animal Moulds,2,0,511567
INV-03693,2025,12,Q4,Dec,Temple Items,1,1,511567
INV-03709,2025,12,Q4,Dec,Flower Pots,1,1,511567
INV-03709,2025,12,Q4,Dec,Tables and Benches,1,1,511567
INV-03709,2025,12,Q4,Dec,Garden Animal Moulds,2,0,511567
INV-03722,2025,12,Q4,Dec,Water Proof Tanks,1,0,511567
INV-03722,2025,12,Q4,Dec,Chemical Proof Tanks,1,0,511567
INV-03699,2025,12,Q4,Dec,Bathik Tanks,1,0,511567
INV-03699,2025,12,Q4,Dec,Water Proof Tanks,1,0,511567
INV-03699,2025,12,Q4,Dec,Chemical Proof Tanks,1,0,511567
INV-03710,2025,12,Q4,Dec,Water Proof Tanks,1,0,511567
INV-03710,2025,12,Q4,Dec,Bathik Tanks,1,0,511567
INV-03710,2025,12,Q4,Dec,Chemical Proof Tanks,1,0,511567
INV-03720,2025,12,Q4,Dec,Chemical Proof Tanks,1,0,511567
INV-03714,2025,12,Q4,Dec,Roofing Sheets,1,1,511567
INV-03714,2025,12,Q4,Dec,Loover,2,1,511567
INV-03695,2025,12,Q4,Dec,Flower Pots,4,1,511567
INV-03695,2025,12,Q4,Dec,Temple Items,1,1,511567
INV-03695,2025,12,Q4,Dec,Garden Animal Moulds,1,0,511567
INV-03707,2025,12,Q4,Dec,Kalugal Moulds,1,0,511567
INV-03707,2025,12,Q4,Dec,Slab Moulds,6,0,511567
INV-03707,2025,12,Q4,Dec,Kanu Moulds,9,0,511567
INV-03707,2025,12,Q4,Dec,Silparan Kota,5,0,511567
INV-03689,2025,12,Q4,Dec,Garden Animal Moulds,3,0,511567
INV-03689,2025,12,Q4,Dec,Tables and Benches,1,1,511567
INV-03689,2025,12,Q4,Dec,Interlock,1,0,511567
INV-03689,2025,12,Q4,Dec,Flower Pots,5,1,511567
INV-03716,2025,12,Q4,Dec,Flower Pots,1,1,511567
INV-03716,2025,12,Q4,Dec,Interlock,1,0,511567
INV-03682,2025,12,Q4,Dec,Interlock,1,0,511567
INV-03682,2025,12,Q4,Dec,Roofing Sheets,1,1,511567
INV-03700,2025,12,Q4,Dec,Bathik Tanks,1,0,511567
INV-03700,2025,12,Q4,Dec,Chemical Proof Tanks,1,0,511567
INV-03700,2025,12,Q4,Dec,Water Proof Tanks,1,0,511567
INV-03705,2025,12,Q4,Dec,Interlock,8,0,511567
INV-03705,2025,12,Q4,Dec,Roofing Sheets,1,1,511567
INV-03705,2025,12,Q4,Dec,Doors,1,0,511567
INV-03724,2025,12,Q4,Dec,Garden Animal Moulds,1,0,511567
INV-03724,2025,12,Q4,Dec,Flower Pots,1,1,511567
INV-03733,2025,12,Q4,Dec,Interlock,1,0,511567
INV-03686,2025,12,Q4,Dec,Bathik Tanks,1,0,511567
INV-03690,2025,12,Q4,Dec,Roofing Sheets,1,1,511567
INV-03690,2025,12,Q4,Dec,Doors,1,0,511567
INV-03727,2025,12,Q4,Dec,Beeralu Moulds,2,0,511567
INV-03692,2025,12,Q4,Dec,Slab Moulds,1,0,511567
INV-03692,2025,12,Q4,Dec,Silparan Kota,5,0,511567
INV-03692,2025,12,Q4,Dec,Beeralu Moulds,1,0,511567
INV-03696,2025,12,Q4,Dec,Chemical Proof Tanks,1,0,511567
INV-03696,2025,12,Q4,Dec,Water Proof Tanks,1,0,511567
INV-03715,2025,12,Q4,Dec,Roofing Sheets,1,1,511567
INV-03715,2025,12,Q4,Dec,Interlock,1,0,511567
INV-03715,2025,12,Q4,Dec,Loover,1,1,511567
INV-03715,2025,12,Q4,Dec,Doors,1,0,511567
INV-03698,2025,12,Q4,Dec,Roofing Sheets,1,1,511567
INV-03698,2025,12,Q4,Dec,Doors,2,0,511567
INV-03702,2025,12,Q4,Dec,Loover,1,1,511567
INV-03702,2025,12,Q4,Dec,Doors,1,0,511567
INV-03702,2025,12,Q4,Dec,Roofing Sheets,1,1,511567
INV-03729,2025,12,Q4,Dec,Doors,1,0,511567
INV-03719,2025,12,Q4,Dec,Molding Pati,1,0,511567
INV-03719,2025,12,Q4,Dec,Silparan Kota,1,0,511567
INV-03701,2025,12,Q4,Dec,Slab Moulds,1,0,511567
INV-03701,2025,12,Q4,Dec,Kalugal Moulds,1,0,511567
INV-03701,2025,12,Q4,Dec,Molding Pati,1,0,511567
INV-03711,2025,12,Q4,Dec,Tables and Benches,1,1,511567
INV-03711,2025,12,Q4,Dec,Flower Pots,1,1,511567
INV-03711,2025,12,Q4,Dec,Garden Animal Moulds,1,0,511567
INV-03726,2025,12,Q4,Dec,Kanu Moulds,1,0,511567
INV-03726,2025,12,Q4,Dec,Kalugal Moulds,1,0,511567
INV-03734,2025,12,Q4,Dec,Beeralu Moulds,5,0,511567
INV-03734,2025,12,Q4,Dec,Kalugal Moulds,2,0,511567
INV-03713,2025,12,Q4,Dec,Beeralu Moulds,1,0,511567
INV-03697,2025,12,Q4,Dec,Kalugal Moulds,1,0,511567
INV-03697,2025,12,Q4,Dec,Silparan Kota,2,0,511567
INV-03697,2025,12,Q4,Dec,Molding Pati,1,0,511567
INV-03704,2025,12,Q4,Dec,Doors,1,0,511567
INV-03704,2025,12,Q4,Dec,Roofing Sheets,1,1,511567
INV-03684,2025,12,Q4,Dec,Flower Pots,3,1,511567
INV-03687,2025,12,Q4,Dec,Beeralu Moulds,2,0,511567
INV-03687,2025,12,Q4,Dec,Silparan Kota,5,0,511567
INV-03687,2025,12,Q4,Dec,Kanu Moulds,14,0,511567
INV-03691,2025,12,Q4,Dec,Garden Animal Moulds,1,0,511567
INV-03691,2025,12,Q4,Dec,Tables and Benches,1,1,511567
